employee_id,employee_name,tasks_completed,average_task_quality,projects_led,client_satisfaction_score,hours_worked,deadline_met_score,innovation_score,efficiency_score,performance_rating
1001,Employee 1001,37,6.0,0,67.0,34,5.0,1.0,7.0,Low
1002,Employee 1002,55,5.0,0,66.0,45,6.0,7.0,6.0,Low
1003,Employee 1003,28,7.0,3,60.0,49,5.0,2.0,9.0,Low
1004,Employee 1004,29,7.0,0,82.0,33,5.0,6.0,9.0,Low
1005,Employee 1005,26,7.0,2,88.0,49,5.0,2.0,5.0,Low
1006,Employee 1006,35,5.0,4,56.0,46,8.0,2.0,8.0,Low
1007,Employee 1007,51,8.0,0,57.0,33,6.0,9.0,5.0,Low
1008,Employee 1008,22,5.0,2,61.0,44,9.0,6.0,7.0,Low
1009,Employee 1009,51,7.0,0,69.0,46,9.0,9.0,8.0,Low
1010,Employee 1010,53,6.0,4,73.0,40,7.0,3.0,9.0,Low
1011,Employee 1011,30,6.0,3,88.0,30,7.0,3.0,8.0,Low
1012,Employee 1012,47,5.0,1,93.0,37,9.0,1.0,8.0,Low
1013,Employee 1013,54,5.0,1,97.0,33,6.0,5.0,5.0,Low
1014,Employee 1014,34,5.0,1,50.0,49,7.0,1.0,9.0,Low
1015,Employee 1015,40,6.0,1,72.0,33,8.0,1.0,8.0,Low
1016,Employee 1016,29,7.0,3,84.0,31,6.0,4.0,6.0,Low
1017,Employee 1017,31,5.0,0,99.0,46,7.0,8.0,6.0,Low
1018,Employee 1018,32,5.0,0,93.0,49,7.0,6.0,9.0,Low
1019,Employee 1019,43,9.0,2,55.0,44,5.0,6.0,7.0,Low
1020,Employee 1020,43,5.0,0,61.0,34,7.0,1.0,6.0,Low
1021,Employee 1021,54,8.0,4,85.0,47,5.0,1.0,7.0,Low
1022,Employee 1022,25,7.0,1,84.0,35,7.0,9.0,8.0,Low
1023,Employee 1023,22,6.0,2,60.0,39,6.0,1.0,5.0,Low
1024,Employee 1024,56,5.0,1,54.0,38,6.0,7.0,5.0,Low
1025,Employee 1025,34,5.0,3,79.0,33,5.0,5.0,8.0,Low
1026,Employee 1026,36,7.0,4,89.0,38,8.0,1.0,8.0,Low
1027,Employee 1027,50,7.0,1,88.0,44,8.0,5.0,8.0,Low
1028,Employee 1028,40,7.0,0,62.0,41,8.0,6.0,5.0,Low
1029,Employee 1029,44,5.0,4,96.0,30,7.0,6.0,5.0,Low
1030,Employee 1030,55,8.0,3,85.0,36,7.0,7.0,5.0,Low
1031,Employee 1031,23,7.0,4,97.0,47,8.0,6.0,8.0,Low
1032,Employee 1032,50,9.0,4,59.0,32,8.0,4.0,5.0,Low
1033,Employee 1033,25,8.0,4,70.0,42,6.0,3.0,8.0,Low
1034,Employee 1034,21,9.0,4,53.0,41,6.0,1.0,5.0,Low
1035,Employee 1035,52,6.0,0,88.0,42,6.0,6.0,5.0,Low
1036,Employee 1036,40,6.0,4,78.0,39,6.0,8.0,6.0,Low
1037,Employee 1037,59,8.0,3,57.0,47,6.0,7.0,9.0,Low
1038,Employee 1038,50,5.0,1,59.0,43,5.0,9.0,7.0,Low
1039,Employee 1039,20,7.0,2,76.0,33,6.0,6.0,5.0,Low
1040,Employee 1040,21,5.0,2,96.0,47,9.0,4.0,9.0,Low
1041,Employee 1041,49,6.0,0,99.0,33,6.0,4.0,6.0,Low
1042,Employee 1042,52,5.0,0,57.0,38,7.0,5.0,9.0,Low
1043,Employee 1043,52,9.0,0,60.0,43,7.0,3.0,9.0,Low
1044,Employee 1044,38,8.0,0,92.0,36,7.0,9.0,8.0,Low
1045,Employee 1045,27,8.0,3,55.0,45,8.0,6.0,5.0,Low
1046,Employee 1046,47,6.0,4,56.0,39,8.0,7.0,8.0,Low
1047,Employee 1047,32,5.0,4,57.0,48,9.0,4.0,6.0,Low
1048,Employee 1048,43,9.0,0,94.0,31,7.0,2.0,8.0,Low
1049,Employee 1049,49,9.0,2,54.0,42,9.0,1.0,5.0,Low
1050,Employee 1050,43,8.0,1,78.0,40,9.0,7.0,8.0,Low
1051,Employee 1051,34,8.0,0,98.0,41,9.0,6.0,9.0,Low
1052,Employee 1052,41,9.0,0,66.0,34,9.0,4.0,5.0,Low
1053,Employee 1053,55,6.0,0,85.0,40,8.0,6.0,8.0,Low
1054,Employee 1054,53,9.0,3,87.0,49,8.0,1.0,6.0,Low
1055,Employee 1055,57,5.0,3,65.0,40,6.0,2.0,8.0,Low
1056,Employee 1056,28,5.0,3,93.0,45,6.0,2.0,6.0,Low
1057,Employee 1057,21,6.0,4,99.0,35,6.0,4.0,7.0,Low
1058,Employee 1058,26,7.0,4,94.0,39,8.0,5.0,8.0,Low
1059,Employee 1059,35,6.0,1,99.0,41,9.0,6.0,7.0,Low
1060,Employee 1060,37,9.0,3,51.0,31,9.0,9.0,6.0,Low
1061,Employee 1061,36,7.0,1,73.0,35,7.0,4.0,7.0,Low
1062,Employee 1062,46,5.0,4,54.0,49,5.0,9.0,8.0,Low
1063,Employee 1063,49,9.0,0,73.0,40,7.0,9.0,8.0,Low
1064,Employee 1064,34,5.0,1,68.0,41,6.0,2.0,7.0,Low
1065,Employee 1065,41,6.0,0,63.0,47,6.0,2.0,8.0,Low
1066,Employee 1066,33,7.0,0,63.0,38,8.0,8.0,7.0,Low
1067,Employee 1067,33,8.0,0,86.0,39,9.0,2.0,6.0,Low
1068,Employee 1068,27,7.0,0,82.0,36,6.0,5.0,7.0,Low
1069,Employee 1069,53,5.0,3,86.0,42,6.0,3.0,6.0,Low
1070,Employee 1070,35,6.0,2,79.0,34,8.0,5.0,9.0,Low
1071,Employee 1071,48,9.0,4,65.0,34,6.0,5.0,5.0,Low
1072,Employee 1072,57,8.0,3,88.0,32,8.0,8.0,7.0,Low
1073,Employee 1073,21,7.0,1,91.0,43,6.0,7.0,8.0,Low
1074,Employee 1074,52,5.0,0,71.0,43,9.0,9.0,6.0,Low
1075,Employee 1075,56,5.0,2,96.0,44,7.0,8.0,6.0,Low
1076,Employee 1076,20,8.0,0,54.0,47,7.0,6.0,9.0,Low
1077,Employee 1077,58,5.0,4,99.0,40,5.0,8.0,6.0,Low
1078,Employee 1078,58,7.0,4,61.0,49,6.0,4.0,5.0,Low
1079,Employee 1079,38,5.0,2,65.0,36,9.0,4.0,6.0,Low
1080,Employee 1080,20,5.0,3,92.0,46,9.0,2.0,7.0,Low
1081,Employee 1081,22,7.0,2,53.0,43,9.0,2.0,9.0,Low
1082,Employee 1082,58,7.0,0,54.0,33,6.0,2.0,8.0,Low
1083,Employee 1083,46,8.0,3,75.0,38,5.0,7.0,5.0,Low
1084,Employee 1084,57,5.0,3,68.0,34,8.0,8.0,8.0,Low
1085,Employee 1085,30,7.0,2,61.0,48,6.0,8.0,8.0,Low
1086,Employee 1086,48,6.0,1,64.0,43,7.0,3.0,7.0,Low
1087,Employee 1087,48,6.0,2,79.0,49,9.0,4.0,6.0,Low
1088,Employee 1088,50,8.0,4,59.0,32,6.0,7.0,5.0,Low
1089,Employee 1089,22,7.0,0,51.0,46,5.0,2.0,9.0,Low
1090,Employee 1090,47,8.0,1,85.0,45,6.0,1.0,5.0,Low
1091,Employee 1091,33,5.0,2,57.0,48,7.0,1.0,5.0,Low
1092,Employee 1092,40,7.0,0,81.0,48,6.0,5.0,5.0,Low
1093,Employee 1093,48,5.0,1,95.0,37,7.0,5.0,5.0,Low
1094,Employee 1094,34,7.0,1,65.0,37,5.0,7.0,9.0,Low
1095,Employee 1095,46,6.0,3,53.0,48,9.0,2.0,6.0,Low
1096,Employee 1096,33,8.0,3,51.0,49,5.0,5.0,6.0,Low
1097,Employee 1097,23,9.0,1,56.0,36,5.0,3.0,6.0,Low
1098,Employee 1098,25,5.0,4,88.0,49,8.0,9.0,7.0,Low
1099,Employee 1099,55,6.0,4,61.0,37,7.0,2.0,7.0,Low
1100,Employee 1100,24,8.0,3,87.0,38,8.0,7.0,6.0,Low
1101,Employee 1101,45,7.0,1,89.0,32,6.0,2.0,5.0,Low
1102,Employee 1102,52,9.0,1,63.0,40,9.0,1.0,6.0,Low
1103,Employee 1103,42,5.0,4,69.0,45,9.0,9.0,7.0,Low
1104,Employee 1104,21,5.0,0,84.0,34,6.0,6.0,8.0,Low
1105,Employee 1105,43,9.0,1,79.0,43,7.0,8.0,9.0,Low
1106,Employee 1106,25,7.0,3,58.0,36,9.0,8.0,7.0,Low
1107,Employee 1107,52,6.0,4,62.0,34,5.0,1.0,9.0,Low
1108,Employee 1108,26,8.0,2,56.0,33,8.0,4.0,8.0,Low
1109,Employee 1109,51,6.0,1,95.0,37,8.0,1.0,7.0,Low
1110,Employee 1110,41,5.0,0,63.0,32,5.0,6.0,6.0,Low
1111,Employee 1111,25,7.0,3,67.0,39,8.0,5.0,5.0,Low
1112,Employee 1112,44,5.0,1,66.0,33,8.0,9.0,7.0,Low
1113,Employee 1113,26,9.0,4,71.0,49,7.0,6.0,9.0,Low
1114,Employee 1114,47,5.0,2,68.0,36,9.0,2.0,9.0,Low
1115,Employee 1115,56,6.0,4,73.0,36,9.0,4.0,6.0,Low
1116,Employee 1116,21,9.0,2,96.0,41,6.0,6.0,7.0,Low
1117,Employee 1117,51,9.0,1,59.0,30,9.0,4.0,5.0,Low
1118,Employee 1118,26,6.0,2,64.0,41,8.0,3.0,8.0,Low
1119,Employee 1119,54,8.0,0,65.0,32,8.0,7.0,8.0,Low
1120,Employee 1120,49,8.0,1,62.0,47,5.0,1.0,9.0,Low
1121,Employee 1121,43,7.0,1,95.0,35,9.0,8.0,9.0,Low
1122,Employee 1122,38,7.0,2,65.0,41,6.0,5.0,6.0,Low
1123,Employee 1123,36,7.0,2,58.0,35,9.0,8.0,7.0,Low
1124,Employee 1124,33,6.0,3,90.0,48,9.0,7.0,8.0,Low
1125,Employee 1125,26,6.0,4,99.0,42,5.0,2.0,6.0,Low
1126,Employee 1126,38,8.0,0,98.0,44,5.0,8.0,8.0,Low
1127,Employee 1127,27,9.0,0,88.0,35,9.0,7.0,7.0,Low
1128,Employee 1128,36,7.0,4,62.0,32,7.0,6.0,6.0,Low
1129,Employee 1129,42,5.0,4,70.0,41,8.0,1.0,9.0,Low
1130,Employee 1130,38,5.0,2,93.0,41,8.0,6.0,6.0,Low
1131,Employee 1131,58,6.0,0,94.0,31,6.0,6.0,7.0,Low
1132,Employee 1132,30,5.0,0,99.0,40,8.0,4.0,6.0,Low
1133,Employee 1133,53,9.0,4,99.0,41,7.0,4.0,7.0,Low
1134,Employee 1134,27,8.0,2,86.0,39,6.0,7.0,8.0,Low
1135,Employee 1135,43,7.0,4,76.0,32,9.0,7.0,9.0,Low
1136,Employee 1136,40,9.0,0,85.0,32,9.0,8.0,7.0,Low
1137,Employee 1137,39,5.0,1,57.0,47,9.0,4.0,5.0,Low
1138,Employee 1138,33,8.0,2,90.0,43,7.0,8.0,9.0,Low
1139,Employee 1139,53,7.0,4,92.0,35,5.0,5.0,9.0,Low
1140,Employee 1140,48,6.0,4,61.0,39,9.0,7.0,7.0,Low
1141,Employee 1141,44,8.0,2,56.0,35,7.0,4.0,7.0,Low
1142,Employee 1142,51,9.0,0,57.0,46,7.0,9.0,6.0,Low
1143,Employee 1143,56,8.0,1,94.0,43,9.0,3.0,5.0,Low
1144,Employee 1144,55,7.0,0,79.0,41,6.0,3.0,7.0,Low
1145,Employee 1145,58,7.0,1,96.0,38,8.0,1.0,9.0,Low
1146,Employee 1146,48,8.0,0,94.0,43,5.0,8.0,6.0,Low
1147,Employee 1147,53,7.0,2,83.0,32,5.0,5.0,6.0,Low
1148,Employee 1148,51,7.0,4,54.0,47,5.0,5.0,9.0,Low
1149,Employee 1149,25,9.0,0,69.0,32,9.0,4.0,9.0,Low
1150,Employee 1150,49,5.0,4,93.0,41,6.0,7.0,9.0,Low
1151,Employee 1151,31,8.0,3,88.0,41,8.0,2.0,8.0,Low
1152,Employee 1152,49,8.0,4,97.0,47,9.0,3.0,6.0,Low
1153,Employee 1153,51,8.0,2,73.0,46,7.0,8.0,9.0,Low
1154,Employee 1154,36,8.0,1,94.0,44,8.0,9.0,9.0,Low
1155,Employee 1155,24,6.0,0,98.0,39,6.0,5.0,9.0,Low
1156,Employee 1156,37,6.0,0,65.0,49,5.0,1.0,6.0,Low
1157,Employee 1157,20,5.0,1,53.0,34,5.0,7.0,5.0,Low
1158,Employee 1158,31,5.0,3,57.0,46,9.0,2.0,7.0,Low
1159,Employee 1159,46,9.0,1,98.0,33,7.0,8.0,6.0,Low
1160,Employee 1160,49,5.0,1,92.0,44,7.0,7.0,7.0,Low
1161,Employee 1161,49,6.0,3,78.0,30,7.0,1.0,6.0,Low
1162,Employee 1162,20,8.0,4,89.0,30,7.0,9.0,9.0,Low
1163,Employee 1163,24,7.0,2,66.0,47,7.0,2.0,9.0,Low
1164,Employee 1164,47,6.0,1,76.0,45,7.0,2.0,6.0,Low
1165,Employee 1165,39,9.0,1,55.0,30,9.0,1.0,5.0,Low
1166,Employee 1166,25,5.0,0,51.0,49,9.0,7.0,6.0,Low
1167,Employee 1167,51,9.0,2,57.0,37,5.0,6.0,6.0,Low
1168,Employee 1168,23,8.0,1,54.0,48,5.0,3.0,5.0,Low
1169,Employee 1169,42,6.0,1,94.0,38,5.0,6.0,9.0,Low
1170,Employee 1170,28,9.0,2,58.0,48,7.0,6.0,5.0,Low
1171,Employee 1171,49,5.0,2,51.0,33,5.0,6.0,5.0,Low
1172,Employee 1172,47,8.0,1,77.0,40,7.0,7.0,5.0,Low
1173,Employee 1173,35,7.0,0,83.0,46,6.0,8.0,8.0,Low
1174,Employee 1174,31,9.0,1,84.0,34,9.0,4.0,7.0,Low
1175,Employee 1175,59,7.0,0,87.0,32,6.0,1.0,9.0,Low
1176,Employee 1176,30,9.0,2,94.0,32,9.0,3.0,5.0,Low
1177,Employee 1177,28,7.0,4,80.0,38,7.0,1.0,8.0,Low
1178,Employee 1178,54,9.0,4,94.0,30,9.0,7.0,9.0,Low
1179,Employee 1179,33,6.0,4,69.0,48,7.0,1.0,5.0,Low
1180,Employee 1180,56,9.0,0,55.0,32,6.0,4.0,6.0,Low
1181,Employee 1181,54,8.0,4,72.0,33,8.0,3.0,6.0,Low
1182,Employee 1182,26,5.0,0,72.0,32,6.0,4.0,5.0,Low
1183,Employee 1183,34,9.0,0,90.0,44,6.0,9.0,9.0,Low
1184,Employee 1184,25,6.0,2,89.0,48,8.0,1.0,8.0,Low
1185,Employee 1185,36,9.0,3,72.0,36,8.0,2.0,9.0,Low
1186,Employee 1186,52,5.0,3,52.0,32,8.0,9.0,8.0,Low
1187,Employee 1187,54,9.0,1,99.0,43,6.0,5.0,7.0,Low
1188,Employee 1188,26,7.0,3,99.0,48,6.0,1.0,6.0,Low
1189,Employee 1189,52,7.0,3,58.0,36,8.0,7.0,7.0,Low
1190,Employee 1190,52,8.0,3,93.0,39,8.0,8.0,8.0,Low
1191,Employee 1191,58,5.0,4,85.0,44,7.0,6.0,9.0,Low
1192,Employee 1192,39,7.0,4,99.0,34,6.0,6.0,5.0,Low
1193,Employee 1193,57,7.0,2,83.0,32,8.0,1.0,6.0,Low
1194,Employee 1194,43,9.0,3,80.0,31,5.0,8.0,5.0,Low
1195,Employee 1195,24,9.0,4,61.0,42,9.0,6.0,6.0,Low
1196,Employee 1196,46,5.0,1,50.0,33,5.0,9.0,7.0,Low
1197,Employee 1197,45,8.0,3,84.0,42,7.0,8.0,5.0,Low
1198,Employee 1198,44,6.0,1,83.0,34,6.0,6.0,9.0,Low
1199,Employee 1199,39,9.0,0,76.0,38,6.0,7.0,7.0,Low
1200,Employee 1200,23,6.0,1,84.0,38,9.0,6.0,5.0,Low
1201,Employee 1201,41,8.0,2,53.0,48,6.0,2.0,6.0,Low
1202,Employee 1202,47,7.0,3,65.0,32,8.0,2.0,6.0,Low
1203,Employee 1203,20,6.0,1,60.0,49,5.0,1.0,5.0,Low
1204,Employee 1204,44,9.0,0,78.0,43,6.0,3.0,7.0,Low
1205,Employee 1205,46,6.0,2,82.0,47,7.0,1.0,9.0,Low
1206,Employee 1206,57,7.0,0,82.0,34,6.0,1.0,9.0,Low
1207,Employee 1207,23,7.0,3,72.0,45,5.0,9.0,6.0,Low
1208,Employee 1208,40,7.0,2,71.0,39,6.0,8.0,9.0,Low
1209,Employee 1209,57,5.0,4,99.0,47,8.0,6.0,5.0,Low
1210,Employee 1210,54,7.0,2,89.0,41,5.0,6.0,7.0,Low
1211,Employee 1211,41,6.0,2,55.0,39,6.0,2.0,8.0,Low
1212,Employee 1212,20,6.0,0,51.0,38,6.0,2.0,5.0,Low
1213,Employee 1213,29,5.0,0,71.0,48,5.0,8.0,9.0,Low
1214,Employee 1214,52,8.0,4,63.0,32,9.0,4.0,5.0,Low
1215,Employee 1215,25,7.0,4,68.0,37,7.0,1.0,9.0,Low
1216,Employee 1216,40,8.0,1,63.0,48,5.0,9.0,8.0,Low
1217,Employee 1217,45,9.0,1,98.0,45,7.0,8.0,8.0,Low
1218,Employee 1218,49,7.0,3,73.0,42,7.0,5.0,5.0,Low
1219,Employee 1219,48,7.0,3,80.0,30,7.0,5.0,9.0,Low
1220,Employee 1220,35,9.0,1,66.0,34,5.0,5.0,5.0,Low
1221,Employee 1221,24,7.0,2,98.0,37,5.0,2.0,6.0,Low
1222,Employee 1222,56,6.0,0,87.0,46,6.0,3.0,9.0,Low
1223,Employee 1223,21,7.0,0,76.0,35,6.0,8.0,5.0,Low
1224,Employee 1224,34,5.0,0,88.0,43,7.0,8.0,9.0,Low
1225,Employee 1225,59,5.0,0,89.0,34,8.0,4.0,7.0,Low
1226,Employee 1226,25,7.0,2,98.0,49,6.0,4.0,8.0,Low
1227,Employee 1227,57,9.0,2,63.0,43,9.0,2.0,9.0,Low
1228,Employee 1228,38,7.0,4,86.0,31,6.0,3.0,7.0,Low
1229,Employee 1229,36,5.0,3,53.0,34,5.0,2.0,9.0,Low
1230,Employee 1230,20,5.0,0,97.0,42,8.0,7.0,7.0,Low
1231,Employee 1231,45,6.0,4,54.0,46,9.0,4.0,7.0,Low
1232,Employee 1232,54,6.0,0,97.0,34,8.0,2.0,9.0,Low
1233,Employee 1233,27,6.0,4,80.0,36,7.0,1.0,5.0,Low
1234,Employee 1234,30,8.0,0,52.0,43,8.0,3.0,8.0,Low
1235,Employee 1235,25,5.0,2,81.0,30,9.0,7.0,7.0,Low
1236,Employee 1236,49,8.0,3,90.0,37,7.0,2.0,9.0,Low
1237,Employee 1237,30,8.0,1,93.0,44,6.0,1.0,5.0,Low
1238,Employee 1238,29,6.0,3,60.0,43,6.0,7.0,5.0,Low
1239,Employee 1239,21,5.0,4,60.0,31,5.0,9.0,8.0,Low
1240,Employee 1240,23,7.0,4,78.0,34,8.0,3.0,7.0,Low
1241,Employee 1241,52,9.0,1,76.0,46,7.0,1.0,6.0,Low
1242,Employee 1242,23,7.0,1,87.0,31,9.0,4.0,8.0,Low
1243,Employee 1243,32,8.0,1,70.0,41,9.0,3.0,8.0,Low
1244,Employee 1244,31,8.0,3,94.0,33,6.0,3.0,5.0,Low
1245,Employee 1245,54,5.0,2,66.0,46,7.0,3.0,6.0,Low
1246,Employee 1246,44,6.0,2,84.0,44,5.0,8.0,8.0,Low
1247,Employee 1247,58,7.0,1,80.0,39,8.0,2.0,7.0,Low
1248,Employee 1248,23,5.0,0,78.0,44,7.0,2.0,8.0,Low
1249,Employee 1249,33,7.0,2,89.0,44,6.0,3.0,8.0,Low
1250,Employee 1250,27,6.0,4,91.0,49,5.0,1.0,6.0,Low
1251,Employee 1251,32,7.0,2,52.0,39,8.0,1.0,6.0,Low
1252,Employee 1252,54,9.0,1,76.0,46,5.0,5.0,8.0,Low
1253,Employee 1253,20,7.0,0,87.0,42,7.0,9.0,9.0,Low
1254,Employee 1254,59,6.0,0,82.0,38,9.0,3.0,9.0,Low
1255,Employee 1255,46,5.0,3,94.0,48,5.0,2.0,6.0,Low
1256,Employee 1256,23,8.0,2,94.0,39,5.0,9.0,5.0,Low
1257,Employee 1257,56,5.0,2,87.0,38,7.0,9.0,5.0,Low
1258,Employee 1258,49,7.0,4,88.0,34,8.0,4.0,6.0,Low
1259,Employee 1259,59,8.0,1,74.0,42,9.0,7.0,8.0,Low
1260,Employee 1260,26,8.0,4,89.0,42,6.0,5.0,8.0,Low
1261,Employee 1261,52,9.0,1,64.0,30,8.0,6.0,7.0,Low
1262,Employee 1262,55,9.0,0,88.0,37,7.0,8.0,7.0,Low
1263,Employee 1263,28,9.0,3,81.0,47,9.0,4.0,8.0,Low
1264,Employee 1264,57,7.0,4,56.0,47,7.0,6.0,5.0,Low
1265,Employee 1265,46,8.0,0,96.0,30,5.0,7.0,8.0,Low
1266,Employee 1266,58,6.0,4,78.0,39,7.0,6.0,7.0,Low
1267,Employee 1267,25,9.0,0,83.0,34,6.0,6.0,7.0,Low
1268,Employee 1268,47,5.0,1,82.0,33,6.0,4.0,6.0,Low
1269,Employee 1269,26,8.0,1,62.0,37,6.0,7.0,5.0,Low
1270,Employee 1270,22,9.0,0,94.0,39,9.0,4.0,8.0,Low
1271,Employee 1271,20,5.0,0,74.0,32,7.0,6.0,8.0,Low
1272,Employee 1272,26,6.0,0,84.0,39,5.0,2.0,5.0,Low
1273,Employee 1273,29,9.0,1,78.0,38,8.0,6.0,7.0,Low
1274,Employee 1274,34,9.0,1,94.0,37,9.0,8.0,5.0,Low
1275,Employee 1275,40,5.0,0,50.0,37,7.0,3.0,5.0,Low
1276,Employee 1276,56,9.0,1,89.0,42,9.0,2.0,5.0,Low
1277,Employee 1277,55,5.0,1,92.0,44,9.0,3.0,7.0,Low
1278,Employee 1278,34,8.0,2,61.0,45,9.0,4.0,6.0,Low
1279,Employee 1279,54,6.0,0,65.0,47,5.0,7.0,9.0,Low
1280,Employee 1280,57,6.0,3,58.0,49,5.0,4.0,5.0,Low
1281,Employee 1281,44,5.0,3,62.0,37,5.0,8.0,6.0,Low
1282,Employee 1282,44,7.0,2,75.0,46,6.0,9.0,9.0,Low
1283,Employee 1283,38,8.0,4,52.0,30,8.0,2.0,8.0,Low
1284,Employee 1284,33,6.0,0,63.0,43,9.0,6.0,5.0,Low
1285,Employee 1285,21,7.0,2,90.0,33,7.0,8.0,5.0,Low
1286,Employee 1286,46,8.0,1,94.0,45,6.0,8.0,5.0,Low
1287,Employee 1287,54,8.0,4,91.0,47,9.0,2.0,8.0,Low
1288,Employee 1288,30,9.0,4,71.0,41,9.0,1.0,7.0,Low
1289,Employee 1289,49,7.0,2,79.0,42,8.0,1.0,6.0,Low
1290,Employee 1290,35,5.0,2,75.0,31,8.0,9.0,9.0,Low
1291,Employee 1291,45,7.0,0,87.0,39,5.0,3.0,5.0,Low
1292,Employee 1292,32,6.0,1,63.0,45,5.0,7.0,9.0,Low
1293,Employee 1293,59,6.0,3,96.0,38,5.0,1.0,9.0,Low
1294,Employee 1294,40,9.0,3,73.0,42,8.0,1.0,6.0,Low
1295,Employee 1295,25,7.0,4,63.0,42,6.0,7.0,7.0,Low
1296,Employee 1296,40,9.0,2,72.0,47,9.0,7.0,9.0,Low
1297,Employee 1297,53,5.0,0,95.0,30,8.0,9.0,8.0,Low
1298,Employee 1298,43,6.0,0,99.0,36,6.0,3.0,6.0,Low
1299,Employee 1299,32,7.0,0,97.0,47,7.0,3.0,9.0,Low
1300,Employee 1300,23,7.0,4,96.0,42,8.0,5.0,7.0,Low
1301,Employee 1301,55,8.0,0,81.0,33,7.0,1.0,7.0,Low
1302,Employee 1302,53,7.0,2,80.0,39,8.0,8.0,7.0,Low
1303,Employee 1303,59,7.0,1,52.0,37,6.0,6.0,6.0,Low
1304,Employee 1304,41,8.0,4,92.0,32,7.0,1.0,6.0,Low
1305,Employee 1305,59,6.0,1,64.0,41,5.0,4.0,9.0,Low
1306,Employee 1306,42,8.0,1,82.0,33,7.0,7.0,9.0,Low
1307,Employee 1307,53,9.0,4,50.0,44,7.0,8.0,5.0,Low
1308,Employee 1308,40,6.0,2,72.0,35,7.0,8.0,7.0,Low
1309,Employee 1309,26,5.0,3,99.0,44,6.0,8.0,5.0,Low
1310,Employee 1310,32,8.0,3,97.0,37,7.0,6.0,5.0,Low
1311,Employee 1311,28,6.0,4,93.0,45,8.0,1.0,8.0,Low
1312,Employee 1312,55,8.0,0,51.0,39,7.0,9.0,8.0,Low
1313,Employee 1313,34,5.0,0,60.0,34,7.0,9.0,7.0,Low
1314,Employee 1314,55,8.0,0,50.0,32,8.0,4.0,7.0,Low
1315,Employee 1315,38,7.0,3,53.0,37,6.0,3.0,8.0,Low
1316,Employee 1316,59,9.0,2,91.0,34,5.0,3.0,5.0,Low
1317,Employee 1317,34,8.0,3,89.0,31,7.0,9.0,5.0,Low
1318,Employee 1318,34,6.0,0,60.0,32,8.0,8.0,6.0,Low
1319,Employee 1319,35,6.0,0,73.0,48,5.0,3.0,5.0,Low
1320,Employee 1320,57,5.0,2,78.0,48,6.0,6.0,7.0,Low
1321,Employee 1321,25,8.0,4,75.0,36,8.0,2.0,9.0,Low
1322,Employee 1322,56,7.0,4,53.0,48,9.0,5.0,9.0,Low
1323,Employee 1323,21,8.0,0,80.0,42,6.0,8.0,6.0,Low
1324,Employee 1324,40,9.0,2,52.0,36,8.0,1.0,9.0,Low
1325,Employee 1325,54,5.0,1,92.0,42,8.0,6.0,8.0,Low
1326,Employee 1326,59,9.0,2,95.0,43,7.0,3.0,9.0,Low
1327,Employee 1327,59,9.0,2,59.0,45,6.0,9.0,8.0,Low
1328,Employee 1328,29,6.0,1,85.0,30,8.0,5.0,7.0,Low
1329,Employee 1329,40,5.0,3,90.0,44,6.0,8.0,9.0,Low
1330,Employee 1330,28,6.0,1,85.0,33,7.0,5.0,7.0,Low
1331,Employee 1331,36,5.0,3,71.0,47,6.0,5.0,7.0,Low
1332,Employee 1332,23,6.0,2,72.0,42,8.0,2.0,7.0,Low
1333,Employee 1333,40,5.0,0,84.0,39,6.0,3.0,5.0,Low
1334,Employee 1334,34,5.0,2,92.0,39,5.0,8.0,9.0,Low
1335,Employee 1335,57,9.0,0,92.0,44,8.0,2.0,8.0,Low
1336,Employee 1336,40,6.0,0,65.0,35,6.0,8.0,5.0,Low
1337,Employee 1337,53,7.0,4,93.0,43,7.0,9.0,9.0,Low
1338,Employee 1338,21,7.0,1,75.0,49,7.0,4.0,9.0,Low
1339,Employee 1339,50,5.0,1,68.0,43,9.0,8.0,5.0,Low
1340,Employee 1340,42,8.0,0,76.0,48,6.0,3.0,6.0,Low
1341,Employee 1341,47,6.0,4,66.0,34,7.0,9.0,6.0,Low
1342,Employee 1342,55,9.0,0,68.0,41,9.0,1.0,9.0,Low
1343,Employee 1343,39,6.0,2,98.0,34,5.0,5.0,9.0,Low
1344,Employee 1344,41,9.0,1,88.0,47,5.0,7.0,9.0,Low
1345,Employee 1345,44,5.0,3,82.0,39,5.0,4.0,9.0,Low
1346,Employee 1346,23,6.0,3,55.0,31,5.0,6.0,9.0,Low
1347,Employee 1347,36,5.0,1,51.0,34,6.0,1.0,7.0,Low
1348,Employee 1348,35,8.0,0,86.0,35,9.0,5.0,6.0,Low
1349,Employee 1349,25,9.0,2,79.0,34,9.0,9.0,9.0,Low
1350,Employee 1350,33,7.0,3,82.0,38,7.0,1.0,8.0,Low
1351,Employee 1351,27,6.0,4,77.0,49,6.0,2.0,7.0,Low
1352,Employee 1352,36,7.0,3,91.0,48,5.0,9.0,7.0,Low
1353,Employee 1353,26,9.0,3,62.0,34,9.0,8.0,5.0,Low
1354,Employee 1354,58,6.0,3,92.0,45,5.0,3.0,6.0,Low
1355,Employee 1355,51,5.0,3,69.0,31,8.0,6.0,7.0,Low
1356,Employee 1356,34,5.0,3,52.0,46,8.0,4.0,8.0,Low
1357,Employee 1357,43,8.0,2,54.0,42,9.0,1.0,7.0,Low
1358,Employee 1358,34,7.0,4,55.0,48,9.0,3.0,8.0,Low
1359,Employee 1359,22,9.0,0,50.0,40,7.0,2.0,8.0,Low
1360,Employee 1360,46,5.0,4,86.0,46,6.0,2.0,6.0,Low
1361,Employee 1361,43,7.0,2,61.0,33,5.0,6.0,7.0,Low
1362,Employee 1362,20,6.0,0,54.0,36,7.0,9.0,9.0,Low
1363,Employee 1363,28,8.0,4,64.0,40,7.0,6.0,6.0,Low
1364,Employee 1364,29,9.0,4,79.0,47,7.0,1.0,7.0,Low
1365,Employee 1365,27,7.0,4,95.0,41,6.0,4.0,9.0,Low
1366,Employee 1366,22,6.0,4,60.0,44,5.0,1.0,9.0,Low
1367,Employee 1367,39,6.0,4,76.0,44,9.0,5.0,5.0,Low
1368,Employee 1368,57,6.0,3,73.0,36,7.0,3.0,7.0,Low
1369,Employee 1369,34,6.0,0,93.0,46,5.0,4.0,9.0,Low
1370,Employee 1370,45,7.0,3,98.0,42,8.0,1.0,6.0,Low
1371,Employee 1371,51,9.0,2,97.0,46,8.0,7.0,9.0,Low
1372,Employee 1372,53,7.0,2,59.0,49,7.0,8.0,8.0,Low
1373,Employee 1373,39,6.0,4,96.0,37,8.0,3.0,6.0,Low
1374,Employee 1374,21,5.0,4,51.0,40,9.0,6.0,6.0,Low
1375,Employee 1375,56,7.0,0,85.0,43,8.0,6.0,6.0,Low
1376,Employee 1376,40,7.0,2,51.0,42,7.0,2.0,6.0,Low
1377,Employee 1377,27,8.0,1,56.0,46,9.0,4.0,5.0,Low
1378,Employee 1378,24,8.0,4,53.0,43,7.0,7.0,7.0,Low
1379,Employee 1379,34,6.0,2,86.0,41,5.0,9.0,9.0,Low
1380,Employee 1380,22,5.0,0,99.0,47,5.0,7.0,6.0,Low
1381,Employee 1381,39,9.0,4,80.0,47,9.0,2.0,9.0,Low
1382,Employee 1382,23,6.0,4,98.0,44,9.0,4.0,5.0,Low
1383,Employee 1383,25,9.0,3,55.0,38,9.0,5.0,9.0,Low
1384,Employee 1384,54,9.0,3,79.0,46,5.0,2.0,8.0,Low
1385,Employee 1385,58,7.0,2,64.0,31,8.0,2.0,9.0,Low
1386,Employee 1386,51,7.0,4,76.0,45,5.0,2.0,5.0,Low
1387,Employee 1387,28,5.0,1,75.0,44,9.0,4.0,7.0,Low
1388,Employee 1388,47,6.0,4,55.0,38,9.0,2.0,5.0,Low
1389,Employee 1389,30,7.0,4,68.0,44,8.0,3.0,7.0,Low
1390,Employee 1390,51,9.0,3,75.0,46,9.0,8.0,5.0,Low
1391,Employee 1391,20,6.0,1,58.0,47,6.0,8.0,5.0,Low
1392,Employee 1392,34,6.0,2,54.0,38,8.0,4.0,9.0,Low
1393,Employee 1393,26,5.0,2,51.0,33,6.0,3.0,6.0,Low
1394,Employee 1394,39,8.0,3,94.0,31,8.0,9.0,8.0,Low
1395,Employee 1395,39,8.0,3,51.0,32,6.0,8.0,5.0,Low
1396,Employee 1396,22,6.0,2,58.0,48,7.0,1.0,6.0,Low
1397,Employee 1397,25,5.0,4,90.0,42,9.0,9.0,5.0,Low
1398,Employee 1398,43,8.0,1,75.0,34,7.0,1.0,6.0,Low
1399,Employee 1399,49,9.0,2,67.0,42,9.0,4.0,8.0,Low
1400,Employee 1400,44,8.0,2,95.0,49,9.0,3.0,5.0,Low
1401,Employee 1401,36,7.0,1,58.0,47,7.0,4.0,5.0,Low
1402,Employee 1402,49,8.0,4,88.0,30,6.0,1.0,8.0,Low
1403,Employee 1403,40,5.0,1,58.0,39,8.0,8.0,8.0,Low
1404,Employee 1404,45,5.0,1,68.0,44,7.0,7.0,9.0,Low
1405,Employee 1405,28,5.0,1,84.0,30,5.0,7.0,8.0,Low
1406,Employee 1406,27,5.0,2,88.0,31,9.0,8.0,6.0,Low
1407,Employee 1407,33,7.0,1,62.0,49,6.0,3.0,7.0,Low
1408,Employee 1408,54,8.0,3,66.0,47,7.0,4.0,7.0,Low
1409,Employee 1409,21,7.0,4,63.0,42,8.0,1.0,9.0,Low
1410,Employee 1410,54,5.0,0,90.0,32,5.0,5.0,9.0,Low
1411,Employee 1411,38,8.0,3,89.0,40,7.0,2.0,8.0,Low
1412,Employee 1412,31,9.0,3,79.0,40,7.0,8.0,6.0,Low
1413,Employee 1413,20,5.0,4,83.0,37,6.0,5.0,8.0,Low
1414,Employee 1414,52,6.0,3,88.0,46,9.0,9.0,6.0,Low
1415,Employee 1415,32,6.0,4,89.0,31,7.0,8.0,8.0,Low
1416,Employee 1416,58,7.0,4,74.0,38,8.0,3.0,5.0,Low
1417,Employee 1417,44,9.0,4,90.0,41,5.0,4.0,5.0,Low
1418,Employee 1418,42,9.0,0,75.0,34,6.0,1.0,9.0,Low
1419,Employee 1419,35,9.0,2,92.0,47,8.0,2.0,5.0,Low
1420,Employee 1420,59,6.0,0,58.0,43,7.0,9.0,7.0,Low
1421,Employee 1421,35,9.0,3,81.0,37,9.0,6.0,6.0,Low
1422,Employee 1422,25,6.0,2,72.0,31,5.0,1.0,9.0,Low
1423,Employee 1423,22,7.0,3,93.0,33,6.0,2.0,8.0,Low
1424,Employee 1424,20,8.0,0,69.0,46,8.0,3.0,5.0,Low
1425,Employee 1425,36,7.0,1,57.0,45,9.0,6.0,6.0,Low
1426,Employee 1426,44,9.0,1,67.0,37,9.0,2.0,9.0,Low
1427,Employee 1427,33,7.0,2,73.0,49,9.0,7.0,5.0,Low
1428,Employee 1428,22,7.0,2,84.0,36,6.0,7.0,8.0,Low
1429,Employee 1429,53,8.0,2,62.0,32,9.0,4.0,7.0,Low
1430,Employee 1430,46,9.0,0,76.0,48,7.0,3.0,7.0,Low
1431,Employee 1431,58,8.0,1,59.0,33,8.0,9.0,7.0,Low
1432,Employee 1432,30,5.0,1,75.0,36,6.0,5.0,7.0,Low
1433,Employee 1433,55,7.0,4,89.0,31,9.0,4.0,8.0,Low
1434,Employee 1434,56,9.0,3,80.0,45,7.0,3.0,5.0,Low
1435,Employee 1435,31,6.0,0,95.0,44,9.0,2.0,6.0,Low
1436,Employee 1436,55,9.0,1,50.0,30,5.0,5.0,6.0,Low
1437,Employee 1437,28,9.0,3,64.0,44,8.0,4.0,7.0,Low
1438,Employee 1438,39,7.0,4,73.0,41,5.0,6.0,9.0,Low
1439,Employee 1439,40,8.0,3,98.0,41,8.0,1.0,6.0,Low
1440,Employee 1440,54,5.0,4,57.0,47,8.0,7.0,5.0,Low
1441,Employee 1441,39,7.0,0,97.0,49,7.0,2.0,5.0,Low
1442,Employee 1442,29,8.0,0,83.0,40,6.0,8.0,8.0,Low
1443,Employee 1443,33,8.0,2,55.0,48,5.0,2.0,8.0,Low
1444,Employee 1444,38,5.0,4,90.0,45,5.0,1.0,9.0,Low
1445,Employee 1445,45,7.0,3,90.0,41,7.0,1.0,6.0,Low
1446,Employee 1446,29,6.0,4,69.0,46,7.0,1.0,5.0,Low
1447,Employee 1447,33,5.0,3,55.0,36,9.0,3.0,9.0,Low
1448,Employee 1448,36,5.0,1,54.0,40,6.0,1.0,9.0,Low
1449,Employee 1449,51,9.0,4,79.0,43,7.0,5.0,9.0,Low
1450,Employee 1450,56,8.0,3,53.0,48,6.0,7.0,6.0,Low
1451,Employee 1451,45,9.0,2,80.0,43,7.0,1.0,8.0,Low
1452,Employee 1452,25,5.0,1,98.0,47,5.0,4.0,8.0,Low
1453,Employee 1453,31,8.0,4,54.0,49,5.0,1.0,9.0,Low
1454,Employee 1454,51,8.0,1,62.0,43,9.0,2.0,7.0,Low
1455,Employee 1455,35,6.0,1,97.0,36,5.0,6.0,5.0,Low
1456,Employee 1456,41,8.0,4,62.0,45,6.0,6.0,7.0,Low
1457,Employee 1457,30,8.0,3,97.0,32,7.0,7.0,9.0,Low
1458,Employee 1458,34,8.0,0,70.0,38,6.0,8.0,9.0,Low
1459,Employee 1459,21,9.0,3,78.0,37,8.0,4.0,9.0,Low
1460,Employee 1460,54,6.0,0,99.0,32,8.0,2.0,5.0,Low
1461,Employee 1461,47,6.0,0,68.0,36,8.0,6.0,8.0,Low
1462,Employee 1462,37,9.0,1,50.0,44,5.0,2.0,6.0,Low
1463,Employee 1463,45,9.0,3,69.0,35,9.0,4.0,6.0,Low
1464,Employee 1464,45,6.0,2,61.0,32,5.0,5.0,9.0,Low
1465,Employee 1465,32,6.0,1,51.0,41,5.0,2.0,7.0,Low
1466,Employee 1466,40,8.0,1,90.0,31,5.0,5.0,8.0,Low
1467,Employee 1467,35,5.0,0,50.0,48,7.0,1.0,6.0,Low
1468,Employee 1468,31,5.0,4,96.0,31,5.0,6.0,6.0,Low
1469,Employee 1469,26,5.0,3,82.0,48,8.0,3.0,5.0,Low
1470,Employee 1470,24,9.0,0,54.0,44,9.0,5.0,8.0,Low
1471,Employee 1471,59,5.0,0,73.0,41,9.0,4.0,9.0,Low
1472,Employee 1472,27,8.0,4,57.0,30,7.0,1.0,6.0,Low
1473,Employee 1473,49,9.0,3,67.0,48,7.0,9.0,8.0,Low
1474,Employee 1474,49,5.0,3,57.0,48,8.0,9.0,6.0,Low
1475,Employee 1475,56,6.0,1,90.0,32,8.0,3.0,9.0,Low
1476,Employee 1476,21,6.0,2,70.0,43,7.0,7.0,5.0,Low
1477,Employee 1477,55,7.0,1,93.0,48,6.0,8.0,5.0,Low
1478,Employee 1478,40,8.0,4,76.0,49,5.0,4.0,5.0,Low
1479,Employee 1479,20,5.0,1,88.0,33,5.0,9.0,7.0,Low
1480,Employee 1480,42,9.0,2,94.0,37,5.0,7.0,7.0,Low
1481,Employee 1481,28,8.0,3,53.0,44,5.0,8.0,6.0,Low
1482,Employee 1482,39,7.0,3,65.0,33,7.0,3.0,9.0,Low
1483,Employee 1483,47,8.0,2,62.0,36,5.0,1.0,7.0,Low
1484,Employee 1484,46,7.0,1,77.0,48,7.0,8.0,9.0,Low
1485,Employee 1485,30,7.0,1,61.0,41,6.0,1.0,9.0,Low
1486,Employee 1486,26,8.0,3,82.0,34,7.0,1.0,8.0,Low
1487,Employee 1487,43,6.0,0,63.0,31,6.0,3.0,5.0,Low
1488,Employee 1488,30,8.0,0,53.0,32,8.0,4.0,5.0,Low
1489,Employee 1489,58,6.0,2,54.0,35,7.0,1.0,5.0,Low
1490,Employee 1490,48,9.0,1,76.0,48,7.0,7.0,8.0,Low
1491,Employee 1491,56,5.0,4,95.0,31,5.0,1.0,5.0,Low
1492,Employee 1492,44,5.0,1,50.0,49,8.0,7.0,9.0,Low
1493,Employee 1493,55,6.0,4,64.0,37,7.0,7.0,8.0,Low
1494,Employee 1494,44,8.0,4,84.0,41,7.0,3.0,7.0,Low
1495,Employee 1495,35,8.0,1,77.0,41,9.0,6.0,8.0,Low
1496,Employee 1496,48,6.0,0,60.0,45,9.0,2.0,8.0,Low
1497,Employee 1497,55,5.0,4,68.0,40,6.0,2.0,9.0,Low
1498,Employee 1498,33,7.0,1,98.0,31,7.0,8.0,5.0,Low
1499,Employee 1499,40,8.0,4,66.0,43,7.0,7.0,9.0,Low
1500,Employee 1500,55,8.0,3,93.0,42,9.0,1.0,8.0,Low
1501,Employee 1501,49,6.0,2,63.0,44,6.0,5.0,5.0,Low
1502,Employee 1502,51,8.0,3,82.0,38,5.0,5.0,5.0,Low
1503,Employee 1503,25,6.0,1,60.0,43,9.0,1.0,6.0,Low
1504,Employee 1504,55,6.0,0,64.0,38,7.0,6.0,9.0,Low
1505,Employee 1505,34,8.0,2,75.0,40,7.0,6.0,6.0,Low
1506,Employee 1506,20,9.0,1,55.0,41,9.0,3.0,9.0,Low
1507,Employee 1507,46,5.0,3,99.0,39,7.0,5.0,9.0,Low
1508,Employee 1508,22,6.0,4,53.0,35,5.0,8.0,9.0,Low
1509,Employee 1509,33,9.0,3,72.0,35,6.0,5.0,6.0,Low
1510,Employee 1510,57,8.0,1,95.0,37,8.0,6.0,7.0,Low
1511,Employee 1511,50,8.0,3,53.0,43,5.0,2.0,6.0,Low
1512,Employee 1512,44,8.0,4,76.0,46,8.0,4.0,7.0,Low
1513,Employee 1513,23,7.0,2,58.0,43,9.0,2.0,6.0,Low
1514,Employee 1514,46,6.0,2,92.0,35,8.0,5.0,8.0,Low
1515,Employee 1515,45,8.0,3,72.0,47,6.0,9.0,6.0,Low
1516,Employee 1516,29,8.0,1,63.0,30,8.0,4.0,6.0,Low
1517,Employee 1517,43,8.0,1,98.0,32,5.0,1.0,8.0,Low
1518,Employee 1518,50,8.0,1,62.0,49,6.0,5.0,9.0,Low
1519,Employee 1519,28,6.0,4,62.0,44,7.0,4.0,5.0,Low
1520,Employee 1520,53,6.0,0,75.0,41,7.0,1.0,6.0,Low
1521,Employee 1521,39,5.0,4,85.0,37,7.0,5.0,8.0,Low
1522,Employee 1522,41,9.0,2,64.0,38,5.0,7.0,9.0,Low
1523,Employee 1523,32,6.0,3,89.0,35,8.0,8.0,9.0,Low
1524,Employee 1524,43,6.0,4,79.0,40,6.0,3.0,6.0,Low
1525,Employee 1525,48,5.0,1,51.0,30,5.0,1.0,9.0,Low
1526,Employee 1526,32,5.0,0,83.0,42,5.0,2.0,6.0,Low
1527,Employee 1527,36,5.0,0,51.0,42,8.0,4.0,6.0,Low
1528,Employee 1528,24,6.0,4,64.0,42,5.0,8.0,7.0,Low
1529,Employee 1529,20,6.0,2,55.0,31,8.0,2.0,7.0,Low
1530,Employee 1530,25,8.0,1,71.0,41,8.0,7.0,7.0,Low
1531,Employee 1531,20,5.0,0,85.0,42,8.0,8.0,9.0,Low
1532,Employee 1532,32,5.0,0,87.0,36,5.0,5.0,7.0,Low
1533,Employee 1533,52,8.0,4,97.0,38,8.0,9.0,9.0,Low
1534,Employee 1534,47,9.0,1,85.0,36,8.0,7.0,8.0,Low
1535,Employee 1535,57,7.0,3,50.0,43,8.0,3.0,8.0,Low
1536,Employee 1536,23,6.0,2,84.0,33,7.0,5.0,5.0,Low
1537,Employee 1537,57,5.0,3,77.0,40,7.0,2.0,8.0,Low
1538,Employee 1538,41,6.0,1,54.0,47,6.0,1.0,8.0,Low
1539,Employee 1539,21,7.0,1,85.0,37,9.0,1.0,5.0,Low
1540,Employee 1540,59,5.0,3,72.0,49,9.0,3.0,6.0,Low
1541,Employee 1541,34,5.0,4,71.0,30,9.0,9.0,6.0,Low
1542,Employee 1542,45,5.0,3,72.0,33,7.0,3.0,6.0,Low
1543,Employee 1543,57,5.0,3,63.0,37,5.0,5.0,5.0,Low
1544,Employee 1544,25,5.0,1,81.0,41,6.0,8.0,5.0,Low
1545,Employee 1545,45,7.0,4,85.0,36,8.0,1.0,8.0,Low
1546,Employee 1546,43,6.0,1,57.0,32,5.0,4.0,6.0,Low
1547,Employee 1547,39,6.0,4,58.0,32,7.0,4.0,9.0,Low
1548,Employee 1548,30,6.0,3,74.0,46,6.0,4.0,7.0,Low
1549,Employee 1549,51,7.0,3,80.0,38,8.0,9.0,7.0,Low
1550,Employee 1550,35,8.0,1,96.0,36,8.0,3.0,9.0,Low
1551,Employee 1551,46,9.0,3,61.0,47,5.0,3.0,6.0,Low
1552,Employee 1552,31,7.0,3,56.0,49,9.0,2.0,9.0,Low
1553,Employee 1553,58,7.0,0,78.0,43,9.0,3.0,5.0,Low
1554,Employee 1554,45,8.0,1,61.0,38,8.0,8.0,7.0,Low
1555,Employee 1555,47,6.0,2,58.0,46,8.0,2.0,9.0,Low
1556,Employee 1556,55,5.0,0,99.0,43,5.0,9.0,9.0,Low
1557,Employee 1557,24,5.0,4,83.0,44,7.0,4.0,9.0,Low
1558,Employee 1558,23,6.0,0,54.0,45,7.0,8.0,6.0,Low
1559,Employee 1559,48,5.0,2,84.0,30,7.0,8.0,6.0,Low
1560,Employee 1560,37,9.0,1,90.0,41,8.0,6.0,8.0,Low
1561,Employee 1561,34,9.0,4,77.0,44,6.0,8.0,6.0,Low
1562,Employee 1562,26,8.0,0,58.0,37,5.0,6.0,8.0,Low
1563,Employee 1563,47,9.0,1,89.0,36,5.0,5.0,9.0,Low
1564,Employee 1564,59,5.0,0,79.0,31,5.0,4.0,5.0,Low
1565,Employee 1565,29,8.0,3,97.0,45,7.0,2.0,8.0,Low
1566,Employee 1566,26,7.0,3,88.0,49,6.0,2.0,8.0,Low
1567,Employee 1567,29,9.0,3,69.0,35,8.0,7.0,9.0,Low
1568,Employee 1568,51,6.0,1,93.0,45,8.0,8.0,9.0,Low
1569,Employee 1569,43,6.0,0,98.0,37,5.0,2.0,8.0,Low
1570,Employee 1570,54,6.0,3,59.0,31,8.0,7.0,6.0,Low
1571,Employee 1571,32,6.0,4,90.0,34,8.0,6.0,5.0,Low
1572,Employee 1572,53,7.0,1,99.0,32,6.0,2.0,5.0,Low
1573,Employee 1573,44,6.0,3,93.0,45,9.0,7.0,7.0,Low
1574,Employee 1574,24,8.0,4,68.0,43,7.0,1.0,6.0,Low
1575,Employee 1575,55,7.0,0,58.0,47,5.0,3.0,9.0,Low
1576,Employee 1576,38,9.0,0,98.0,39,8.0,9.0,7.0,Low
1577,Employee 1577,35,9.0,2,75.0,39,5.0,9.0,6.0,Low
1578,Employee 1578,53,8.0,3,72.0,49,9.0,5.0,6.0,Low
1579,Employee 1579,30,7.0,2,95.0,36,9.0,1.0,9.0,Low
1580,Employee 1580,35,7.0,1,78.0,38,9.0,9.0,7.0,Low
1581,Employee 1581,29,8.0,4,84.0,36,5.0,6.0,6.0,Low
1582,Employee 1582,25,8.0,1,77.0,31,8.0,3.0,9.0,Low
1583,Employee 1583,45,8.0,0,83.0,33,5.0,5.0,9.0,Low
1584,Employee 1584,27,8.0,0,81.0,43,9.0,5.0,8.0,Low
1585,Employee 1585,41,7.0,0,59.0,34,6.0,1.0,8.0,Low
1586,Employee 1586,20,6.0,0,67.0,31,9.0,8.0,8.0,Low
1587,Employee 1587,33,7.0,0,99.0,43,8.0,8.0,5.0,Low
1588,Employee 1588,56,7.0,0,70.0,48,9.0,7.0,8.0,Low
1589,Employee 1589,30,6.0,3,78.0,32,6.0,9.0,9.0,Low
1590,Employee 1590,36,6.0,4,74.0,37,9.0,8.0,8.0,Low
1591,Employee 1591,55,6.0,1,57.0,49,7.0,7.0,9.0,Low
1592,Employee 1592,52,9.0,3,68.0,41,5.0,6.0,9.0,Low
1593,Employee 1593,29,5.0,1,86.0,45,9.0,1.0,8.0,Low
1594,Employee 1594,38,7.0,4,92.0,49,7.0,7.0,5.0,Low
1595,Employee 1595,38,6.0,0,77.0,49,7.0,7.0,8.0,Low
1596,Employee 1596,55,8.0,2,97.0,48,6.0,5.0,5.0,Low
1597,Employee 1597,48,9.0,0,63.0,46,8.0,4.0,6.0,Low
1598,Employee 1598,45,8.0,3,75.0,35,5.0,2.0,7.0,Low
1599,Employee 1599,56,9.0,3,54.0,31,5.0,2.0,9.0,Low
1600,Employee 1600,42,5.0,1,77.0,41,9.0,9.0,9.0,Low
1601,Employee 1601,59,9.0,2,78.0,43,8.0,6.0,5.0,Low
1602,Employee 1602,57,9.0,3,53.0,45,6.0,1.0,8.0,Low
1603,Employee 1603,32,8.0,3,99.0,39,6.0,7.0,5.0,Low
1604,Employee 1604,43,9.0,3,89.0,43,5.0,7.0,6.0,Low
1605,Employee 1605,52,7.0,4,95.0,48,9.0,2.0,9.0,Low
1606,Employee 1606,25,7.0,3,59.0,39,8.0,5.0,5.0,Low
1607,Employee 1607,53,9.0,1,68.0,38,7.0,1.0,6.0,Low
1608,Employee 1608,29,5.0,2,70.0,44,7.0,9.0,7.0,Low
1609,Employee 1609,22,9.0,2,94.0,44,5.0,6.0,6.0,Low
1610,Employee 1610,47,9.0,0,60.0,39,6.0,6.0,6.0,Low
1611,Employee 1611,36,9.0,2,56.0,32,6.0,3.0,9.0,Low
1612,Employee 1612,38,5.0,0,57.0,42,6.0,6.0,7.0,Low
1613,Employee 1613,32,7.0,2,53.0,33,9.0,9.0,8.0,Low
1614,Employee 1614,57,8.0,0,62.0,42,6.0,7.0,8.0,Low
1615,Employee 1615,51,7.0,2,78.0,40,6.0,2.0,6.0,Low
1616,Employee 1616,44,5.0,2,68.0,41,5.0,5.0,5.0,Low
1617,Employee 1617,38,8.0,2,73.0,44,5.0,9.0,8.0,Low
1618,Employee 1618,20,5.0,4,75.0,40,9.0,2.0,5.0,Low
1619,Employee 1619,27,9.0,2,90.0,35,9.0,1.0,8.0,Low
1620,Employee 1620,25,9.0,0,62.0,36,6.0,7.0,8.0,Low
1621,Employee 1621,43,9.0,4,89.0,44,9.0,5.0,7.0,Low
1622,Employee 1622,29,7.0,1,76.0,33,8.0,1.0,7.0,Low
1623,Employee 1623,38,7.0,2,56.0,44,8.0,9.0,7.0,Low
1624,Employee 1624,32,5.0,4,99.0,44,9.0,9.0,5.0,Low
1625,Employee 1625,43,8.0,4,80.0,41,7.0,5.0,8.0,Low
1626,Employee 1626,52,8.0,4,68.0,32,6.0,3.0,5.0,Low
1627,Employee 1627,57,8.0,1,66.0,32,6.0,7.0,6.0,Low
1628,Employee 1628,58,8.0,2,70.0,45,5.0,9.0,8.0,Low
1629,Employee 1629,20,9.0,1,60.0,34,8.0,6.0,7.0,Low
1630,Employee 1630,27,9.0,3,51.0,38,9.0,1.0,6.0,Low
1631,Employee 1631,33,7.0,4,78.0,44,8.0,9.0,8.0,Low
1632,Employee 1632,23,9.0,2,58.0,39,9.0,5.0,5.0,Low
1633,Employee 1633,51,6.0,3,67.0,44,8.0,4.0,6.0,Low
1634,Employee 1634,33,6.0,2,59.0,33,9.0,3.0,6.0,Low
1635,Employee 1635,40,5.0,0,97.0,44,5.0,8.0,9.0,Low
1636,Employee 1636,40,5.0,4,70.0,44,6.0,3.0,5.0,Low
1637,Employee 1637,30,6.0,4,56.0,41,8.0,3.0,7.0,Low
1638,Employee 1638,25,5.0,2,75.0,42,5.0,5.0,5.0,Low
1639,Employee 1639,28,9.0,1,62.0,30,7.0,1.0,6.0,Low
1640,Employee 1640,56,6.0,0,87.0,31,7.0,8.0,5.0,Low
1641,Employee 1641,26,8.0,3,98.0,41,9.0,8.0,6.0,Low
1642,Employee 1642,48,5.0,0,75.0,39,6.0,9.0,6.0,Low
1643,Employee 1643,28,9.0,2,85.0,33,9.0,3.0,6.0,Low
1644,Employee 1644,44,5.0,1,74.0,34,9.0,9.0,8.0,Low
1645,Employee 1645,21,7.0,1,63.0,49,5.0,3.0,8.0,Low
1646,Employee 1646,21,9.0,1,54.0,39,9.0,6.0,9.0,Low
1647,Employee 1647,26,7.0,3,56.0,47,6.0,8.0,5.0,Low
1648,Employee 1648,48,7.0,1,73.0,41,7.0,6.0,9.0,Low
1649,Employee 1649,53,5.0,3,50.0,43,7.0,5.0,8.0,Low
1650,Employee 1650,40,7.0,3,64.0,40,8.0,8.0,7.0,Low
1651,Employee 1651,42,6.0,0,82.0,44,6.0,3.0,6.0,Low
1652,Employee 1652,52,8.0,1,84.0,40,6.0,2.0,9.0,Low
1653,Employee 1653,28,5.0,0,80.0,31,6.0,7.0,5.0,Low
1654,Employee 1654,24,8.0,0,70.0,32,5.0,9.0,7.0,Low
1655,Employee 1655,28,8.0,0,69.0,40,6.0,1.0,8.0,Low
1656,Employee 1656,39,8.0,1,85.0,37,9.0,9.0,6.0,Low
1657,Employee 1657,59,5.0,2,99.0,30,8.0,3.0,6.0,Low
1658,Employee 1658,51,6.0,3,99.0,34,9.0,7.0,6.0,Low
1659,Employee 1659,45,8.0,3,95.0,39,5.0,3.0,8.0,Low
1660,Employee 1660,22,7.0,4,74.0,34,9.0,7.0,9.0,Low
1661,Employee 1661,42,5.0,2,83.0,33,7.0,5.0,6.0,Low
1662,Employee 1662,29,5.0,3,75.0,32,7.0,2.0,9.0,Low
1663,Employee 1663,51,7.0,2,98.0,45,8.0,6.0,8.0,Low
1664,Employee 1664,46,7.0,0,68.0,41,8.0,4.0,7.0,Low
1665,Employee 1665,46,5.0,2,61.0,30,5.0,3.0,8.0,Low
1666,Employee 1666,22,6.0,3,90.0,30,9.0,4.0,9.0,Low
1667,Employee 1667,32,7.0,3,53.0,42,6.0,3.0,9.0,Low
1668,Employee 1668,46,7.0,1,99.0,32,6.0,3.0,9.0,Low
1669,Employee 1669,48,9.0,2,84.0,32,5.0,9.0,6.0,Low
1670,Employee 1670,21,6.0,2,83.0,45,5.0,8.0,5.0,Low
1671,Employee 1671,45,5.0,1,66.0,39,7.0,3.0,6.0,Low
1672,Employee 1672,36,6.0,4,87.0,48,9.0,3.0,7.0,Low
1673,Employee 1673,29,8.0,1,57.0,46,9.0,4.0,9.0,Low
1674,Employee 1674,33,9.0,1,80.0,40,5.0,9.0,7.0,Low
1675,Employee 1675,26,7.0,4,78.0,32,9.0,5.0,9.0,Low
1676,Employee 1676,55,9.0,1,56.0,40,6.0,8.0,9.0,Low
1677,Employee 1677,38,7.0,4,80.0,44,7.0,4.0,9.0,Low
1678,Employee 1678,33,8.0,4,99.0,31,5.0,2.0,5.0,Low
1679,Employee 1679,23,9.0,0,69.0,32,7.0,4.0,9.0,Low
1680,Employee 1680,25,8.0,1,88.0,44,6.0,5.0,9.0,Low
1681,Employee 1681,38,6.0,3,52.0,32,9.0,9.0,7.0,Low
1682,Employee 1682,34,8.0,1,95.0,41,8.0,7.0,9.0,Low
1683,Employee 1683,24,6.0,3,86.0,47,9.0,3.0,8.0,Low
1684,Employee 1684,43,9.0,3,61.0,34,6.0,2.0,8.0,Low
1685,Employee 1685,57,9.0,1,66.0,44,5.0,2.0,7.0,Low
1686,Employee 1686,49,6.0,4,77.0,35,6.0,4.0,7.0,Low
1687,Employee 1687,53,6.0,1,70.0,36,7.0,2.0,9.0,Low
1688,Employee 1688,32,6.0,4,80.0,32,7.0,9.0,8.0,Low
1689,Employee 1689,38,8.0,4,86.0,37,5.0,9.0,7.0,Low
1690,Employee 1690,42,7.0,3,82.0,43,8.0,6.0,5.0,Low
1691,Employee 1691,33,7.0,1,51.0,41,6.0,9.0,9.0,Low
1692,Employee 1692,44,5.0,4,94.0,30,8.0,3.0,7.0,Low
1693,Employee 1693,48,7.0,4,56.0,32,5.0,7.0,8.0,Low
1694,Employee 1694,43,5.0,2,50.0,33,8.0,5.0,6.0,Low
1695,Employee 1695,57,5.0,3,95.0,46,8.0,2.0,6.0,Low
1696,Employee 1696,56,6.0,3,74.0,37,9.0,1.0,5.0,Low
1697,Employee 1697,34,7.0,2,99.0,45,9.0,8.0,6.0,Low
1698,Employee 1698,41,7.0,3,93.0,33,5.0,6.0,7.0,Low
1699,Employee 1699,39,7.0,3,97.0,41,8.0,5.0,5.0,Low
1700,Employee 1700,22,9.0,2,86.0,37,5.0,5.0,8.0,Low
1701,Employee 1701,48,9.0,2,74.0,36,8.0,8.0,5.0,Low
1702,Employee 1702,46,9.0,3,87.0,43,7.0,2.0,6.0,Low
1703,Employee 1703,29,7.0,4,94.0,34,6.0,7.0,9.0,Low
1704,Employee 1704,20,7.0,3,79.0,41,5.0,9.0,9.0,Low
1705,Employee 1705,25,6.0,0,69.0,45,7.0,9.0,9.0,Low
1706,Employee 1706,45,6.0,3,94.0,31,5.0,4.0,5.0,Low
1707,Employee 1707,34,8.0,1,78.0,42,8.0,8.0,5.0,Low
1708,Employee 1708,42,8.0,1,56.0,45,8.0,9.0,6.0,Low
1709,Employee 1709,43,7.0,2,72.0,48,6.0,7.0,9.0,Low
1710,Employee 1710,57,5.0,1,77.0,42,8.0,3.0,7.0,Low
1711,Employee 1711,55,6.0,0,75.0,40,9.0,5.0,6.0,Low
1712,Employee 1712,46,9.0,3,69.0,30,8.0,5.0,8.0,Low
1713,Employee 1713,51,7.0,0,83.0,39,8.0,2.0,7.0,Low
1714,Employee 1714,55,8.0,3,93.0,46,5.0,3.0,6.0,Low
1715,Employee 1715,47,5.0,1,94.0,31,9.0,8.0,7.0,Low
1716,Employee 1716,39,6.0,0,81.0,34,5.0,8.0,8.0,Low
1717,Employee 1717,58,9.0,2,51.0,37,8.0,7.0,7.0,Low
1718,Employee 1718,41,9.0,1,70.0,31,5.0,5.0,7.0,Low
1719,Employee 1719,26,5.0,2,89.0,36,5.0,4.0,5.0,Low
1720,Employee 1720,31,7.0,3,56.0,40,7.0,8.0,6.0,Low
1721,Employee 1721,25,6.0,1,58.0,42,7.0,9.0,5.0,Low
1722,Employee 1722,57,9.0,0,76.0,44,6.0,9.0,5.0,Low
1723,Employee 1723,43,7.0,2,50.0,42,9.0,8.0,6.0,Low
1724,Employee 1724,36,6.0,0,98.0,38,8.0,9.0,9.0,Low
1725,Employee 1725,29,5.0,1,70.0,32,6.0,3.0,5.0,Low
1726,Employee 1726,39,5.0,3,71.0,35,7.0,9.0,5.0,Low
1727,Employee 1727,47,9.0,4,64.0,41,8.0,7.0,8.0,Low
1728,Employee 1728,50,8.0,1,88.0,40,8.0,1.0,5.0,Low
1729,Employee 1729,45,9.0,0,80.0,49,7.0,4.0,7.0,Low
1730,Employee 1730,33,7.0,3,50.0,36,6.0,2.0,9.0,Low
1731,Employee 1731,46,9.0,2,73.0,40,7.0,4.0,6.0,Low
1732,Employee 1732,35,8.0,0,95.0,39,8.0,9.0,9.0,Low
1733,Employee 1733,20,6.0,4,58.0,36,5.0,7.0,8.0,Low
1734,Employee 1734,29,8.0,4,58.0,34,5.0,3.0,6.0,Low
1735,Employee 1735,42,5.0,0,78.0,38,7.0,9.0,9.0,Low
1736,Employee 1736,51,5.0,3,57.0,46,8.0,3.0,7.0,Low
1737,Employee 1737,54,6.0,0,62.0,32,9.0,2.0,6.0,Low
1738,Employee 1738,25,8.0,0,69.0,45,5.0,7.0,7.0,Low
1739,Employee 1739,45,5.0,2,55.0,30,8.0,2.0,9.0,Low
1740,Employee 1740,29,9.0,2,51.0,47,9.0,8.0,6.0,Low
1741,Employee 1741,31,5.0,3,54.0,36,6.0,7.0,6.0,Low
1742,Employee 1742,48,5.0,1,98.0,34,9.0,2.0,5.0,Low
1743,Employee 1743,52,7.0,1,78.0,49,8.0,4.0,9.0,Low
1744,Employee 1744,37,6.0,0,54.0,32,7.0,6.0,7.0,Low
1745,Employee 1745,49,8.0,2,75.0,43,5.0,4.0,7.0,Low
1746,Employee 1746,34,8.0,3,74.0,34,6.0,5.0,6.0,Low
1747,Employee 1747,55,8.0,3,72.0,49,5.0,3.0,5.0,Low
1748,Employee 1748,32,6.0,4,96.0,48,7.0,3.0,9.0,Low
1749,Employee 1749,38,6.0,1,67.0,43,7.0,5.0,7.0,Low
1750,Employee 1750,34,5.0,0,81.0,41,8.0,4.0,6.0,Low
1751,Employee 1751,41,7.0,3,93.0,36,7.0,7.0,9.0,Low
1752,Employee 1752,58,9.0,4,80.0,37,9.0,7.0,9.0,Low
1753,Employee 1753,28,9.0,1,53.0,33,5.0,8.0,7.0,Low
1754,Employee 1754,47,6.0,2,94.0,40,7.0,6.0,7.0,Low
1755,Employee 1755,30,8.0,3,58.0,40,7.0,7.0,9.0,Low
1756,Employee 1756,44,5.0,4,54.0,44,5.0,7.0,7.0,Low
1757,Employee 1757,53,8.0,3,57.0,40,6.0,8.0,5.0,Low
1758,Employee 1758,51,6.0,3,87.0,40,6.0,7.0,5.0,Low
1759,Employee 1759,27,9.0,2,57.0,32,8.0,2.0,5.0,Low
1760,Employee 1760,40,7.0,4,86.0,41,8.0,6.0,8.0,Low
1761,Employee 1761,44,9.0,4,53.0,44,6.0,5.0,5.0,Low
1762,Employee 1762,52,7.0,1,60.0,39,7.0,5.0,9.0,Low
1763,Employee 1763,49,7.0,0,57.0,43,6.0,4.0,9.0,Low
1764,Employee 1764,54,7.0,4,62.0,47,6.0,4.0,9.0,Low
1765,Employee 1765,48,6.0,2,86.0,30,9.0,6.0,6.0,Low
1766,Employee 1766,44,9.0,1,63.0,42,9.0,2.0,8.0,Low
1767,Employee 1767,40,5.0,1,68.0,39,5.0,2.0,9.0,Low
1768,Employee 1768,52,8.0,4,73.0,42,7.0,7.0,6.0,Low
1769,Employee 1769,36,9.0,1,62.0,33,7.0,2.0,9.0,Low
1770,Employee 1770,57,6.0,4,56.0,48,6.0,2.0,7.0,Low
1771,Employee 1771,59,8.0,4,94.0,42,6.0,2.0,6.0,Low
1772,Employee 1772,44,7.0,3,67.0,46,8.0,9.0,8.0,Low
1773,Employee 1773,47,6.0,1,81.0,45,6.0,9.0,8.0,Low
1774,Employee 1774,37,8.0,4,55.0,47,6.0,6.0,9.0,Low
1775,Employee 1775,53,8.0,1,79.0,38,6.0,4.0,7.0,Low
1776,Employee 1776,28,8.0,2,82.0,31,6.0,7.0,9.0,Low
1777,Employee 1777,32,7.0,3,67.0,31,7.0,5.0,6.0,Low
1778,Employee 1778,56,5.0,1,87.0,42,6.0,5.0,9.0,Low
1779,Employee 1779,28,6.0,1,84.0,38,8.0,9.0,6.0,Low
1780,Employee 1780,54,6.0,0,52.0,35,5.0,1.0,7.0,Low
1781,Employee 1781,44,6.0,3,58.0,47,6.0,9.0,8.0,Low
1782,Employee 1782,30,9.0,2,69.0,44,5.0,4.0,5.0,Low
1783,Employee 1783,58,6.0,4,55.0,31,8.0,9.0,5.0,Low
1784,Employee 1784,42,9.0,0,68.0,47,9.0,4.0,5.0,Low
1785,Employee 1785,44,5.0,0,77.0,35,9.0,4.0,6.0,Low
1786,Employee 1786,58,7.0,4,98.0,48,7.0,8.0,5.0,Low
1787,Employee 1787,24,7.0,4,87.0,32,8.0,3.0,6.0,Low
1788,Employee 1788,20,9.0,1,88.0,33,9.0,9.0,9.0,Low
1789,Employee 1789,53,5.0,2,89.0,45,5.0,6.0,5.0,Low
1790,Employee 1790,23,6.0,0,76.0,34,8.0,1.0,8.0,Low
1791,Employee 1791,50,6.0,3,56.0,46,7.0,5.0,5.0,Low
1792,Employee 1792,35,5.0,2,95.0,37,9.0,9.0,8.0,Low
1793,Employee 1793,55,5.0,2,79.0,42,5.0,1.0,8.0,Low
1794,Employee 1794,22,8.0,2,56.0,35,6.0,1.0,5.0,Low
1795,Employee 1795,55,8.0,2,91.0,36,5.0,2.0,7.0,Low
1796,Employee 1796,44,5.0,0,72.0,42,6.0,1.0,7.0,Low
1797,Employee 1797,57,7.0,2,53.0,34,5.0,4.0,9.0,Low
1798,Employee 1798,25,8.0,3,77.0,38,8.0,3.0,5.0,Low
1799,Employee 1799,33,7.0,1,73.0,32,7.0,7.0,8.0,Low
1800,Employee 1800,28,6.0,3,91.0,44,7.0,7.0,9.0,Low
1801,Employee 1801,44,5.0,0,83.0,40,7.0,9.0,5.0,Low
1802,Employee 1802,30,9.0,1,99.0,30,5.0,2.0,9.0,Low
1803,Employee 1803,56,7.0,2,92.0,46,8.0,3.0,9.0,Low
1804,Employee 1804,32,6.0,0,93.0,47,9.0,8.0,6.0,Low
1805,Employee 1805,26,5.0,0,60.0,39,8.0,8.0,5.0,Low
1806,Employee 1806,49,8.0,0,91.0,32,6.0,4.0,7.0,Low
1807,Employee 1807,52,8.0,4,57.0,48,5.0,6.0,6.0,Low
1808,Employee 1808,26,8.0,3,69.0,44,9.0,6.0,5.0,Low
1809,Employee 1809,50,8.0,2,56.0,33,9.0,9.0,5.0,Low
1810,Employee 1810,25,5.0,2,69.0,36,9.0,1.0,8.0,Low
1811,Employee 1811,58,8.0,0,85.0,43,8.0,9.0,7.0,Low
1812,Employee 1812,49,5.0,0,73.0,32,9.0,3.0,9.0,Low
1813,Employee 1813,57,8.0,3,69.0,43,6.0,6.0,6.0,Low
1814,Employee 1814,26,6.0,3,63.0,38,5.0,3.0,6.0,Low
1815,Employee 1815,20,8.0,1,56.0,48,9.0,6.0,9.0,Low
1816,Employee 1816,49,7.0,0,57.0,43,7.0,9.0,7.0,Low
1817,Employee 1817,38,7.0,1,67.0,37,5.0,4.0,6.0,Low
1818,Employee 1818,42,8.0,3,76.0,32,8.0,8.0,6.0,Low
1819,Employee 1819,29,9.0,4,74.0,32,7.0,5.0,9.0,Low
1820,Employee 1820,46,5.0,1,68.0,45,9.0,8.0,6.0,Low
1821,Employee 1821,33,8.0,3,74.0,39,9.0,3.0,6.0,Low
1822,Employee 1822,45,6.0,3,62.0,30,8.0,7.0,7.0,Low
1823,Employee 1823,43,5.0,2,88.0,37,8.0,7.0,8.0,Low
1824,Employee 1824,39,7.0,2,59.0,46,5.0,5.0,9.0,Low
1825,Employee 1825,28,5.0,3,59.0,45,7.0,2.0,5.0,Low
1826,Employee 1826,57,5.0,3,83.0,37,5.0,2.0,9.0,Low
1827,Employee 1827,47,5.0,0,64.0,41,7.0,3.0,8.0,Low
1828,Employee 1828,50,8.0,4,72.0,48,7.0,4.0,5.0,Low
1829,Employee 1829,38,9.0,2,77.0,43,6.0,3.0,6.0,Low
1830,Employee 1830,26,6.0,4,94.0,40,5.0,2.0,9.0,Low
1831,Employee 1831,33,7.0,1,64.0,44,8.0,5.0,8.0,Low
1832,Employee 1832,50,8.0,4,55.0,39,5.0,4.0,7.0,Low
1833,Employee 1833,37,5.0,4,76.0,45,5.0,5.0,6.0,Low
1834,Employee 1834,54,6.0,1,82.0,31,8.0,8.0,6.0,Low
1835,Employee 1835,35,5.0,2,56.0,46,6.0,4.0,9.0,Low
1836,Employee 1836,59,8.0,3,75.0,33,8.0,5.0,8.0,Low
1837,Employee 1837,51,8.0,1,67.0,35,9.0,8.0,8.0,Low
1838,Employee 1838,21,6.0,1,82.0,38,8.0,5.0,5.0,Low
1839,Employee 1839,52,8.0,4,97.0,46,7.0,9.0,7.0,Low
1840,Employee 1840,45,9.0,1,80.0,38,5.0,2.0,7.0,Low
1841,Employee 1841,39,5.0,2,54.0,44,7.0,7.0,6.0,Low
1842,Employee 1842,49,9.0,2,87.0,35,8.0,5.0,5.0,Low
1843,Employee 1843,32,6.0,1,72.0,47,7.0,7.0,9.0,Low
1844,Employee 1844,41,5.0,4,60.0,30,7.0,9.0,7.0,Low
1845,Employee 1845,43,9.0,0,52.0,33,6.0,6.0,7.0,Low
1846,Employee 1846,21,7.0,1,97.0,31,6.0,5.0,9.0,Low
1847,Employee 1847,47,5.0,4,87.0,33,8.0,4.0,9.0,Low
1848,Employee 1848,28,5.0,4,86.0,48,8.0,2.0,5.0,Low
1849,Employee 1849,42,6.0,1,62.0,33,5.0,2.0,9.0,Low
1850,Employee 1850,37,9.0,3,73.0,49,6.0,2.0,8.0,Low
1851,Employee 1851,51,9.0,3,95.0,35,6.0,5.0,7.0,Low
1852,Employee 1852,25,7.0,3,84.0,32,5.0,2.0,7.0,Low
1853,Employee 1853,56,9.0,1,58.0,37,9.0,4.0,8.0,Low
1854,Employee 1854,53,5.0,0,56.0,46,8.0,8.0,8.0,Low
1855,Employee 1855,33,7.0,4,99.0,47,7.0,3.0,6.0,Low
1856,Employee 1856,33,8.0,0,99.0,34,6.0,7.0,6.0,Low
1857,Employee 1857,56,5.0,0,54.0,41,9.0,9.0,6.0,Low
1858,Employee 1858,50,9.0,0,59.0,42,6.0,2.0,8.0,Low
1859,Employee 1859,39,7.0,1,70.0,47,7.0,1.0,9.0,Low
1860,Employee 1860,39,7.0,3,63.0,48,8.0,6.0,6.0,Low
1861,Employee 1861,52,5.0,2,78.0,33,9.0,2.0,5.0,Low
1862,Employee 1862,26,8.0,4,92.0,34,6.0,8.0,9.0,Low
1863,Employee 1863,27,7.0,2,74.0,46,6.0,3.0,9.0,Low
1864,Employee 1864,50,5.0,3,51.0,47,7.0,3.0,6.0,Low
1865,Employee 1865,52,8.0,2,57.0,47,9.0,8.0,8.0,Low
1866,Employee 1866,43,8.0,4,71.0,37,9.0,6.0,6.0,Low
1867,Employee 1867,40,9.0,3,91.0,45,8.0,1.0,8.0,Low
1868,Employee 1868,36,5.0,0,55.0,31,7.0,7.0,9.0,Low
1869,Employee 1869,40,7.0,3,94.0,44,8.0,4.0,5.0,Low
1870,Employee 1870,23,6.0,0,81.0,33,6.0,3.0,6.0,Low
1871,Employee 1871,57,5.0,3,56.0,45,7.0,6.0,9.0,Low
1872,Employee 1872,44,9.0,2,63.0,30,8.0,1.0,8.0,Low
1873,Employee 1873,44,8.0,4,78.0,30,8.0,4.0,6.0,Low
1874,Employee 1874,58,6.0,2,90.0,36,5.0,3.0,8.0,Low
1875,Employee 1875,55,6.0,3,82.0,38,9.0,5.0,9.0,Low
1876,Employee 1876,50,7.0,0,91.0,44,8.0,6.0,6.0,Low
1877,Employee 1877,27,7.0,0,87.0,43,9.0,5.0,9.0,Low
1878,Employee 1878,48,6.0,4,88.0,40,8.0,9.0,8.0,Low
1879,Employee 1879,42,8.0,0,64.0,37,8.0,8.0,6.0,Low
1880,Employee 1880,56,5.0,2,99.0,41,8.0,8.0,8.0,Low
1881,Employee 1881,26,7.0,3,56.0,43,7.0,4.0,9.0,Low
1882,Employee 1882,58,8.0,4,87.0,47,9.0,6.0,6.0,Low
1883,Employee 1883,31,9.0,2,86.0,38,9.0,5.0,6.0,Low
1884,Employee 1884,27,8.0,2,66.0,37,9.0,1.0,8.0,Low
1885,Employee 1885,32,5.0,0,78.0,31,5.0,6.0,6.0,Low
1886,Employee 1886,43,7.0,2,50.0,39,5.0,4.0,7.0,Low
1887,Employee 1887,57,7.0,3,51.0,49,5.0,2.0,8.0,Low
1888,Employee 1888,54,8.0,2,52.0,43,7.0,9.0,5.0,Low
1889,Employee 1889,45,5.0,1,66.0,30,7.0,7.0,9.0,Low
1890,Employee 1890,38,5.0,4,83.0,46,6.0,2.0,5.0,Low
1891,Employee 1891,27,9.0,2,85.0,38,7.0,8.0,8.0,Low
1892,Employee 1892,52,7.0,0,56.0,47,9.0,1.0,5.0,Low
1893,Employee 1893,38,7.0,1,75.0,38,7.0,3.0,8.0,Low
1894,Employee 1894,47,8.0,2,89.0,39,8.0,6.0,5.0,Low
1895,Employee 1895,42,9.0,2,63.0,43,6.0,7.0,9.0,Low
1896,Employee 1896,35,5.0,4,64.0,38,9.0,8.0,8.0,Low
1897,Employee 1897,45,8.0,1,50.0,30,8.0,6.0,8.0,Low
1898,Employee 1898,49,7.0,3,60.0,36,7.0,6.0,7.0,Low
1899,Employee 1899,46,8.0,2,95.0,32,5.0,6.0,5.0,Low
1900,Employee 1900,21,5.0,0,78.0,41,8.0,6.0,7.0,Low
1901,Employee 1901,56,6.0,2,87.0,43,5.0,9.0,8.0,Low
1902,Employee 1902,22,7.0,0,63.0,30,5.0,1.0,7.0,Low
1903,Employee 1903,26,9.0,4,73.0,31,8.0,9.0,5.0,Low
1904,Employee 1904,23,5.0,1,53.0,49,9.0,6.0,7.0,Low
1905,Employee 1905,49,5.0,1,66.0,46,5.0,1.0,9.0,Low
1906,Employee 1906,25,9.0,3,56.0,40,5.0,7.0,8.0,Low
1907,Employee 1907,38,8.0,0,62.0,43,5.0,7.0,5.0,Low
1908,Employee 1908,47,8.0,2,85.0,34,7.0,2.0,8.0,Low
1909,Employee 1909,53,6.0,3,92.0,38,6.0,4.0,5.0,Low
1910,Employee 1910,59,7.0,2,86.0,38,7.0,4.0,7.0,Low
1911,Employee 1911,39,6.0,1,73.0,40,6.0,4.0,8.0,Low
1912,Employee 1912,47,8.0,2,93.0,43,8.0,2.0,8.0,Low
1913,Employee 1913,33,9.0,0,95.0,37,6.0,1.0,7.0,Low
1914,Employee 1914,38,5.0,4,77.0,40,5.0,9.0,8.0,Low
1915,Employee 1915,30,5.0,3,55.0,44,5.0,1.0,6.0,Low
1916,Employee 1916,41,9.0,3,72.0,37,6.0,9.0,6.0,Low
1917,Employee 1917,39,5.0,3,88.0,42,7.0,7.0,9.0,Low
1918,Employee 1918,52,7.0,3,73.0,43,9.0,3.0,9.0,Low
1919,Employee 1919,28,7.0,1,86.0,35,5.0,2.0,7.0,Low
1920,Employee 1920,45,8.0,3,69.0,34,5.0,7.0,9.0,Low
1921,Employee 1921,39,8.0,0,83.0,49,5.0,8.0,7.0,Low
1922,Employee 1922,28,6.0,3,81.0,43,6.0,5.0,9.0,Low
1923,Employee 1923,33,5.0,1,89.0,44,6.0,9.0,6.0,Low
1924,Employee 1924,22,5.0,3,97.0,43,7.0,8.0,5.0,Low
1925,Employee 1925,41,7.0,1,57.0,31,6.0,5.0,8.0,Low
1926,Employee 1926,46,7.0,4,54.0,46,7.0,6.0,8.0,Low
1927,Employee 1927,26,9.0,3,54.0,42,6.0,1.0,7.0,Low
1928,Employee 1928,46,8.0,4,62.0,39,9.0,2.0,5.0,Low
1929,Employee 1929,35,9.0,2,84.0,40,7.0,4.0,9.0,Low
1930,Employee 1930,25,9.0,2,61.0,30,8.0,5.0,8.0,Low
1931,Employee 1931,28,6.0,4,58.0,33,5.0,4.0,8.0,Low
1932,Employee 1932,37,6.0,0,82.0,30,5.0,2.0,9.0,Low
1933,Employee 1933,52,5.0,1,76.0,43,5.0,9.0,6.0,Low
1934,Employee 1934,46,5.0,3,56.0,46,5.0,6.0,7.0,Low
1935,Employee 1935,50,7.0,0,76.0,43,5.0,2.0,7.0,Low
1936,Employee 1936,36,5.0,0,56.0,38,7.0,5.0,9.0,Low
1937,Employee 1937,31,9.0,2,94.0,37,7.0,9.0,8.0,Low
1938,Employee 1938,20,9.0,0,88.0,42,8.0,8.0,5.0,Low
1939,Employee 1939,58,7.0,0,59.0,45,6.0,2.0,5.0,Low
1940,Employee 1940,59,9.0,3,53.0,35,8.0,8.0,8.0,Low
1941,Employee 1941,53,9.0,4,60.0,43,5.0,6.0,9.0,Low
1942,Employee 1942,47,5.0,3,54.0,41,9.0,1.0,6.0,Low
1943,Employee 1943,27,9.0,1,96.0,35,7.0,7.0,8.0,Low
1944,Employee 1944,28,9.0,0,67.0,38,9.0,1.0,7.0,Low
1945,Employee 1945,26,7.0,0,97.0,37,7.0,7.0,5.0,Low
1946,Employee 1946,38,9.0,4,86.0,47,5.0,4.0,5.0,Low
1947,Employee 1947,20,6.0,3,68.0,40,7.0,6.0,6.0,Low
1948,Employee 1948,22,5.0,1,82.0,45,8.0,5.0,7.0,Low
1949,Employee 1949,54,7.0,0,76.0,45,6.0,8.0,8.0,Low
1950,Employee 1950,57,9.0,3,61.0,35,7.0,1.0,6.0,Low
1951,Employee 1951,26,5.0,4,51.0,34,7.0,6.0,8.0,Low
1952,Employee 1952,31,8.0,1,65.0,37,8.0,9.0,7.0,Low
1953,Employee 1953,48,8.0,3,71.0,40,9.0,7.0,6.0,Low
1954,Employee 1954,58,9.0,1,59.0,46,7.0,8.0,9.0,Low
1955,Employee 1955,37,7.0,2,94.0,47,6.0,4.0,8.0,Low
1956,Employee 1956,54,6.0,0,71.0,36,7.0,2.0,9.0,Low
1957,Employee 1957,49,9.0,2,92.0,34,5.0,6.0,5.0,Low
1958,Employee 1958,54,7.0,1,71.0,34,8.0,6.0,7.0,Low
1959,Employee 1959,59,5.0,1,73.0,33,6.0,8.0,7.0,Low
1960,Employee 1960,56,9.0,0,59.0,42,5.0,1.0,8.0,Low
1961,Employee 1961,34,7.0,2,80.0,45,6.0,4.0,5.0,Low
1962,Employee 1962,38,7.0,2,94.0,39,9.0,9.0,8.0,Low
1963,Employee 1963,24,8.0,2,99.0,45,6.0,7.0,7.0,Low
1964,Employee 1964,52,9.0,0,86.0,30,9.0,6.0,5.0,Low
1965,Employee 1965,53,5.0,0,64.0,30,8.0,9.0,9.0,Low
1966,Employee 1966,40,6.0,2,99.0,33,9.0,4.0,5.0,Low
1967,Employee 1967,20,6.0,3,77.0,43,9.0,4.0,8.0,Low
1968,Employee 1968,56,7.0,2,88.0,47,5.0,9.0,8.0,Low
1969,Employee 1969,38,7.0,4,83.0,42,7.0,9.0,7.0,Low
1970,Employee 1970,35,5.0,2,95.0,43,7.0,6.0,5.0,Low
1971,Employee 1971,21,7.0,1,98.0,40,9.0,7.0,8.0,Low
1972,Employee 1972,25,6.0,4,57.0,35,6.0,9.0,9.0,Low
1973,Employee 1973,32,5.0,4,77.0,45,5.0,6.0,7.0,Low
1974,Employee 1974,38,6.0,3,81.0,35,7.0,5.0,7.0,Low
1975,Employee 1975,23,9.0,4,87.0,49,7.0,8.0,7.0,Low
1976,Employee 1976,36,6.0,1,62.0,36,6.0,2.0,5.0,Low
1977,Employee 1977,28,9.0,0,67.0,45,7.0,8.0,9.0,Low
1978,Employee 1978,45,8.0,2,92.0,45,7.0,7.0,8.0,Low
1979,Employee 1979,31,5.0,0,94.0,37,5.0,7.0,9.0,Low
1980,Employee 1980,20,8.0,4,60.0,31,8.0,5.0,7.0,Low
1981,Employee 1981,47,5.0,1,52.0,49,7.0,4.0,9.0,Low
1982,Employee 1982,43,9.0,4,62.0,36,7.0,9.0,8.0,Low
1983,Employee 1983,23,6.0,2,56.0,34,5.0,2.0,8.0,Low
1984,Employee 1984,47,6.0,3,59.0,41,7.0,1.0,9.0,Low
1985,Employee 1985,45,9.0,0,92.0,39,5.0,2.0,5.0,Low
1986,Employee 1986,57,5.0,0,70.0,34,6.0,5.0,6.0,Low
1987,Employee 1987,29,8.0,0,66.0,41,7.0,8.0,6.0,Low
1988,Employee 1988,43,6.0,2,86.0,34,6.0,1.0,7.0,Low
1989,Employee 1989,51,6.0,3,74.0,39,8.0,9.0,9.0,Low
1990,Employee 1990,58,5.0,1,90.0,41,7.0,8.0,5.0,Low
1991,Employee 1991,49,7.0,4,65.0,42,9.0,6.0,6.0,Low
1992,Employee 1992,23,6.0,2,85.0,47,8.0,1.0,7.0,Low
1993,Employee 1993,38,6.0,2,93.0,40,7.0,7.0,6.0,Low
1994,Employee 1994,43,6.0,1,55.0,33,5.0,1.0,7.0,Low
1995,Employee 1995,30,6.0,4,60.0,37,8.0,8.0,5.0,Low
1996,Employee 1996,48,7.0,4,59.0,47,5.0,9.0,9.0,Low
1997,Employee 1997,36,5.0,4,71.0,35,8.0,1.0,5.0,Low
1998,Employee 1998,23,8.0,2,74.0,34,7.0,1.0,7.0,Low
1999,Employee 1999,30,9.0,4,74.0,39,7.0,5.0,6.0,Low
2000,Employee 2000,31,6.0,0,99.0,45,7.0,7.0,5.0,Low
2001,Employee 2001,38,8.0,4,60.0,49,5.0,4.0,9.0,Low
2002,Employee 2002,35,7.0,4,61.0,36,8.0,5.0,7.0,Low
2003,Employee 2003,20,6.0,0,80.0,39,8.0,7.0,9.0,Low
2004,Employee 2004,21,9.0,0,87.0,31,7.0,7.0,7.0,Low
2005,Employee 2005,50,6.0,2,76.0,47,6.0,3.0,5.0,Low
2006,Employee 2006,22,5.0,1,69.0,31,7.0,1.0,5.0,Low
2007,Employee 2007,22,6.0,2,98.0,46,7.0,2.0,6.0,Low
2008,Employee 2008,39,9.0,1,83.0,36,9.0,2.0,7.0,Low
2009,Employee 2009,56,9.0,4,98.0,36,5.0,2.0,6.0,Low
2010,Employee 2010,41,7.0,3,88.0,36,8.0,5.0,7.0,Low
2011,Employee 2011,59,5.0,3,87.0,45,5.0,2.0,8.0,Low
2012,Employee 2012,25,6.0,3,85.0,36,5.0,5.0,5.0,Low
2013,Employee 2013,24,5.0,1,90.0,40,7.0,8.0,7.0,Low
2014,Employee 2014,21,8.0,3,90.0,35,9.0,5.0,6.0,Low
2015,Employee 2015,22,9.0,3,59.0,39,5.0,3.0,8.0,Low
2016,Employee 2016,34,7.0,1,61.0,39,8.0,3.0,7.0,Low
2017,Employee 2017,27,9.0,1,88.0,34,9.0,3.0,7.0,Low
2018,Employee 2018,40,6.0,0,51.0,48,6.0,2.0,9.0,Low
2019,Employee 2019,49,8.0,2,53.0,31,5.0,9.0,5.0,Low
2020,Employee 2020,38,6.0,0,72.0,34,8.0,9.0,9.0,Low
2021,Employee 2021,34,9.0,2,78.0,37,6.0,1.0,6.0,Low
2022,Employee 2022,25,8.0,0,51.0,47,5.0,4.0,9.0,Low
2023,Employee 2023,31,8.0,0,65.0,37,6.0,9.0,8.0,Low
2024,Employee 2024,30,8.0,1,88.0,33,6.0,1.0,6.0,Low
2025,Employee 2025,24,5.0,2,97.0,38,6.0,5.0,9.0,Low
2026,Employee 2026,57,8.0,4,77.0,43,5.0,6.0,8.0,Low
2027,Employee 2027,28,7.0,4,74.0,41,5.0,7.0,5.0,Low
2028,Employee 2028,28,7.0,4,94.0,35,8.0,9.0,5.0,Low
2029,Employee 2029,51,7.0,4,51.0,46,5.0,8.0,6.0,Low
2030,Employee 2030,33,9.0,1,58.0,37,9.0,3.0,6.0,Low
2031,Employee 2031,23,8.0,2,50.0,31,9.0,7.0,7.0,Low
2032,Employee 2032,46,8.0,4,60.0,36,8.0,8.0,7.0,Low
2033,Employee 2033,34,9.0,1,86.0,49,6.0,3.0,8.0,Low
2034,Employee 2034,45,8.0,2,90.0,40,7.0,7.0,5.0,Low
2035,Employee 2035,23,7.0,4,91.0,44,5.0,3.0,5.0,Low
2036,Employee 2036,54,9.0,2,97.0,31,9.0,1.0,7.0,Low
2037,Employee 2037,59,7.0,0,63.0,40,5.0,4.0,8.0,Low
2038,Employee 2038,52,8.0,3,76.0,35,5.0,4.0,9.0,Low
2039,Employee 2039,54,7.0,1,60.0,38,6.0,7.0,5.0,Low
2040,Employee 2040,42,5.0,2,63.0,45,6.0,2.0,5.0,Low
2041,Employee 2041,55,8.0,0,99.0,42,7.0,4.0,9.0,Low
2042,Employee 2042,27,7.0,2,90.0,38,5.0,7.0,9.0,Low
2043,Employee 2043,43,5.0,1,76.0,48,9.0,2.0,8.0,Low
2044,Employee 2044,35,8.0,3,51.0,46,8.0,2.0,8.0,Low
2045,Employee 2045,49,6.0,2,80.0,31,7.0,1.0,9.0,Low
2046,Employee 2046,28,5.0,0,89.0,33,9.0,3.0,8.0,Low
2047,Employee 2047,46,9.0,3,76.0,49,9.0,9.0,6.0,Low
2048,Employee 2048,57,8.0,1,82.0,45,7.0,4.0,5.0,Low
2049,Employee 2049,38,6.0,1,62.0,38,8.0,1.0,7.0,Low
2050,Employee 2050,40,7.0,3,84.0,30,9.0,2.0,6.0,Low
2051,Employee 2051,37,5.0,0,88.0,35,9.0,1.0,8.0,Low
2052,Employee 2052,29,7.0,3,77.0,37,5.0,3.0,6.0,Low
2053,Employee 2053,46,8.0,3,78.0,34,9.0,9.0,5.0,Low
2054,Employee 2054,21,5.0,3,96.0,37,6.0,2.0,8.0,Low
2055,Employee 2055,28,9.0,1,84.0,37,8.0,6.0,8.0,Low
2056,Employee 2056,37,5.0,3,74.0,47,5.0,4.0,9.0,Low
2057,Employee 2057,27,9.0,1,67.0,40,6.0,2.0,9.0,Low
2058,Employee 2058,24,7.0,1,92.0,49,9.0,8.0,8.0,Low
2059,Employee 2059,50,6.0,0,58.0,42,9.0,4.0,6.0,Low
2060,Employee 2060,22,9.0,1,98.0,37,5.0,8.0,9.0,Low
2061,Employee 2061,26,5.0,0,79.0,32,6.0,5.0,7.0,Low
2062,Employee 2062,21,8.0,4,75.0,36,8.0,3.0,8.0,Low
2063,Employee 2063,54,5.0,0,79.0,32,6.0,6.0,8.0,Low
2064,Employee 2064,49,5.0,0,69.0,36,5.0,6.0,7.0,Low
2065,Employee 2065,43,9.0,4,68.0,49,7.0,9.0,5.0,Low
2066,Employee 2066,32,8.0,3,65.0,30,9.0,8.0,6.0,Low
2067,Employee 2067,38,7.0,2,69.0,43,6.0,4.0,9.0,Low
2068,Employee 2068,28,6.0,4,61.0,31,6.0,2.0,5.0,Low
2069,Employee 2069,28,7.0,3,87.0,40,8.0,9.0,9.0,Low
2070,Employee 2070,51,8.0,1,55.0,36,6.0,6.0,6.0,Low
2071,Employee 2071,49,6.0,3,70.0,43,5.0,8.0,8.0,Low
2072,Employee 2072,45,5.0,4,53.0,44,7.0,8.0,8.0,Low
2073,Employee 2073,23,6.0,3,50.0,33,6.0,8.0,8.0,Low
2074,Employee 2074,27,5.0,1,86.0,33,8.0,2.0,9.0,Low
2075,Employee 2075,29,6.0,4,52.0,35,7.0,4.0,7.0,Low
2076,Employee 2076,34,9.0,1,81.0,45,5.0,7.0,6.0,Low
2077,Employee 2077,44,7.0,4,63.0,31,7.0,2.0,5.0,Low
2078,Employee 2078,59,5.0,0,62.0,38,8.0,6.0,6.0,Low
2079,Employee 2079,27,8.0,0,66.0,33,5.0,6.0,8.0,Low
2080,Employee 2080,44,9.0,3,88.0,47,6.0,9.0,9.0,Low
2081,Employee 2081,52,9.0,3,71.0,35,8.0,6.0,8.0,Low
2082,Employee 2082,21,5.0,4,96.0,49,9.0,9.0,9.0,Low
2083,Employee 2083,33,5.0,4,72.0,33,6.0,7.0,7.0,Low
2084,Employee 2084,20,8.0,0,55.0,42,6.0,5.0,6.0,Low
2085,Employee 2085,39,9.0,3,51.0,36,5.0,4.0,8.0,Low
2086,Employee 2086,23,5.0,2,98.0,47,9.0,5.0,6.0,Low
2087,Employee 2087,28,8.0,2,75.0,36,7.0,5.0,8.0,Low
2088,Employee 2088,31,6.0,3,64.0,41,7.0,3.0,9.0,Low
2089,Employee 2089,48,5.0,4,85.0,45,7.0,8.0,9.0,Low
2090,Employee 2090,29,5.0,0,69.0,30,9.0,5.0,6.0,Low
2091,Employee 2091,23,9.0,0,90.0,34,6.0,2.0,8.0,Low
2092,Employee 2092,27,8.0,4,99.0,36,8.0,2.0,7.0,Low
2093,Employee 2093,22,5.0,3,78.0,41,5.0,3.0,6.0,Low
2094,Employee 2094,49,7.0,4,86.0,38,6.0,6.0,7.0,Low
2095,Employee 2095,42,6.0,1,90.0,34,6.0,5.0,6.0,Low
2096,Employee 2096,21,9.0,3,58.0,39,6.0,3.0,5.0,Low
2097,Employee 2097,25,6.0,3,71.0,30,9.0,7.0,5.0,Low
2098,Employee 2098,31,8.0,1,67.0,44,7.0,5.0,7.0,Low
2099,Employee 2099,51,5.0,2,86.0,43,8.0,4.0,5.0,Low
2100,Employee 2100,39,9.0,0,59.0,39,9.0,2.0,9.0,Low
2101,Employee 2101,58,7.0,3,85.0,41,9.0,9.0,6.0,Low
2102,Employee 2102,41,6.0,0,98.0,35,8.0,5.0,7.0,Low
2103,Employee 2103,52,9.0,0,82.0,43,9.0,3.0,6.0,Low
2104,Employee 2104,32,6.0,3,55.0,41,5.0,5.0,6.0,Low
2105,Employee 2105,31,9.0,4,79.0,43,5.0,5.0,6.0,Low
2106,Employee 2106,33,6.0,2,70.0,41,8.0,4.0,6.0,Low
2107,Employee 2107,47,7.0,3,51.0,46,6.0,6.0,6.0,Low
2108,Employee 2108,58,9.0,3,72.0,34,6.0,6.0,8.0,Low
2109,Employee 2109,26,6.0,4,77.0,38,8.0,7.0,8.0,Low
2110,Employee 2110,24,5.0,0,62.0,31,8.0,8.0,8.0,Low
2111,Employee 2111,52,8.0,1,93.0,41,9.0,2.0,8.0,Low
2112,Employee 2112,57,7.0,4,86.0,34,7.0,2.0,6.0,Low
2113,Employee 2113,26,7.0,2,67.0,40,7.0,9.0,8.0,Low
2114,Employee 2114,32,9.0,3,79.0,41,9.0,9.0,5.0,Low
2115,Employee 2115,34,7.0,4,74.0,30,9.0,3.0,6.0,Low
2116,Employee 2116,35,7.0,1,63.0,31,6.0,3.0,5.0,Low
2117,Employee 2117,25,6.0,4,51.0,41,5.0,9.0,9.0,Low
2118,Employee 2118,24,6.0,1,61.0,32,7.0,1.0,7.0,Low
2119,Employee 2119,54,8.0,0,63.0,30,6.0,9.0,6.0,Low
2120,Employee 2120,26,9.0,4,52.0,43,7.0,3.0,8.0,Low
2121,Employee 2121,51,6.0,2,89.0,36,5.0,4.0,5.0,Low
2122,Employee 2122,49,9.0,0,85.0,36,9.0,5.0,7.0,Low
2123,Employee 2123,49,9.0,1,69.0,44,7.0,9.0,5.0,Low
2124,Employee 2124,31,9.0,3,95.0,40,7.0,4.0,7.0,Low
2125,Employee 2125,33,9.0,4,62.0,38,6.0,1.0,6.0,Low
2126,Employee 2126,26,9.0,1,86.0,49,5.0,3.0,9.0,Low
2127,Employee 2127,46,8.0,3,60.0,38,5.0,7.0,9.0,Low
2128,Employee 2128,50,8.0,4,74.0,46,8.0,3.0,9.0,Low
2129,Employee 2129,39,9.0,0,63.0,30,5.0,6.0,9.0,Low
2130,Employee 2130,53,7.0,1,79.0,35,8.0,6.0,7.0,Low
2131,Employee 2131,34,9.0,0,56.0,40,9.0,8.0,5.0,Low
2132,Employee 2132,54,5.0,0,91.0,45,8.0,7.0,9.0,Low
2133,Employee 2133,57,9.0,1,91.0,40,6.0,8.0,5.0,Low
2134,Employee 2134,28,9.0,0,56.0,39,5.0,9.0,8.0,Low
2135,Employee 2135,43,8.0,3,50.0,43,6.0,1.0,6.0,Low
2136,Employee 2136,50,9.0,1,58.0,39,9.0,6.0,6.0,Low
2137,Employee 2137,54,5.0,0,85.0,33,7.0,9.0,7.0,Low
2138,Employee 2138,53,8.0,4,59.0,44,8.0,1.0,7.0,Low
2139,Employee 2139,45,5.0,0,90.0,31,5.0,5.0,8.0,Low
2140,Employee 2140,57,6.0,1,91.0,44,5.0,2.0,9.0,Low
2141,Employee 2141,53,9.0,0,73.0,30,5.0,5.0,7.0,Low
2142,Employee 2142,36,5.0,1,71.0,37,5.0,5.0,6.0,Low
2143,Employee 2143,50,7.0,0,82.0,46,8.0,5.0,9.0,Low
2144,Employee 2144,42,7.0,3,51.0,33,5.0,9.0,8.0,Low
2145,Employee 2145,41,5.0,3,96.0,33,9.0,2.0,9.0,Low
2146,Employee 2146,51,5.0,2,87.0,41,7.0,9.0,7.0,Low
2147,Employee 2147,47,5.0,4,89.0,36,9.0,5.0,6.0,Low
2148,Employee 2148,54,5.0,0,94.0,34,6.0,6.0,6.0,Low
2149,Employee 2149,57,5.0,0,83.0,48,6.0,8.0,6.0,Low
2150,Employee 2150,26,8.0,4,99.0,38,5.0,8.0,8.0,Low
2151,Employee 2151,23,9.0,2,95.0,31,5.0,2.0,5.0,Low
2152,Employee 2152,58,7.0,1,82.0,41,7.0,2.0,7.0,Low
2153,Employee 2153,21,8.0,0,65.0,44,7.0,9.0,6.0,Low
2154,Employee 2154,33,5.0,3,50.0,40,8.0,1.0,7.0,Low
2155,Employee 2155,26,8.0,0,65.0,39,7.0,9.0,7.0,Low
2156,Employee 2156,28,5.0,0,75.0,32,7.0,6.0,6.0,Low
2157,Employee 2157,33,8.0,4,63.0,47,7.0,5.0,5.0,Low
2158,Employee 2158,43,6.0,0,55.0,44,9.0,8.0,8.0,Low
2159,Employee 2159,30,6.0,0,62.0,49,6.0,3.0,9.0,Low
2160,Employee 2160,33,6.0,1,71.0,40,6.0,1.0,9.0,Low
2161,Employee 2161,32,5.0,4,99.0,32,9.0,9.0,8.0,Low
2162,Employee 2162,58,6.0,2,74.0,38,7.0,4.0,8.0,Low
2163,Employee 2163,47,9.0,4,73.0,32,5.0,6.0,5.0,Low
2164,Employee 2164,52,6.0,2,58.0,33,9.0,3.0,6.0,Low
2165,Employee 2165,27,8.0,4,54.0,46,6.0,9.0,7.0,Low
2166,Employee 2166,46,8.0,3,75.0,45,5.0,7.0,5.0,Low
2167,Employee 2167,20,9.0,2,76.0,33,5.0,5.0,6.0,Low
2168,Employee 2168,49,8.0,2,85.0,47,9.0,5.0,8.0,Low
2169,Employee 2169,21,5.0,1,76.0,49,9.0,1.0,8.0,Low
2170,Employee 2170,38,9.0,2,63.0,48,6.0,9.0,5.0,Low
2171,Employee 2171,50,9.0,1,87.0,40,7.0,2.0,7.0,Low
2172,Employee 2172,51,7.0,3,94.0,43,8.0,5.0,5.0,Low
2173,Employee 2173,52,6.0,3,64.0,47,7.0,1.0,5.0,Low
2174,Employee 2174,36,6.0,0,58.0,37,8.0,6.0,8.0,Low
2175,Employee 2175,50,8.0,1,57.0,42,7.0,9.0,7.0,Low
2176,Employee 2176,42,9.0,4,99.0,45,6.0,8.0,6.0,Low
2177,Employee 2177,35,5.0,0,57.0,39,5.0,5.0,6.0,Low
2178,Employee 2178,55,9.0,1,87.0,42,6.0,7.0,8.0,Low
2179,Employee 2179,43,8.0,1,99.0,33,8.0,3.0,7.0,Low
2180,Employee 2180,22,9.0,4,65.0,33,6.0,6.0,5.0,Low
2181,Employee 2181,44,5.0,1,91.0,43,6.0,8.0,9.0,Low
2182,Employee 2182,42,8.0,3,85.0,37,8.0,8.0,5.0,Low
2183,Employee 2183,32,8.0,3,97.0,33,7.0,6.0,8.0,Low
2184,Employee 2184,51,6.0,0,78.0,46,5.0,3.0,9.0,Low
2185,Employee 2185,51,9.0,1,92.0,42,8.0,7.0,8.0,Low
2186,Employee 2186,58,5.0,0,98.0,45,8.0,9.0,9.0,Low
2187,Employee 2187,32,7.0,1,90.0,30,7.0,7.0,5.0,Low
2188,Employee 2188,54,9.0,2,73.0,32,8.0,4.0,5.0,Low
2189,Employee 2189,25,9.0,0,76.0,48,8.0,1.0,8.0,Low
2190,Employee 2190,28,9.0,3,51.0,42,9.0,3.0,6.0,Low
2191,Employee 2191,45,6.0,1,88.0,39,9.0,5.0,6.0,Low
2192,Employee 2192,40,5.0,1,87.0,44,6.0,3.0,9.0,Low
2193,Employee 2193,25,9.0,2,86.0,39,6.0,3.0,7.0,Low
2194,Employee 2194,33,9.0,4,84.0,34,7.0,3.0,5.0,Low
2195,Employee 2195,31,9.0,3,84.0,37,8.0,2.0,8.0,Low
2196,Employee 2196,34,7.0,3,51.0,33,5.0,3.0,7.0,Low
2197,Employee 2197,28,5.0,1,72.0,46,5.0,9.0,7.0,Low
2198,Employee 2198,32,9.0,3,53.0,49,7.0,4.0,8.0,Low
2199,Employee 2199,24,5.0,2,80.0,45,8.0,6.0,5.0,Low
2200,Employee 2200,33,9.0,0,62.0,30,8.0,1.0,6.0,Low
2201,Employee 2201,57,8.0,0,72.0,35,9.0,1.0,7.0,Low
2202,Employee 2202,36,6.0,2,93.0,44,9.0,5.0,5.0,Low
2203,Employee 2203,46,5.0,1,68.0,43,7.0,1.0,5.0,Low
2204,Employee 2204,57,8.0,0,69.0,42,6.0,6.0,7.0,Low
2205,Employee 2205,57,9.0,3,50.0,40,9.0,9.0,5.0,Low
2206,Employee 2206,33,9.0,0,94.0,49,6.0,7.0,9.0,Low
2207,Employee 2207,48,6.0,3,86.0,34,8.0,2.0,8.0,Low
2208,Employee 2208,47,5.0,2,92.0,42,7.0,4.0,7.0,Low
2209,Employee 2209,49,5.0,2,80.0,49,9.0,1.0,6.0,Low
2210,Employee 2210,32,6.0,3,66.0,33,9.0,3.0,6.0,Low
2211,Employee 2211,25,8.0,0,69.0,45,9.0,7.0,5.0,Low
2212,Employee 2212,44,8.0,4,87.0,44,8.0,8.0,8.0,Low
2213,Employee 2213,29,5.0,0,80.0,39,8.0,1.0,9.0,Low
2214,Employee 2214,55,8.0,0,90.0,31,9.0,2.0,8.0,Low
2215,Employee 2215,41,9.0,4,86.0,34,8.0,5.0,5.0,Low
2216,Employee 2216,50,8.0,2,59.0,31,9.0,7.0,7.0,Low
2217,Employee 2217,56,8.0,2,58.0,37,9.0,9.0,9.0,Low
2218,Employee 2218,48,8.0,2,87.0,42,8.0,8.0,7.0,Low
2219,Employee 2219,26,5.0,3,62.0,35,8.0,6.0,7.0,Low
2220,Employee 2220,28,5.0,1,70.0,44,6.0,1.0,9.0,Low
2221,Employee 2221,53,6.0,1,67.0,44,9.0,5.0,9.0,Low
2222,Employee 2222,37,6.0,1,95.0,43,8.0,1.0,8.0,Low
2223,Employee 2223,32,8.0,0,50.0,44,8.0,1.0,9.0,Low
2224,Employee 2224,34,9.0,3,84.0,33,8.0,5.0,6.0,Low
2225,Employee 2225,53,8.0,2,60.0,41,5.0,6.0,7.0,Low
2226,Employee 2226,24,9.0,3,99.0,49,8.0,6.0,5.0,Low
2227,Employee 2227,45,8.0,4,64.0,44,9.0,6.0,6.0,Low
2228,Employee 2228,59,7.0,1,97.0,39,5.0,4.0,7.0,Low
2229,Employee 2229,43,6.0,3,95.0,49,9.0,7.0,7.0,Low
2230,Employee 2230,37,9.0,0,63.0,34,6.0,8.0,7.0,Low
2231,Employee 2231,35,5.0,3,55.0,39,9.0,6.0,5.0,Low
2232,Employee 2232,49,6.0,2,94.0,30,9.0,9.0,7.0,Low
2233,Employee 2233,32,8.0,3,56.0,41,6.0,3.0,8.0,Low
2234,Employee 2234,35,9.0,1,85.0,36,5.0,6.0,7.0,Low
2235,Employee 2235,23,6.0,3,61.0,48,9.0,4.0,6.0,Low
2236,Employee 2236,51,6.0,2,68.0,48,6.0,1.0,6.0,Low
2237,Employee 2237,47,9.0,2,72.0,47,8.0,6.0,6.0,Low
2238,Employee 2238,22,6.0,0,86.0,45,8.0,8.0,5.0,Low
2239,Employee 2239,28,8.0,4,93.0,49,6.0,4.0,8.0,Low
2240,Employee 2240,27,6.0,1,72.0,37,8.0,6.0,7.0,Low
2241,Employee 2241,49,5.0,0,87.0,32,8.0,3.0,8.0,Low
2242,Employee 2242,31,7.0,2,92.0,30,6.0,7.0,6.0,Low
2243,Employee 2243,58,9.0,0,56.0,48,6.0,3.0,9.0,Low
2244,Employee 2244,52,6.0,2,94.0,34,7.0,5.0,9.0,Low
2245,Employee 2245,21,7.0,4,92.0,35,7.0,4.0,8.0,Low
2246,Employee 2246,45,9.0,3,94.0,44,8.0,4.0,5.0,Low
2247,Employee 2247,58,9.0,2,92.0,40,6.0,2.0,6.0,Low
2248,Employee 2248,38,8.0,0,94.0,44,9.0,1.0,7.0,Low
2249,Employee 2249,56,6.0,4,73.0,34,5.0,2.0,6.0,Low
2250,Employee 2250,57,6.0,0,95.0,41,9.0,9.0,9.0,Low
2251,Employee 2251,26,9.0,1,74.0,40,9.0,3.0,6.0,Low
2252,Employee 2252,48,6.0,1,59.0,43,5.0,6.0,7.0,Low
2253,Employee 2253,59,8.0,3,62.0,32,8.0,2.0,8.0,Low
2254,Employee 2254,48,7.0,3,97.0,40,9.0,4.0,9.0,Low
2255,Employee 2255,30,9.0,4,55.0,44,9.0,7.0,5.0,Low
2256,Employee 2256,43,7.0,2,55.0,31,6.0,1.0,6.0,Low
2257,Employee 2257,58,5.0,0,82.0,45,7.0,6.0,5.0,Low
2258,Employee 2258,26,8.0,3,71.0,44,8.0,3.0,7.0,Low
2259,Employee 2259,36,5.0,0,80.0,37,7.0,2.0,6.0,Low
2260,Employee 2260,52,5.0,2,94.0,42,5.0,7.0,8.0,Low
2261,Employee 2261,45,7.0,3,84.0,38,8.0,3.0,8.0,Low
2262,Employee 2262,26,9.0,1,71.0,33,8.0,1.0,5.0,Low
2263,Employee 2263,58,7.0,2,85.0,49,6.0,5.0,7.0,Low
2264,Employee 2264,48,6.0,3,51.0,31,5.0,1.0,7.0,Low
2265,Employee 2265,26,6.0,4,55.0,32,9.0,3.0,7.0,Low
2266,Employee 2266,28,8.0,1,83.0,33,7.0,7.0,6.0,Low
2267,Employee 2267,48,6.0,4,63.0,38,8.0,4.0,6.0,Low
2268,Employee 2268,58,6.0,2,87.0,38,8.0,8.0,6.0,Low
2269,Employee 2269,25,8.0,1,65.0,41,7.0,2.0,5.0,Low
2270,Employee 2270,42,5.0,4,96.0,32,5.0,3.0,6.0,Low
2271,Employee 2271,37,6.0,3,83.0,41,6.0,6.0,5.0,Low
2272,Employee 2272,46,9.0,2,65.0,33,5.0,2.0,6.0,Low
2273,Employee 2273,36,5.0,3,56.0,41,5.0,5.0,5.0,Low
2274,Employee 2274,47,6.0,0,52.0,37,8.0,7.0,9.0,Low
2275,Employee 2275,43,5.0,2,80.0,45,5.0,6.0,9.0,Low
2276,Employee 2276,41,8.0,4,95.0,49,6.0,9.0,6.0,Low
2277,Employee 2277,36,5.0,3,69.0,48,6.0,5.0,9.0,Low
2278,Employee 2278,39,6.0,0,88.0,39,9.0,8.0,9.0,Low
2279,Employee 2279,34,6.0,2,83.0,37,9.0,3.0,7.0,Low
2280,Employee 2280,24,6.0,3,99.0,31,6.0,6.0,9.0,Low
2281,Employee 2281,32,8.0,0,57.0,35,8.0,7.0,5.0,Low
2282,Employee 2282,21,6.0,1,58.0,46,8.0,1.0,7.0,Low
2283,Employee 2283,34,8.0,4,71.0,43,9.0,4.0,9.0,Low
2284,Employee 2284,47,7.0,1,51.0,46,5.0,3.0,5.0,Low
2285,Employee 2285,36,7.0,1,68.0,36,6.0,2.0,5.0,Low
2286,Employee 2286,24,8.0,2,80.0,32,6.0,5.0,6.0,Low
2287,Employee 2287,57,6.0,0,79.0,49,5.0,6.0,9.0,Low
2288,Employee 2288,25,7.0,0,82.0,38,9.0,8.0,6.0,Low
2289,Employee 2289,30,6.0,4,96.0,36,9.0,8.0,9.0,Low
2290,Employee 2290,49,9.0,2,86.0,45,8.0,1.0,9.0,Low
2291,Employee 2291,58,5.0,2,98.0,43,8.0,5.0,9.0,Low
2292,Employee 2292,23,7.0,0,85.0,49,8.0,7.0,5.0,Low
2293,Employee 2293,46,5.0,0,57.0,34,5.0,2.0,9.0,Low
2294,Employee 2294,52,6.0,3,72.0,35,6.0,5.0,6.0,Low
2295,Employee 2295,57,5.0,2,77.0,43,6.0,9.0,5.0,Low
2296,Employee 2296,50,9.0,3,65.0,43,5.0,4.0,5.0,Low
2297,Employee 2297,26,9.0,4,68.0,31,6.0,8.0,6.0,Low
2298,Employee 2298,22,7.0,1,58.0,41,6.0,5.0,9.0,Low
2299,Employee 2299,42,5.0,1,57.0,35,9.0,9.0,5.0,Low
2300,Employee 2300,57,8.0,1,65.0,33,6.0,5.0,6.0,Low
2301,Employee 2301,57,9.0,4,65.0,32,7.0,9.0,7.0,Low
2302,Employee 2302,44,7.0,3,76.0,38,7.0,9.0,8.0,Low
2303,Employee 2303,58,8.0,2,71.0,38,9.0,8.0,7.0,Low
2304,Employee 2304,22,6.0,4,97.0,31,6.0,3.0,7.0,Low
2305,Employee 2305,56,6.0,1,67.0,33,6.0,8.0,5.0,Low
2306,Employee 2306,25,9.0,2,51.0,46,9.0,6.0,8.0,Low
2307,Employee 2307,44,8.0,4,65.0,45,6.0,1.0,7.0,Low
2308,Employee 2308,22,5.0,3,59.0,44,9.0,1.0,7.0,Low
2309,Employee 2309,56,7.0,0,54.0,43,9.0,6.0,5.0,Low
2310,Employee 2310,45,5.0,0,80.0,39,7.0,8.0,7.0,Low
2311,Employee 2311,20,5.0,1,74.0,35,7.0,3.0,6.0,Low
2312,Employee 2312,22,7.0,3,73.0,45,9.0,6.0,8.0,Low
2313,Employee 2313,43,7.0,4,85.0,48,7.0,2.0,8.0,Low
2314,Employee 2314,49,6.0,1,77.0,48,5.0,3.0,6.0,Low
2315,Employee 2315,31,5.0,0,83.0,38,9.0,4.0,6.0,Low
2316,Employee 2316,22,6.0,2,93.0,32,7.0,3.0,6.0,Low
2317,Employee 2317,25,8.0,0,75.0,40,9.0,9.0,5.0,Low
2318,Employee 2318,52,8.0,3,95.0,37,8.0,5.0,8.0,Low
2319,Employee 2319,57,7.0,3,80.0,30,8.0,6.0,7.0,Low
2320,Employee 2320,26,6.0,3,99.0,45,5.0,8.0,6.0,Low
2321,Employee 2321,56,9.0,2,61.0,44,5.0,7.0,7.0,Low
2322,Employee 2322,30,6.0,1,81.0,48,8.0,6.0,8.0,Low
2323,Employee 2323,33,5.0,4,83.0,36,6.0,3.0,5.0,Low
2324,Employee 2324,46,9.0,1,64.0,38,5.0,8.0,5.0,Low
2325,Employee 2325,26,8.0,1,89.0,32,8.0,4.0,6.0,Low
2326,Employee 2326,41,8.0,0,64.0,36,8.0,6.0,5.0,Low
2327,Employee 2327,53,6.0,3,74.0,40,7.0,8.0,8.0,Low
2328,Employee 2328,59,9.0,2,72.0,37,8.0,2.0,9.0,Low
2329,Employee 2329,55,7.0,2,62.0,42,5.0,1.0,5.0,Low
2330,Employee 2330,22,7.0,4,97.0,33,6.0,3.0,6.0,Low
2331,Employee 2331,44,5.0,4,51.0,31,7.0,6.0,9.0,Low
2332,Employee 2332,45,7.0,3,88.0,46,8.0,1.0,7.0,Low
2333,Employee 2333,40,7.0,3,81.0,45,5.0,4.0,9.0,Low
2334,Employee 2334,43,9.0,0,90.0,44,5.0,2.0,5.0,Low
2335,Employee 2335,21,6.0,2,50.0,46,9.0,9.0,6.0,Low
2336,Employee 2336,31,5.0,0,70.0,39,8.0,6.0,9.0,Low
2337,Employee 2337,43,5.0,2,91.0,31,6.0,5.0,7.0,Low
2338,Employee 2338,27,5.0,4,54.0,44,5.0,5.0,7.0,Low
2339,Employee 2339,23,9.0,4,91.0,33,6.0,3.0,9.0,Low
2340,Employee 2340,23,7.0,4,51.0,40,8.0,4.0,8.0,Low
2341,Employee 2341,44,6.0,0,84.0,49,8.0,6.0,8.0,Low
2342,Employee 2342,48,7.0,2,55.0,33,5.0,5.0,9.0,Low
2343,Employee 2343,51,6.0,3,77.0,30,5.0,1.0,8.0,Low
2344,Employee 2344,32,8.0,4,77.0,35,6.0,4.0,9.0,Low
2345,Employee 2345,30,9.0,2,81.0,38,5.0,2.0,6.0,Low
2346,Employee 2346,25,7.0,4,81.0,34,9.0,9.0,5.0,Low
2347,Employee 2347,29,8.0,3,56.0,38,8.0,4.0,7.0,Low
2348,Employee 2348,56,8.0,1,93.0,34,8.0,9.0,7.0,Low
2349,Employee 2349,56,5.0,3,50.0,46,6.0,3.0,6.0,Low
2350,Employee 2350,26,8.0,1,66.0,48,5.0,8.0,8.0,Low
2351,Employee 2351,31,9.0,1,53.0,40,6.0,6.0,9.0,Low
2352,Employee 2352,59,5.0,1,98.0,46,5.0,5.0,8.0,Low
2353,Employee 2353,29,7.0,4,93.0,36,9.0,4.0,5.0,Low
2354,Employee 2354,29,9.0,4,56.0,30,7.0,5.0,9.0,Low
2355,Employee 2355,28,5.0,1,75.0,39,7.0,9.0,5.0,Low
2356,Employee 2356,49,7.0,1,88.0,37,6.0,6.0,9.0,Low
2357,Employee 2357,51,7.0,0,56.0,39,8.0,9.0,7.0,Low
2358,Employee 2358,46,6.0,4,82.0,38,6.0,8.0,5.0,Low
2359,Employee 2359,20,7.0,1,77.0,39,7.0,8.0,6.0,Low
2360,Employee 2360,58,6.0,4,71.0,49,7.0,5.0,7.0,Low
2361,Employee 2361,37,5.0,0,72.0,44,5.0,8.0,6.0,Low
2362,Employee 2362,28,6.0,2,75.0,34,5.0,9.0,5.0,Low
2363,Employee 2363,21,6.0,3,98.0,32,9.0,9.0,9.0,Low
2364,Employee 2364,31,5.0,2,76.0,32,9.0,8.0,6.0,Low
2365,Employee 2365,20,9.0,1,56.0,36,9.0,1.0,7.0,Low
2366,Employee 2366,45,7.0,2,59.0,35,9.0,5.0,6.0,Low
2367,Employee 2367,44,5.0,2,83.0,37,8.0,7.0,6.0,Low
2368,Employee 2368,22,7.0,0,72.0,49,7.0,4.0,7.0,Low
2369,Employee 2369,45,7.0,2,69.0,33,8.0,7.0,6.0,Low
2370,Employee 2370,56,6.0,1,68.0,39,8.0,8.0,7.0,Low
2371,Employee 2371,56,9.0,2,78.0,35,7.0,3.0,6.0,Low
2372,Employee 2372,30,5.0,2,58.0,34,8.0,5.0,9.0,Low
2373,Employee 2373,55,5.0,2,94.0,31,8.0,6.0,8.0,Low
2374,Employee 2374,36,8.0,3,71.0,36,8.0,5.0,9.0,Low
2375,Employee 2375,21,9.0,4,77.0,33,7.0,6.0,9.0,Low
2376,Employee 2376,56,5.0,0,64.0,33,9.0,5.0,6.0,Low
2377,Employee 2377,37,6.0,3,85.0,41,9.0,2.0,6.0,Low
2378,Employee 2378,20,7.0,1,66.0,34,9.0,4.0,9.0,Low
2379,Employee 2379,39,8.0,1,75.0,48,7.0,8.0,6.0,Low
2380,Employee 2380,27,7.0,0,81.0,48,5.0,1.0,8.0,Low
2381,Employee 2381,55,8.0,1,52.0,32,5.0,4.0,9.0,Low
2382,Employee 2382,55,8.0,1,86.0,32,9.0,1.0,5.0,Low
2383,Employee 2383,24,5.0,3,50.0,41,8.0,2.0,5.0,Low
2384,Employee 2384,33,6.0,3,53.0,43,7.0,5.0,5.0,Low
2385,Employee 2385,22,6.0,3,92.0,34,5.0,2.0,5.0,Low
2386,Employee 2386,30,5.0,4,91.0,37,8.0,5.0,7.0,Low
2387,Employee 2387,37,5.0,1,78.0,44,9.0,6.0,6.0,Low
2388,Employee 2388,25,9.0,0,60.0,38,7.0,7.0,8.0,Low
2389,Employee 2389,41,6.0,0,54.0,41,5.0,2.0,7.0,Low
2390,Employee 2390,40,8.0,4,53.0,34,8.0,5.0,6.0,Low
2391,Employee 2391,20,9.0,2,99.0,47,6.0,8.0,8.0,Low
2392,Employee 2392,57,7.0,2,66.0,40,6.0,4.0,6.0,Low
2393,Employee 2393,43,8.0,0,64.0,34,7.0,9.0,6.0,Low
2394,Employee 2394,46,5.0,4,51.0,31,7.0,6.0,9.0,Low
2395,Employee 2395,43,7.0,0,97.0,48,9.0,3.0,7.0,Low
2396,Employee 2396,34,9.0,0,88.0,38,6.0,5.0,9.0,Low
2397,Employee 2397,41,7.0,3,63.0,46,8.0,4.0,7.0,Low
2398,Employee 2398,23,9.0,2,83.0,33,5.0,3.0,7.0,Low
2399,Employee 2399,39,5.0,1,93.0,31,6.0,8.0,5.0,Low
2400,Employee 2400,48,6.0,2,98.0,33,7.0,6.0,5.0,Low
2401,Employee 2401,47,6.0,3,61.0,32,9.0,1.0,5.0,Low
2402,Employee 2402,53,6.0,2,77.0,39,6.0,2.0,8.0,Low
2403,Employee 2403,26,6.0,3,94.0,40,8.0,6.0,6.0,Low
2404,Employee 2404,51,9.0,3,95.0,35,7.0,3.0,9.0,Low
2405,Employee 2405,30,5.0,2,67.0,39,5.0,7.0,9.0,Low
2406,Employee 2406,45,9.0,2,82.0,48,5.0,7.0,5.0,Low
2407,Employee 2407,57,5.0,0,61.0,46,9.0,6.0,8.0,Low
2408,Employee 2408,34,5.0,2,77.0,38,5.0,4.0,8.0,Low
2409,Employee 2409,27,5.0,4,83.0,35,9.0,9.0,9.0,Low
2410,Employee 2410,38,7.0,0,97.0,34,8.0,4.0,6.0,Low
2411,Employee 2411,41,5.0,2,66.0,44,8.0,5.0,8.0,Low
2412,Employee 2412,57,5.0,1,71.0,33,8.0,4.0,6.0,Low
2413,Employee 2413,50,5.0,3,89.0,30,7.0,6.0,5.0,Low
2414,Employee 2414,55,8.0,1,92.0,43,5.0,8.0,8.0,Low
2415,Employee 2415,36,6.0,4,63.0,32,9.0,5.0,6.0,Low
2416,Employee 2416,28,9.0,4,58.0,44,6.0,7.0,8.0,Low
2417,Employee 2417,35,7.0,4,78.0,31,9.0,7.0,5.0,Low
2418,Employee 2418,27,5.0,2,79.0,42,8.0,5.0,8.0,Low
2419,Employee 2419,22,9.0,3,73.0,31,9.0,5.0,5.0,Low
2420,Employee 2420,50,5.0,0,83.0,43,9.0,6.0,6.0,Low
2421,Employee 2421,53,7.0,4,87.0,41,5.0,3.0,8.0,Low
2422,Employee 2422,32,9.0,0,73.0,48,9.0,4.0,9.0,Low
2423,Employee 2423,57,9.0,1,74.0,41,6.0,1.0,5.0,Low
2424,Employee 2424,59,6.0,2,96.0,46,5.0,3.0,9.0,Low
2425,Employee 2425,54,9.0,1,67.0,37,5.0,1.0,6.0,Low
2426,Employee 2426,53,8.0,1,97.0,46,7.0,8.0,7.0,Low
2427,Employee 2427,56,8.0,1,91.0,43,8.0,6.0,8.0,Low
2428,Employee 2428,21,8.0,3,87.0,38,5.0,3.0,5.0,Low
2429,Employee 2429,43,8.0,0,53.0,44,8.0,7.0,8.0,Low
2430,Employee 2430,49,8.0,0,80.0,30,9.0,7.0,9.0,Low
2431,Employee 2431,27,5.0,3,74.0,30,6.0,4.0,5.0,Low
2432,Employee 2432,42,5.0,4,64.0,33,7.0,2.0,9.0,Low
2433,Employee 2433,28,6.0,1,65.0,43,8.0,4.0,9.0,Low
2434,Employee 2434,42,9.0,4,80.0,47,9.0,3.0,5.0,Low
2435,Employee 2435,57,7.0,2,89.0,45,8.0,7.0,5.0,Low
2436,Employee 2436,27,6.0,0,60.0,38,6.0,3.0,9.0,Low
2437,Employee 2437,24,8.0,2,67.0,48,5.0,3.0,5.0,Low
2438,Employee 2438,53,8.0,3,56.0,33,7.0,5.0,5.0,Low
2439,Employee 2439,25,7.0,0,84.0,46,5.0,7.0,5.0,Low
2440,Employee 2440,41,6.0,3,54.0,30,7.0,2.0,7.0,Low
2441,Employee 2441,41,7.0,2,69.0,44,9.0,8.0,7.0,Low
2442,Employee 2442,53,7.0,3,80.0,39,9.0,7.0,7.0,Low
2443,Employee 2443,30,8.0,0,50.0,47,5.0,1.0,5.0,Low
2444,Employee 2444,47,8.0,4,55.0,48,7.0,6.0,7.0,Low
2445,Employee 2445,23,5.0,2,58.0,42,9.0,1.0,6.0,Low
2446,Employee 2446,45,7.0,1,52.0,31,5.0,1.0,7.0,Low
2447,Employee 2447,41,7.0,2,50.0,42,8.0,4.0,5.0,Low
2448,Employee 2448,53,7.0,3,52.0,38,7.0,7.0,8.0,Low
2449,Employee 2449,37,5.0,0,62.0,42,8.0,7.0,8.0,Low
2450,Employee 2450,32,8.0,1,54.0,30,7.0,7.0,9.0,Low
2451,Employee 2451,20,7.0,3,96.0,36,9.0,9.0,8.0,Low
2452,Employee 2452,56,7.0,2,68.0,38,8.0,5.0,7.0,Low
2453,Employee 2453,45,5.0,1,88.0,44,9.0,7.0,5.0,Low
2454,Employee 2454,22,6.0,3,56.0,47,5.0,1.0,7.0,Low
2455,Employee 2455,31,9.0,2,64.0,47,6.0,6.0,5.0,Low
2456,Employee 2456,34,5.0,2,82.0,43,6.0,8.0,8.0,Low
2457,Employee 2457,32,7.0,1,56.0,35,6.0,6.0,7.0,Low
2458,Employee 2458,44,9.0,1,82.0,44,7.0,7.0,5.0,Low
2459,Employee 2459,59,8.0,3,60.0,44,7.0,6.0,9.0,Low
2460,Employee 2460,24,9.0,3,80.0,30,5.0,5.0,5.0,Low
2461,Employee 2461,33,6.0,3,52.0,30,8.0,1.0,8.0,Low
2462,Employee 2462,20,9.0,3,96.0,47,5.0,7.0,9.0,Low
2463,Employee 2463,42,6.0,3,81.0,34,7.0,7.0,9.0,Low
2464,Employee 2464,32,7.0,4,81.0,36,9.0,1.0,5.0,Low
2465,Employee 2465,37,9.0,1,50.0,33,8.0,1.0,7.0,Low
2466,Employee 2466,54,7.0,0,67.0,37,8.0,8.0,7.0,Low
2467,Employee 2467,57,9.0,0,84.0,38,8.0,8.0,8.0,Low
2468,Employee 2468,29,9.0,2,71.0,44,6.0,1.0,6.0,Low
2469,Employee 2469,31,8.0,1,99.0,32,9.0,4.0,7.0,Low
2470,Employee 2470,21,7.0,1,58.0,39,8.0,2.0,9.0,Low
2471,Employee 2471,55,6.0,0,57.0,40,8.0,5.0,8.0,Low
2472,Employee 2472,34,6.0,2,85.0,31,6.0,9.0,5.0,Low
2473,Employee 2473,34,7.0,3,74.0,41,5.0,7.0,8.0,Low
2474,Employee 2474,59,5.0,4,61.0,47,5.0,1.0,9.0,Low
2475,Employee 2475,22,5.0,0,81.0,41,6.0,8.0,6.0,Low
2476,Employee 2476,20,5.0,4,56.0,36,5.0,5.0,5.0,Low
2477,Employee 2477,51,7.0,1,68.0,37,7.0,8.0,5.0,Low
2478,Employee 2478,55,6.0,3,68.0,36,5.0,5.0,6.0,Low
2479,Employee 2479,22,5.0,3,95.0,31,8.0,4.0,9.0,Low
2480,Employee 2480,55,7.0,0,63.0,42,5.0,9.0,6.0,Low
2481,Employee 2481,44,6.0,0,58.0,33,8.0,3.0,8.0,Low
2482,Employee 2482,58,5.0,4,61.0,44,9.0,9.0,9.0,Low
2483,Employee 2483,20,6.0,1,98.0,33,8.0,4.0,5.0,Low
2484,Employee 2484,25,7.0,4,96.0,45,9.0,3.0,7.0,Low
2485,Employee 2485,44,8.0,4,93.0,41,6.0,4.0,6.0,Low
2486,Employee 2486,55,6.0,2,99.0,46,7.0,4.0,6.0,Low
2487,Employee 2487,49,5.0,0,63.0,34,9.0,1.0,8.0,Low
2488,Employee 2488,39,7.0,0,71.0,41,9.0,1.0,9.0,Low
2489,Employee 2489,42,6.0,1,96.0,35,9.0,1.0,5.0,Low
2490,Employee 2490,21,7.0,2,54.0,30,8.0,2.0,9.0,Low
2491,Employee 2491,40,7.0,2,57.0,36,8.0,7.0,6.0,Low
2492,Employee 2492,45,6.0,0,74.0,41,9.0,3.0,5.0,Low
2493,Employee 2493,55,9.0,4,57.0,34,9.0,7.0,8.0,Low
2494,Employee 2494,51,8.0,1,84.0,41,9.0,4.0,9.0,Low
2495,Employee 2495,57,7.0,2,69.0,40,8.0,4.0,9.0,Low
2496,Employee 2496,23,6.0,3,70.0,32,5.0,5.0,9.0,Low
2497,Employee 2497,38,7.0,0,92.0,41,6.0,4.0,9.0,Low
2498,Employee 2498,31,9.0,2,73.0,45,6.0,5.0,6.0,Low
2499,Employee 2499,59,6.0,2,95.0,35,6.0,9.0,7.0,Low
2500,Employee 2500,24,7.0,0,79.0,47,9.0,9.0,8.0,Low
2501,Employee 2501,21,8.0,1,63.0,33,8.0,2.0,7.0,Low
2502,Employee 2502,29,7.0,2,67.0,34,7.0,4.0,5.0,Low
2503,Employee 2503,41,6.0,3,94.0,30,5.0,6.0,7.0,Low
2504,Employee 2504,29,7.0,1,54.0,39,6.0,7.0,5.0,Low
2505,Employee 2505,44,8.0,2,96.0,40,7.0,8.0,5.0,Low
2506,Employee 2506,22,9.0,1,70.0,49,5.0,6.0,7.0,Low
2507,Employee 2507,36,8.0,1,70.0,37,7.0,6.0,6.0,Low
2508,Employee 2508,45,5.0,3,78.0,35,9.0,7.0,8.0,Low
2509,Employee 2509,57,8.0,0,73.0,47,8.0,8.0,7.0,Low
2510,Employee 2510,34,7.0,0,68.0,32,8.0,1.0,6.0,Low
2511,Employee 2511,27,5.0,4,53.0,38,5.0,4.0,6.0,Low
2512,Employee 2512,52,9.0,1,51.0,38,8.0,6.0,9.0,Low
2513,Employee 2513,31,5.0,0,70.0,36,6.0,8.0,5.0,Low
2514,Employee 2514,50,9.0,0,79.0,39,8.0,2.0,7.0,Low
2515,Employee 2515,34,8.0,2,86.0,49,6.0,2.0,6.0,Low
2516,Employee 2516,22,6.0,3,62.0,36,7.0,1.0,6.0,Low
2517,Employee 2517,50,7.0,0,93.0,31,9.0,1.0,5.0,Low
2518,Employee 2518,49,8.0,0,93.0,34,8.0,6.0,7.0,Low
2519,Employee 2519,50,5.0,0,87.0,40,8.0,9.0,7.0,Low
2520,Employee 2520,44,6.0,0,73.0,35,7.0,4.0,8.0,Low
2521,Employee 2521,43,8.0,2,55.0,34,7.0,8.0,7.0,Low
2522,Employee 2522,28,8.0,3,56.0,41,9.0,2.0,9.0,Low
2523,Employee 2523,47,9.0,4,85.0,31,7.0,9.0,5.0,Low
2524,Employee 2524,33,6.0,4,50.0,30,7.0,9.0,7.0,Low
2525,Employee 2525,26,5.0,1,62.0,44,9.0,4.0,5.0,Low
2526,Employee 2526,59,8.0,0,67.0,46,5.0,1.0,7.0,Low
2527,Employee 2527,55,8.0,1,51.0,47,7.0,6.0,6.0,Low
2528,Employee 2528,28,9.0,0,83.0,41,6.0,5.0,8.0,Low
2529,Employee 2529,30,9.0,2,67.0,48,8.0,6.0,5.0,Low
2530,Employee 2530,41,6.0,0,50.0,44,6.0,3.0,9.0,Low
2531,Employee 2531,25,5.0,3,88.0,34,9.0,3.0,6.0,Low
2532,Employee 2532,30,9.0,2,92.0,42,9.0,3.0,9.0,Low
2533,Employee 2533,40,7.0,2,57.0,39,8.0,8.0,5.0,Low
2534,Employee 2534,47,7.0,2,50.0,34,9.0,4.0,8.0,Low
2535,Employee 2535,25,7.0,0,72.0,44,7.0,2.0,9.0,Low
2536,Employee 2536,27,6.0,4,73.0,43,9.0,7.0,9.0,Low
2537,Employee 2537,26,7.0,4,72.0,39,9.0,6.0,6.0,Low
2538,Employee 2538,34,7.0,2,95.0,45,8.0,9.0,5.0,Low
2539,Employee 2539,20,7.0,2,99.0,34,9.0,9.0,8.0,Low
2540,Employee 2540,20,6.0,0,89.0,34,6.0,6.0,6.0,Low
2541,Employee 2541,21,8.0,2,56.0,49,9.0,8.0,6.0,Low
2542,Employee 2542,49,8.0,2,89.0,37,9.0,4.0,6.0,Low
2543,Employee 2543,50,5.0,2,86.0,33,9.0,7.0,9.0,Low
2544,Employee 2544,46,9.0,2,67.0,33,5.0,4.0,7.0,Low
2545,Employee 2545,28,8.0,2,77.0,46,7.0,3.0,5.0,Low
2546,Employee 2546,28,7.0,0,75.0,36,6.0,3.0,6.0,Low
2547,Employee 2547,22,6.0,1,88.0,36,7.0,3.0,6.0,Low
2548,Employee 2548,43,5.0,0,59.0,49,5.0,1.0,6.0,Low
2549,Employee 2549,33,6.0,2,67.0,39,6.0,5.0,6.0,Low
2550,Employee 2550,59,9.0,4,50.0,45,9.0,3.0,7.0,Low
2551,Employee 2551,29,9.0,2,51.0,48,6.0,3.0,6.0,Low
2552,Employee 2552,52,8.0,3,73.0,42,9.0,1.0,8.0,Low
2553,Employee 2553,49,7.0,2,96.0,47,6.0,9.0,5.0,Low
2554,Employee 2554,53,7.0,0,98.0,43,6.0,3.0,7.0,Low
2555,Employee 2555,29,7.0,2,81.0,44,7.0,9.0,9.0,Low
2556,Employee 2556,50,5.0,0,61.0,42,8.0,2.0,5.0,Low
2557,Employee 2557,50,6.0,0,61.0,41,5.0,7.0,8.0,Low
2558,Employee 2558,20,6.0,3,85.0,45,6.0,5.0,8.0,Low
2559,Employee 2559,26,9.0,3,59.0,33,7.0,7.0,8.0,Low
2560,Employee 2560,48,9.0,3,60.0,37,6.0,1.0,8.0,Low
2561,Employee 2561,37,7.0,4,79.0,49,8.0,6.0,6.0,Low
2562,Employee 2562,58,6.0,2,94.0,35,5.0,5.0,9.0,Low
2563,Employee 2563,48,8.0,1,83.0,48,9.0,9.0,9.0,Low
2564,Employee 2564,57,8.0,0,98.0,33,7.0,9.0,6.0,Low
2565,Employee 2565,31,9.0,0,56.0,44,6.0,8.0,8.0,Low
2566,Employee 2566,20,8.0,4,93.0,36,7.0,9.0,5.0,Low
2567,Employee 2567,48,7.0,2,79.0,38,9.0,5.0,7.0,Low
2568,Employee 2568,32,5.0,2,57.0,49,9.0,1.0,8.0,Low
2569,Employee 2569,44,6.0,3,50.0,41,9.0,4.0,9.0,Low
2570,Employee 2570,35,5.0,2,53.0,44,8.0,8.0,5.0,Low
2571,Employee 2571,59,5.0,2,99.0,34,7.0,7.0,7.0,Low
2572,Employee 2572,53,9.0,3,63.0,40,6.0,4.0,6.0,Low
2573,Employee 2573,22,6.0,2,77.0,47,9.0,2.0,7.0,Low
2574,Employee 2574,20,6.0,3,81.0,39,9.0,4.0,7.0,Low
2575,Employee 2575,43,9.0,3,57.0,45,9.0,6.0,7.0,Low
2576,Employee 2576,58,9.0,3,69.0,41,7.0,1.0,7.0,Low
2577,Employee 2577,46,6.0,3,89.0,35,5.0,4.0,9.0,Low
2578,Employee 2578,28,8.0,3,91.0,44,8.0,9.0,6.0,Low
2579,Employee 2579,48,6.0,1,98.0,34,5.0,2.0,8.0,Low
2580,Employee 2580,51,7.0,4,64.0,42,6.0,3.0,7.0,Low
2581,Employee 2581,58,6.0,3,66.0,44,9.0,8.0,7.0,Low
2582,Employee 2582,37,7.0,2,79.0,35,7.0,6.0,8.0,Low
2583,Employee 2583,41,5.0,1,80.0,41,5.0,5.0,5.0,Low
2584,Employee 2584,22,6.0,2,89.0,48,6.0,9.0,8.0,Low
2585,Employee 2585,52,6.0,0,60.0,47,6.0,9.0,6.0,Low
2586,Employee 2586,49,8.0,4,85.0,41,7.0,6.0,7.0,Low
2587,Employee 2587,20,7.0,2,56.0,39,5.0,8.0,9.0,Low
2588,Employee 2588,22,9.0,0,83.0,47,9.0,7.0,7.0,Low
2589,Employee 2589,59,9.0,0,84.0,31,6.0,2.0,6.0,Low
2590,Employee 2590,44,5.0,0,72.0,47,6.0,2.0,5.0,Low
2591,Employee 2591,22,6.0,4,74.0,42,5.0,9.0,5.0,Low
2592,Employee 2592,53,7.0,3,85.0,33,9.0,6.0,9.0,Low
2593,Employee 2593,47,9.0,1,85.0,39,8.0,4.0,9.0,Low
2594,Employee 2594,48,6.0,4,57.0,36,9.0,9.0,9.0,Low
2595,Employee 2595,46,7.0,4,96.0,36,8.0,5.0,9.0,Low
2596,Employee 2596,33,9.0,2,53.0,32,7.0,3.0,6.0,Low
2597,Employee 2597,57,5.0,0,67.0,48,9.0,4.0,8.0,Low
2598,Employee 2598,31,8.0,3,56.0,40,8.0,3.0,8.0,Low
2599,Employee 2599,30,5.0,2,75.0,36,7.0,1.0,8.0,Low
2600,Employee 2600,59,7.0,2,97.0,42,9.0,9.0,7.0,Low
2601,Employee 2601,23,7.0,1,51.0,46,8.0,7.0,5.0,Low
2602,Employee 2602,48,7.0,2,69.0,39,5.0,3.0,6.0,Low
2603,Employee 2603,53,9.0,1,72.0,49,6.0,5.0,8.0,Low
2604,Employee 2604,46,5.0,4,88.0,49,8.0,7.0,8.0,Low
2605,Employee 2605,42,5.0,2,88.0,37,8.0,2.0,6.0,Low
2606,Employee 2606,25,6.0,2,52.0,30,9.0,2.0,5.0,Low
2607,Employee 2607,51,6.0,4,60.0,33,7.0,1.0,8.0,Low
2608,Employee 2608,22,5.0,1,80.0,40,8.0,1.0,7.0,Low
2609,Employee 2609,50,8.0,4,61.0,44,8.0,1.0,9.0,Low
2610,Employee 2610,27,7.0,2,75.0,31,9.0,8.0,6.0,Low
2611,Employee 2611,51,5.0,1,84.0,45,6.0,6.0,6.0,Low
2612,Employee 2612,48,5.0,0,71.0,36,7.0,9.0,7.0,Low
2613,Employee 2613,40,9.0,0,83.0,38,7.0,8.0,6.0,Low
2614,Employee 2614,53,8.0,1,85.0,36,6.0,5.0,6.0,Low
2615,Employee 2615,33,9.0,3,69.0,43,8.0,8.0,7.0,Low
2616,Employee 2616,38,8.0,3,71.0,34,8.0,2.0,6.0,Low
2617,Employee 2617,44,8.0,3,65.0,49,5.0,9.0,6.0,Low
2618,Employee 2618,29,5.0,0,72.0,46,8.0,8.0,8.0,Low
2619,Employee 2619,36,7.0,1,95.0,40,9.0,8.0,7.0,Low
2620,Employee 2620,40,9.0,4,69.0,37,6.0,1.0,9.0,Low
2621,Employee 2621,44,7.0,3,79.0,34,7.0,1.0,7.0,Low
2622,Employee 2622,27,6.0,0,77.0,40,7.0,2.0,8.0,Low
2623,Employee 2623,45,9.0,4,55.0,47,9.0,3.0,9.0,Low
2624,Employee 2624,48,7.0,2,63.0,47,7.0,5.0,5.0,Low
2625,Employee 2625,58,6.0,3,59.0,40,9.0,4.0,7.0,Low
2626,Employee 2626,40,5.0,4,63.0,32,9.0,4.0,6.0,Low
2627,Employee 2627,42,6.0,2,94.0,33,6.0,7.0,5.0,Low
2628,Employee 2628,42,6.0,3,59.0,35,9.0,3.0,8.0,Low
2629,Employee 2629,58,5.0,2,63.0,42,6.0,7.0,5.0,Low
2630,Employee 2630,25,6.0,3,57.0,44,6.0,3.0,9.0,Low
2631,Employee 2631,28,5.0,0,61.0,40,5.0,7.0,5.0,Low
2632,Employee 2632,47,8.0,0,72.0,31,7.0,7.0,8.0,Low
2633,Employee 2633,27,7.0,1,64.0,41,8.0,3.0,6.0,Low
2634,Employee 2634,46,7.0,3,70.0,45,8.0,6.0,8.0,Low
2635,Employee 2635,22,7.0,2,79.0,42,6.0,6.0,8.0,Low
2636,Employee 2636,48,6.0,0,79.0,46,8.0,1.0,7.0,Low
2637,Employee 2637,20,9.0,0,77.0,33,7.0,5.0,7.0,Low
2638,Employee 2638,59,7.0,4,66.0,42,8.0,1.0,8.0,Low
2639,Employee 2639,59,6.0,3,67.0,31,8.0,7.0,8.0,Low
2640,Employee 2640,47,5.0,2,52.0,39,9.0,3.0,7.0,Low
2641,Employee 2641,20,6.0,4,93.0,44,9.0,5.0,7.0,Low
2642,Employee 2642,21,9.0,2,54.0,36,8.0,6.0,6.0,Low
2643,Employee 2643,59,9.0,0,66.0,32,5.0,4.0,9.0,Low
2644,Employee 2644,52,6.0,4,95.0,40,8.0,8.0,9.0,Low
2645,Employee 2645,34,9.0,2,70.0,41,6.0,3.0,7.0,Low
2646,Employee 2646,52,8.0,3,67.0,41,7.0,5.0,9.0,Low
2647,Employee 2647,34,5.0,2,75.0,31,7.0,7.0,5.0,Low
2648,Employee 2648,37,8.0,2,60.0,38,9.0,3.0,6.0,Low
2649,Employee 2649,41,7.0,1,97.0,35,8.0,6.0,6.0,Low
2650,Employee 2650,50,9.0,2,89.0,44,7.0,2.0,8.0,Low
2651,Employee 2651,21,8.0,3,60.0,36,9.0,1.0,7.0,Low
2652,Employee 2652,35,8.0,1,79.0,42,5.0,5.0,5.0,Low
2653,Employee 2653,33,6.0,3,65.0,41,9.0,6.0,9.0,Low
2654,Employee 2654,59,5.0,0,58.0,49,8.0,4.0,5.0,Low
2655,Employee 2655,27,9.0,3,96.0,38,6.0,6.0,9.0,Low
2656,Employee 2656,38,5.0,0,64.0,34,5.0,2.0,9.0,Low
2657,Employee 2657,21,6.0,4,76.0,44,5.0,4.0,9.0,Low
2658,Employee 2658,48,5.0,0,60.0,41,6.0,9.0,5.0,Low
2659,Employee 2659,28,6.0,3,91.0,37,8.0,2.0,7.0,Low
2660,Employee 2660,24,5.0,0,75.0,48,8.0,5.0,7.0,Low
2661,Employee 2661,45,6.0,2,94.0,48,6.0,8.0,5.0,Low
2662,Employee 2662,38,5.0,3,55.0,40,9.0,1.0,9.0,Low
2663,Employee 2663,46,8.0,1,90.0,38,7.0,3.0,7.0,Low
2664,Employee 2664,27,9.0,4,92.0,39,5.0,5.0,6.0,Low
2665,Employee 2665,50,8.0,3,67.0,34,8.0,9.0,8.0,Low
2666,Employee 2666,58,8.0,4,81.0,47,5.0,5.0,5.0,Low
2667,Employee 2667,26,5.0,0,97.0,48,9.0,9.0,7.0,Low
2668,Employee 2668,30,9.0,0,88.0,41,9.0,3.0,8.0,Low
2669,Employee 2669,27,7.0,3,60.0,41,8.0,5.0,7.0,Low
2670,Employee 2670,35,6.0,2,54.0,42,6.0,8.0,5.0,Low
2671,Employee 2671,28,7.0,3,94.0,44,9.0,4.0,6.0,Low
2672,Employee 2672,57,5.0,3,67.0,30,5.0,8.0,8.0,Low
2673,Employee 2673,59,9.0,1,83.0,41,5.0,3.0,9.0,Low
2674,Employee 2674,33,7.0,0,73.0,31,8.0,9.0,7.0,Low
2675,Employee 2675,20,7.0,2,96.0,44,7.0,4.0,5.0,Low
2676,Employee 2676,52,8.0,2,53.0,41,9.0,1.0,5.0,Low
2677,Employee 2677,51,5.0,0,70.0,34,6.0,6.0,7.0,Low
2678,Employee 2678,47,5.0,0,95.0,35,5.0,2.0,8.0,Low
2679,Employee 2679,58,6.0,2,98.0,32,7.0,2.0,8.0,Low
2680,Employee 2680,52,9.0,3,81.0,37,6.0,5.0,6.0,Low
2681,Employee 2681,34,7.0,1,73.0,30,6.0,3.0,8.0,Low
2682,Employee 2682,56,9.0,4,96.0,47,9.0,3.0,9.0,Low
2683,Employee 2683,58,6.0,0,56.0,47,5.0,8.0,8.0,Low
2684,Employee 2684,59,8.0,4,69.0,41,5.0,2.0,5.0,Low
2685,Employee 2685,52,9.0,0,93.0,45,6.0,5.0,7.0,Low
2686,Employee 2686,42,9.0,0,96.0,37,8.0,6.0,7.0,Low
2687,Employee 2687,38,9.0,2,60.0,37,8.0,8.0,5.0,Low
2688,Employee 2688,56,7.0,4,62.0,40,6.0,4.0,6.0,Low
2689,Employee 2689,42,8.0,4,71.0,39,6.0,5.0,7.0,Low
2690,Employee 2690,42,6.0,3,97.0,48,8.0,8.0,6.0,Low
2691,Employee 2691,36,7.0,1,50.0,40,8.0,5.0,8.0,Low
2692,Employee 2692,26,5.0,4,72.0,48,5.0,8.0,8.0,Low
2693,Employee 2693,46,8.0,2,95.0,38,6.0,4.0,9.0,Low
2694,Employee 2694,27,6.0,2,90.0,45,7.0,8.0,7.0,Low
2695,Employee 2695,36,7.0,1,59.0,40,5.0,6.0,8.0,Low
2696,Employee 2696,52,5.0,4,62.0,48,7.0,3.0,6.0,Low
2697,Employee 2697,54,8.0,0,54.0,48,7.0,2.0,6.0,Low
2698,Employee 2698,54,9.0,0,55.0,44,8.0,4.0,5.0,Low
2699,Employee 2699,46,8.0,2,67.0,38,6.0,6.0,9.0,Low
2700,Employee 2700,56,9.0,0,79.0,37,9.0,5.0,7.0,Low
2701,Employee 2701,52,8.0,2,76.0,31,6.0,2.0,5.0,Low
2702,Employee 2702,40,9.0,4,83.0,30,5.0,6.0,5.0,Low
2703,Employee 2703,34,6.0,2,86.0,40,7.0,1.0,8.0,Low
2704,Employee 2704,46,6.0,2,73.0,32,5.0,8.0,5.0,Low
2705,Employee 2705,35,8.0,0,86.0,47,6.0,7.0,5.0,Low
2706,Employee 2706,34,7.0,0,96.0,49,7.0,5.0,8.0,Low
2707,Employee 2707,24,9.0,1,62.0,45,5.0,8.0,6.0,Low
2708,Employee 2708,27,9.0,4,61.0,48,6.0,1.0,7.0,Low
2709,Employee 2709,38,8.0,4,86.0,43,8.0,1.0,7.0,Low
2710,Employee 2710,59,8.0,0,68.0,48,6.0,7.0,8.0,Low
2711,Employee 2711,43,7.0,4,64.0,45,6.0,1.0,7.0,Low
2712,Employee 2712,59,5.0,1,80.0,47,8.0,3.0,9.0,Low
2713,Employee 2713,23,5.0,1,73.0,36,9.0,6.0,8.0,Low
2714,Employee 2714,37,8.0,1,94.0,41,7.0,1.0,6.0,Low
2715,Employee 2715,58,5.0,2,58.0,48,6.0,2.0,9.0,Low
2716,Employee 2716,36,8.0,4,93.0,35,5.0,2.0,5.0,Low
2717,Employee 2717,44,8.0,0,59.0,35,6.0,9.0,6.0,Low
2718,Employee 2718,30,7.0,2,83.0,47,8.0,2.0,5.0,Low
2719,Employee 2719,34,6.0,4,83.0,31,8.0,9.0,9.0,Low
2720,Employee 2720,53,9.0,4,96.0,46,5.0,2.0,5.0,Low
2721,Employee 2721,20,6.0,2,98.0,41,8.0,3.0,8.0,Low
2722,Employee 2722,24,6.0,0,80.0,45,5.0,5.0,6.0,Low
2723,Employee 2723,51,5.0,0,72.0,41,7.0,4.0,7.0,Low
2724,Employee 2724,35,7.0,4,78.0,46,6.0,4.0,7.0,Low
2725,Employee 2725,22,7.0,1,58.0,36,9.0,5.0,7.0,Low
2726,Employee 2726,22,8.0,3,85.0,47,9.0,5.0,8.0,Low
2727,Employee 2727,51,6.0,2,71.0,48,8.0,8.0,9.0,Low
2728,Employee 2728,58,9.0,3,70.0,45,5.0,3.0,9.0,Low
2729,Employee 2729,44,6.0,4,84.0,41,7.0,2.0,5.0,Low
2730,Employee 2730,51,8.0,1,67.0,47,9.0,5.0,6.0,Low
2731,Employee 2731,47,5.0,1,89.0,34,8.0,6.0,7.0,Low
2732,Employee 2732,31,8.0,2,66.0,44,5.0,8.0,6.0,Low
2733,Employee 2733,40,5.0,3,79.0,46,5.0,1.0,6.0,Low
2734,Employee 2734,55,8.0,3,78.0,42,5.0,3.0,7.0,Low
2735,Employee 2735,45,9.0,1,84.0,33,6.0,6.0,7.0,Low
2736,Employee 2736,24,6.0,3,62.0,30,9.0,3.0,7.0,Low
2737,Employee 2737,33,5.0,4,76.0,48,8.0,6.0,7.0,Low
2738,Employee 2738,34,6.0,4,62.0,41,6.0,3.0,7.0,Low
2739,Employee 2739,54,5.0,1,95.0,46,7.0,3.0,7.0,Low
2740,Employee 2740,24,5.0,1,58.0,36,5.0,9.0,9.0,Low
2741,Employee 2741,56,9.0,1,75.0,30,9.0,2.0,9.0,Low
2742,Employee 2742,51,9.0,0,61.0,31,8.0,3.0,6.0,Low
2743,Employee 2743,38,5.0,1,99.0,41,9.0,2.0,7.0,Low
2744,Employee 2744,54,6.0,2,89.0,46,8.0,4.0,9.0,Low
2745,Employee 2745,52,6.0,1,64.0,39,8.0,1.0,6.0,Low
2746,Employee 2746,21,8.0,4,99.0,43,6.0,5.0,9.0,Low
2747,Employee 2747,43,6.0,3,66.0,45,6.0,3.0,5.0,Low
2748,Employee 2748,23,5.0,0,88.0,37,6.0,3.0,9.0,Low
2749,Employee 2749,39,8.0,0,66.0,38,9.0,4.0,9.0,Low
2750,Employee 2750,28,8.0,1,85.0,45,6.0,5.0,9.0,Low
2751,Employee 2751,53,7.0,4,65.0,40,9.0,4.0,5.0,Low
2752,Employee 2752,22,6.0,2,51.0,40,6.0,2.0,5.0,Low
2753,Employee 2753,26,7.0,0,77.0,46,7.0,6.0,7.0,Low
2754,Employee 2754,26,8.0,4,73.0,36,6.0,5.0,9.0,Low
2755,Employee 2755,27,9.0,3,99.0,39,5.0,5.0,8.0,Low
2756,Employee 2756,26,9.0,3,88.0,40,8.0,1.0,5.0,Low
2757,Employee 2757,28,8.0,3,82.0,31,6.0,4.0,5.0,Low
2758,Employee 2758,58,8.0,2,78.0,42,9.0,6.0,5.0,Low
2759,Employee 2759,26,6.0,0,88.0,31,6.0,4.0,8.0,Low
2760,Employee 2760,47,8.0,3,96.0,45,7.0,2.0,9.0,Low
2761,Employee 2761,36,9.0,2,58.0,31,8.0,3.0,7.0,Low
2762,Employee 2762,29,7.0,4,74.0,41,5.0,3.0,6.0,Low
2763,Employee 2763,46,7.0,1,99.0,48,9.0,9.0,6.0,Low
2764,Employee 2764,28,8.0,2,81.0,40,9.0,7.0,8.0,Low
2765,Employee 2765,32,7.0,3,57.0,45,7.0,9.0,7.0,Low
2766,Employee 2766,48,7.0,3,51.0,49,8.0,7.0,7.0,Low
2767,Employee 2767,55,5.0,0,89.0,34,7.0,1.0,9.0,Low
2768,Employee 2768,20,5.0,4,65.0,42,9.0,6.0,6.0,Low
2769,Employee 2769,43,5.0,4,75.0,38,6.0,8.0,6.0,Low
2770,Employee 2770,38,5.0,3,81.0,44,6.0,7.0,7.0,Low
2771,Employee 2771,44,7.0,1,51.0,33,5.0,4.0,6.0,Low
2772,Employee 2772,30,8.0,4,71.0,36,7.0,7.0,6.0,Low
2773,Employee 2773,44,9.0,4,61.0,37,9.0,8.0,9.0,Low
2774,Employee 2774,22,7.0,1,77.0,39,8.0,2.0,6.0,Low
2775,Employee 2775,35,5.0,0,50.0,36,8.0,1.0,9.0,Low
2776,Employee 2776,37,8.0,1,64.0,33,5.0,6.0,7.0,Low
2777,Employee 2777,28,8.0,2,67.0,33,5.0,1.0,9.0,Low
2778,Employee 2778,53,8.0,1,51.0,48,8.0,2.0,5.0,Low
2779,Employee 2779,58,8.0,1,75.0,44,7.0,5.0,9.0,Low
2780,Employee 2780,40,6.0,4,95.0,34,5.0,7.0,6.0,Low
2781,Employee 2781,33,9.0,2,56.0,42,9.0,2.0,9.0,Low
2782,Employee 2782,59,8.0,2,92.0,36,5.0,6.0,7.0,Low
2783,Employee 2783,47,5.0,1,57.0,33,7.0,6.0,6.0,Low
2784,Employee 2784,29,5.0,1,55.0,35,7.0,1.0,5.0,Low
2785,Employee 2785,30,6.0,2,77.0,30,5.0,8.0,5.0,Low
2786,Employee 2786,57,6.0,4,70.0,33,9.0,8.0,6.0,Low
2787,Employee 2787,37,9.0,4,90.0,44,7.0,7.0,6.0,Low
2788,Employee 2788,28,6.0,3,94.0,36,9.0,5.0,5.0,Low
2789,Employee 2789,59,8.0,0,74.0,49,9.0,4.0,9.0,Low
2790,Employee 2790,49,6.0,2,90.0,37,5.0,3.0,7.0,Low
2791,Employee 2791,38,9.0,3,70.0,44,9.0,2.0,9.0,Low
2792,Employee 2792,53,7.0,1,95.0,31,8.0,7.0,6.0,Low
2793,Employee 2793,30,6.0,1,95.0,30,7.0,7.0,6.0,Low
2794,Employee 2794,28,5.0,2,99.0,40,7.0,3.0,9.0,Low
2795,Employee 2795,34,7.0,0,68.0,48,5.0,7.0,8.0,Low
2796,Employee 2796,40,9.0,4,88.0,35,9.0,9.0,8.0,Low
2797,Employee 2797,41,7.0,1,63.0,37,9.0,3.0,5.0,Low
2798,Employee 2798,23,6.0,4,58.0,48,5.0,6.0,7.0,Low
2799,Employee 2799,24,6.0,4,88.0,35,6.0,8.0,8.0,Low
2800,Employee 2800,27,9.0,4,84.0,34,8.0,3.0,7.0,Low
2801,Employee 2801,28,7.0,2,96.0,35,6.0,1.0,8.0,Low
2802,Employee 2802,57,6.0,4,91.0,42,5.0,8.0,7.0,Low
2803,Employee 2803,36,8.0,4,81.0,48,7.0,7.0,7.0,Low
2804,Employee 2804,39,7.0,1,70.0,40,8.0,8.0,5.0,Low
2805,Employee 2805,53,7.0,1,77.0,40,7.0,6.0,8.0,Low
2806,Employee 2806,47,7.0,0,88.0,33,5.0,2.0,9.0,Low
2807,Employee 2807,30,7.0,1,89.0,35,7.0,8.0,5.0,Low
2808,Employee 2808,25,7.0,4,58.0,48,9.0,3.0,6.0,Low
2809,Employee 2809,38,9.0,3,75.0,32,9.0,4.0,5.0,Low
2810,Employee 2810,25,8.0,0,90.0,32,5.0,2.0,7.0,Low
2811,Employee 2811,51,8.0,3,56.0,49,5.0,1.0,7.0,Low
2812,Employee 2812,35,5.0,2,98.0,31,5.0,7.0,6.0,Low
2813,Employee 2813,22,5.0,3,76.0,38,7.0,3.0,9.0,Low
2814,Employee 2814,26,9.0,1,69.0,49,9.0,9.0,8.0,Low
2815,Employee 2815,23,6.0,1,65.0,34,5.0,7.0,7.0,Low
2816,Employee 2816,57,5.0,4,57.0,34,6.0,2.0,5.0,Low
2817,Employee 2817,25,6.0,3,84.0,33,9.0,7.0,8.0,Low
2818,Employee 2818,54,6.0,1,96.0,35,5.0,6.0,8.0,Low
2819,Employee 2819,58,8.0,2,60.0,32,5.0,1.0,5.0,Low
2820,Employee 2820,48,8.0,1,94.0,41,5.0,5.0,6.0,Low
2821,Employee 2821,39,5.0,3,56.0,47,5.0,6.0,8.0,Low
2822,Employee 2822,52,5.0,3,51.0,30,8.0,1.0,6.0,Low
2823,Employee 2823,33,8.0,1,72.0,46,6.0,5.0,6.0,Low
2824,Employee 2824,33,5.0,2,92.0,32,8.0,1.0,5.0,Low
2825,Employee 2825,59,9.0,2,65.0,34,8.0,6.0,5.0,Low
2826,Employee 2826,42,7.0,0,72.0,39,8.0,8.0,8.0,Low
2827,Employee 2827,23,6.0,1,73.0,43,6.0,1.0,9.0,Low
2828,Employee 2828,38,5.0,4,64.0,42,8.0,4.0,7.0,Low
2829,Employee 2829,55,9.0,3,81.0,43,7.0,7.0,5.0,Low
2830,Employee 2830,36,9.0,4,96.0,45,9.0,4.0,6.0,Low
2831,Employee 2831,54,6.0,2,64.0,39,8.0,9.0,7.0,Low
2832,Employee 2832,39,6.0,4,59.0,40,8.0,3.0,7.0,Low
2833,Employee 2833,52,6.0,3,67.0,33,9.0,3.0,5.0,Low
2834,Employee 2834,41,6.0,0,76.0,47,9.0,5.0,9.0,Low
2835,Employee 2835,54,6.0,3,72.0,45,5.0,9.0,6.0,Low
2836,Employee 2836,53,7.0,3,77.0,34,5.0,2.0,7.0,Low
2837,Employee 2837,43,6.0,3,85.0,49,6.0,8.0,6.0,Low
2838,Employee 2838,49,7.0,0,65.0,35,6.0,2.0,8.0,Low
2839,Employee 2839,54,7.0,1,89.0,44,7.0,7.0,7.0,Low
2840,Employee 2840,31,5.0,4,58.0,36,6.0,8.0,6.0,Low
2841,Employee 2841,24,8.0,2,89.0,32,8.0,3.0,9.0,Low
2842,Employee 2842,52,5.0,0,84.0,31,5.0,8.0,9.0,Low
2843,Employee 2843,37,8.0,1,95.0,34,5.0,8.0,6.0,Low
2844,Employee 2844,27,8.0,2,96.0,41,6.0,1.0,7.0,Low
2845,Employee 2845,31,6.0,1,83.0,40,5.0,8.0,5.0,Low
2846,Employee 2846,54,5.0,1,81.0,44,8.0,8.0,8.0,Low
2847,Employee 2847,22,6.0,2,57.0,32,8.0,2.0,6.0,Low
2848,Employee 2848,45,7.0,3,57.0,47,8.0,9.0,5.0,Low
2849,Employee 2849,25,7.0,0,54.0,31,7.0,3.0,5.0,Low
2850,Employee 2850,27,5.0,4,63.0,33,9.0,9.0,6.0,Low
2851,Employee 2851,28,5.0,4,58.0,40,6.0,9.0,5.0,Low
2852,Employee 2852,50,7.0,1,97.0,31,9.0,7.0,8.0,Low
2853,Employee 2853,39,8.0,3,87.0,32,8.0,2.0,7.0,Low
2854,Employee 2854,22,7.0,0,92.0,34,6.0,7.0,7.0,Low
2855,Employee 2855,39,8.0,0,70.0,44,9.0,1.0,9.0,Low
2856,Employee 2856,26,8.0,1,98.0,42,7.0,3.0,7.0,Low
2857,Employee 2857,39,9.0,3,90.0,42,5.0,6.0,7.0,Low
2858,Employee 2858,31,5.0,4,50.0,38,8.0,9.0,6.0,Low
2859,Employee 2859,55,8.0,4,88.0,39,5.0,3.0,5.0,Low
2860,Employee 2860,21,5.0,1,50.0,46,5.0,3.0,6.0,Low
2861,Employee 2861,37,7.0,3,53.0,31,8.0,2.0,6.0,Low
2862,Employee 2862,57,6.0,1,77.0,38,9.0,3.0,7.0,Low
2863,Employee 2863,20,5.0,3,53.0,30,5.0,9.0,7.0,Low
2864,Employee 2864,31,8.0,1,75.0,34,9.0,3.0,9.0,Low
2865,Employee 2865,49,8.0,1,53.0,37,6.0,4.0,9.0,Low
2866,Employee 2866,55,5.0,3,69.0,37,8.0,9.0,5.0,Low
2867,Employee 2867,35,9.0,2,54.0,38,6.0,4.0,9.0,Low
2868,Employee 2868,30,6.0,0,65.0,34,8.0,8.0,5.0,Low
2869,Employee 2869,36,6.0,1,57.0,32,8.0,6.0,7.0,Low
2870,Employee 2870,35,5.0,3,64.0,42,5.0,4.0,6.0,Low
2871,Employee 2871,55,9.0,3,84.0,43,9.0,1.0,6.0,Low
2872,Employee 2872,54,9.0,0,96.0,42,9.0,1.0,8.0,Low
2873,Employee 2873,28,7.0,3,87.0,32,9.0,1.0,9.0,Low
2874,Employee 2874,24,7.0,0,79.0,39,6.0,1.0,9.0,Low
2875,Employee 2875,52,5.0,4,71.0,42,5.0,1.0,5.0,Low
2876,Employee 2876,43,5.0,0,80.0,39,7.0,3.0,5.0,Low
2877,Employee 2877,27,8.0,4,55.0,42,8.0,3.0,7.0,Low
2878,Employee 2878,51,6.0,4,52.0,41,9.0,3.0,8.0,Low
2879,Employee 2879,48,8.0,1,74.0,46,7.0,2.0,5.0,Low
2880,Employee 2880,24,5.0,3,98.0,38,5.0,6.0,6.0,Low
2881,Employee 2881,47,5.0,0,88.0,49,9.0,9.0,7.0,Low
2882,Employee 2882,56,7.0,2,50.0,42,7.0,2.0,5.0,Low
2883,Employee 2883,53,9.0,3,65.0,32,5.0,9.0,9.0,Low
2884,Employee 2884,45,7.0,3,90.0,31,7.0,6.0,6.0,Low
2885,Employee 2885,35,6.0,2,83.0,38,7.0,8.0,8.0,Low
2886,Employee 2886,34,9.0,3,91.0,35,5.0,1.0,5.0,Low
2887,Employee 2887,35,8.0,1,54.0,42,6.0,9.0,9.0,Low
2888,Employee 2888,36,6.0,3,83.0,48,8.0,9.0,9.0,Low
2889,Employee 2889,39,5.0,2,50.0,36,6.0,5.0,7.0,Low
2890,Employee 2890,37,6.0,2,71.0,43,8.0,5.0,7.0,Low
2891,Employee 2891,50,5.0,3,58.0,41,6.0,4.0,7.0,Low
2892,Employee 2892,48,8.0,4,89.0,40,7.0,8.0,9.0,Low
2893,Employee 2893,42,7.0,3,50.0,47,5.0,6.0,7.0,Low
2894,Employee 2894,40,5.0,3,60.0,35,5.0,3.0,8.0,Low
2895,Employee 2895,57,8.0,1,54.0,31,7.0,3.0,5.0,Low
2896,Employee 2896,39,6.0,3,97.0,44,8.0,3.0,6.0,Low
2897,Employee 2897,36,8.0,1,57.0,36,5.0,7.0,9.0,Low
2898,Employee 2898,22,6.0,3,77.0,48,8.0,7.0,8.0,Low
2899,Employee 2899,52,8.0,3,69.0,31,5.0,4.0,6.0,Low
2900,Employee 2900,30,9.0,4,81.0,40,6.0,7.0,6.0,Low
2901,Employee 2901,39,5.0,1,86.0,34,9.0,1.0,5.0,Low
2902,Employee 2902,26,9.0,4,94.0,36,8.0,1.0,6.0,Low
2903,Employee 2903,26,9.0,1,65.0,31,5.0,5.0,5.0,Low
2904,Employee 2904,26,6.0,4,97.0,38,5.0,1.0,7.0,Low
2905,Employee 2905,29,9.0,1,70.0,43,5.0,5.0,5.0,Low
2906,Employee 2906,48,8.0,3,84.0,43,6.0,2.0,7.0,Low
2907,Employee 2907,58,5.0,0,62.0,32,5.0,7.0,8.0,Low
2908,Employee 2908,38,6.0,0,97.0,37,5.0,4.0,6.0,Low
2909,Employee 2909,35,9.0,2,87.0,40,6.0,4.0,9.0,Low
2910,Employee 2910,23,7.0,3,61.0,47,5.0,7.0,9.0,Low
2911,Employee 2911,35,9.0,3,88.0,39,8.0,6.0,7.0,Low
2912,Employee 2912,55,5.0,1,79.0,49,5.0,8.0,9.0,Low
2913,Employee 2913,28,6.0,3,63.0,42,8.0,8.0,9.0,Low
2914,Employee 2914,40,7.0,3,76.0,30,5.0,7.0,5.0,Low
2915,Employee 2915,54,5.0,3,54.0,31,9.0,9.0,6.0,Low
2916,Employee 2916,44,9.0,4,55.0,49,6.0,1.0,8.0,Low
2917,Employee 2917,22,9.0,2,91.0,33,8.0,4.0,7.0,Low
2918,Employee 2918,59,7.0,1,60.0,34,5.0,5.0,8.0,Low
2919,Employee 2919,32,6.0,2,84.0,47,9.0,2.0,6.0,Low
2920,Employee 2920,47,8.0,2,90.0,37,7.0,1.0,6.0,Low
2921,Employee 2921,59,5.0,2,56.0,41,8.0,1.0,8.0,Low
2922,Employee 2922,37,7.0,4,59.0,45,8.0,9.0,8.0,Low
2923,Employee 2923,21,6.0,2,91.0,34,8.0,8.0,9.0,Low
2924,Employee 2924,45,9.0,0,59.0,41,7.0,5.0,7.0,Low
2925,Employee 2925,49,5.0,0,90.0,46,7.0,5.0,6.0,Low
2926,Employee 2926,41,5.0,3,68.0,46,9.0,2.0,5.0,Low
2927,Employee 2927,38,6.0,4,96.0,42,6.0,4.0,8.0,Low
2928,Employee 2928,31,9.0,2,77.0,47,9.0,7.0,7.0,Low
2929,Employee 2929,21,7.0,4,78.0,37,8.0,6.0,5.0,Low
2930,Employee 2930,27,7.0,2,55.0,47,7.0,8.0,6.0,Low
2931,Employee 2931,49,9.0,2,57.0,44,5.0,5.0,5.0,Low
2932,Employee 2932,22,8.0,1,94.0,49,6.0,9.0,8.0,Low
2933,Employee 2933,40,6.0,1,69.0,40,7.0,8.0,5.0,Low
2934,Employee 2934,28,6.0,2,71.0,33,8.0,2.0,5.0,Low
2935,Employee 2935,51,6.0,0,75.0,44,9.0,4.0,5.0,Low
2936,Employee 2936,36,9.0,1,87.0,49,8.0,4.0,7.0,Low
2937,Employee 2937,31,7.0,4,70.0,30,8.0,3.0,6.0,Low
2938,Employee 2938,23,6.0,3,52.0,33,6.0,3.0,9.0,Low
2939,Employee 2939,40,9.0,3,86.0,40,6.0,4.0,9.0,Low
2940,Employee 2940,38,8.0,1,53.0,31,9.0,6.0,5.0,Low
2941,Employee 2941,39,7.0,1,98.0,49,5.0,1.0,7.0,Low
2942,Employee 2942,40,8.0,0,87.0,33,7.0,8.0,5.0,Low
2943,Employee 2943,32,7.0,4,98.0,49,6.0,2.0,6.0,Low
2944,Employee 2944,37,7.0,3,58.0,32,9.0,8.0,7.0,Low
2945,Employee 2945,50,5.0,1,66.0,49,8.0,3.0,7.0,Low
2946,Employee 2946,59,8.0,1,68.0,33,6.0,3.0,5.0,Low
2947,Employee 2947,43,6.0,0,82.0,30,7.0,2.0,9.0,Low
2948,Employee 2948,44,7.0,3,63.0,34,9.0,8.0,5.0,Low
2949,Employee 2949,30,5.0,2,63.0,31,8.0,6.0,6.0,Low
2950,Employee 2950,46,6.0,2,88.0,45,5.0,8.0,5.0,Low
2951,Employee 2951,30,5.0,3,87.0,41,5.0,7.0,8.0,Low
2952,Employee 2952,39,8.0,3,85.0,40,5.0,8.0,6.0,Low
2953,Employee 2953,42,5.0,2,69.0,38,9.0,9.0,7.0,Low
2954,Employee 2954,29,8.0,2,89.0,44,7.0,6.0,5.0,Low
2955,Employee 2955,27,7.0,3,92.0,39,9.0,8.0,6.0,Low
2956,Employee 2956,47,5.0,2,65.0,33,7.0,9.0,5.0,Low
2957,Employee 2957,27,6.0,1,82.0,32,5.0,8.0,9.0,Low
2958,Employee 2958,33,8.0,4,79.0,44,8.0,5.0,7.0,Low
2959,Employee 2959,55,6.0,3,99.0,35,8.0,4.0,8.0,Low
2960,Employee 2960,32,9.0,1,72.0,33,5.0,2.0,7.0,Low
2961,Employee 2961,51,7.0,2,84.0,37,7.0,1.0,9.0,Low
2962,Employee 2962,27,8.0,2,60.0,43,8.0,5.0,7.0,Low
2963,Employee 2963,46,9.0,2,86.0,36,5.0,1.0,9.0,Low
2964,Employee 2964,42,5.0,4,62.0,45,5.0,5.0,7.0,Low
2965,Employee 2965,56,8.0,2,58.0,47,5.0,6.0,9.0,Low
2966,Employee 2966,22,9.0,0,85.0,49,5.0,9.0,6.0,Low
2967,Employee 2967,41,7.0,4,87.0,47,7.0,1.0,7.0,Low
2968,Employee 2968,32,8.0,4,53.0,36,6.0,4.0,8.0,Low
2969,Employee 2969,54,5.0,0,78.0,35,9.0,8.0,5.0,Low
2970,Employee 2970,53,5.0,0,51.0,34,8.0,3.0,5.0,Low
2971,Employee 2971,24,5.0,3,93.0,42,5.0,7.0,8.0,Low
2972,Employee 2972,43,9.0,3,90.0,45,5.0,6.0,5.0,Low
2973,Employee 2973,25,6.0,2,51.0,39,8.0,8.0,8.0,Low
2974,Employee 2974,34,8.0,4,70.0,46,9.0,9.0,9.0,Low
2975,Employee 2975,56,9.0,2,68.0,30,9.0,9.0,8.0,Low
2976,Employee 2976,48,6.0,1,99.0,33,5.0,6.0,7.0,Low
2977,Employee 2977,57,6.0,0,90.0,36,7.0,1.0,7.0,Low
2978,Employee 2978,36,6.0,4,54.0,42,7.0,2.0,5.0,Low
2979,Employee 2979,34,5.0,2,76.0,39,5.0,9.0,5.0,Low
2980,Employee 2980,24,7.0,3,93.0,48,9.0,2.0,9.0,Low
2981,Employee 2981,56,7.0,2,58.0,47,9.0,2.0,7.0,Low
2982,Employee 2982,38,8.0,2,97.0,35,6.0,3.0,7.0,Low
2983,Employee 2983,57,7.0,1,87.0,39,9.0,1.0,6.0,Low
2984,Employee 2984,44,6.0,4,96.0,45,8.0,3.0,8.0,Low
2985,Employee 2985,26,7.0,3,84.0,47,5.0,5.0,8.0,Low
2986,Employee 2986,48,9.0,3,57.0,30,9.0,4.0,5.0,Low
2987,Employee 2987,54,8.0,1,64.0,31,9.0,1.0,9.0,Low
2988,Employee 2988,38,6.0,0,69.0,36,9.0,5.0,9.0,Low
2989,Employee 2989,26,8.0,0,56.0,41,6.0,5.0,5.0,Low
2990,Employee 2990,53,6.0,1,52.0,43,6.0,9.0,9.0,Low
2991,Employee 2991,21,9.0,1,87.0,44,8.0,4.0,9.0,Low
2992,Employee 2992,54,8.0,1,97.0,40,8.0,1.0,9.0,Low
2993,Employee 2993,48,8.0,4,60.0,35,6.0,2.0,7.0,Low
2994,Employee 2994,36,7.0,3,92.0,34,5.0,2.0,9.0,Low
2995,Employee 2995,34,8.0,0,87.0,34,6.0,4.0,5.0,Low
2996,Employee 2996,44,8.0,1,88.0,42,7.0,5.0,8.0,Low
2997,Employee 2997,31,5.0,2,83.0,30,9.0,1.0,6.0,Low
2998,Employee 2998,32,8.0,0,82.0,44,5.0,3.0,6.0,Low
2999,Employee 2999,32,6.0,2,85.0,39,9.0,3.0,7.0,Low
3000,Employee 3000,38,6.0,1,67.0,38,9.0,7.0,8.0,Low
3001,Employee 3001,50,6.0,4,52.0,43,8.0,2.0,8.0,Low
3002,Employee 3002,53,5.0,3,68.0,41,5.0,9.0,5.0,Low
3003,Employee 3003,22,8.0,3,70.0,47,9.0,1.0,7.0,Low
3004,Employee 3004,54,5.0,4,62.0,49,6.0,6.0,8.0,Low
3005,Employee 3005,48,9.0,0,51.0,36,5.0,7.0,7.0,Low
3006,Employee 3006,49,5.0,1,93.0,34,7.0,2.0,7.0,Low
3007,Employee 3007,54,5.0,2,68.0,31,7.0,5.0,5.0,Low
3008,Employee 3008,29,9.0,0,80.0,34,9.0,6.0,7.0,Low
3009,Employee 3009,54,6.0,0,60.0,49,6.0,6.0,5.0,Low
3010,Employee 3010,31,7.0,1,89.0,49,9.0,6.0,8.0,Low
3011,Employee 3011,43,7.0,0,66.0,37,8.0,8.0,6.0,Low
3012,Employee 3012,37,8.0,2,94.0,38,9.0,9.0,5.0,Low
3013,Employee 3013,30,7.0,2,80.0,36,5.0,6.0,8.0,Low
3014,Employee 3014,45,7.0,3,52.0,45,6.0,5.0,5.0,Low
3015,Employee 3015,30,5.0,4,50.0,30,8.0,8.0,6.0,Low
3016,Employee 3016,29,9.0,0,70.0,45,5.0,5.0,5.0,Low
3017,Employee 3017,53,6.0,2,83.0,33,9.0,6.0,6.0,Low
3018,Employee 3018,58,8.0,2,91.0,43,6.0,4.0,9.0,Low
3019,Employee 3019,44,5.0,3,53.0,33,7.0,4.0,5.0,Low
3020,Employee 3020,37,6.0,3,62.0,48,9.0,6.0,8.0,Low
3021,Employee 3021,23,8.0,0,70.0,47,5.0,7.0,9.0,Low
3022,Employee 3022,45,5.0,1,97.0,32,5.0,6.0,9.0,Low
3023,Employee 3023,59,9.0,1,50.0,45,9.0,4.0,5.0,Low
3024,Employee 3024,47,9.0,0,62.0,48,8.0,4.0,5.0,Low
3025,Employee 3025,55,6.0,2,79.0,39,7.0,8.0,7.0,Low
3026,Employee 3026,29,7.0,3,81.0,30,5.0,2.0,6.0,Low
3027,Employee 3027,44,5.0,1,93.0,47,7.0,5.0,5.0,Low
3028,Employee 3028,38,7.0,2,53.0,32,6.0,3.0,9.0,Low
3029,Employee 3029,21,6.0,3,83.0,30,8.0,2.0,6.0,Low
3030,Employee 3030,35,5.0,0,90.0,48,9.0,2.0,6.0,Low
3031,Employee 3031,59,5.0,2,60.0,37,7.0,6.0,6.0,Low
3032,Employee 3032,32,9.0,2,67.0,38,7.0,4.0,8.0,Low
3033,Employee 3033,51,8.0,3,53.0,42,6.0,1.0,8.0,Low
3034,Employee 3034,53,5.0,0,73.0,41,9.0,2.0,9.0,Low
3035,Employee 3035,59,7.0,0,73.0,42,9.0,4.0,5.0,Low
3036,Employee 3036,41,5.0,3,54.0,40,8.0,4.0,5.0,Low
3037,Employee 3037,37,6.0,3,84.0,43,8.0,7.0,9.0,Low
3038,Employee 3038,28,7.0,2,80.0,38,7.0,3.0,9.0,Low
3039,Employee 3039,25,8.0,1,62.0,32,9.0,1.0,5.0,Low
3040,Employee 3040,28,7.0,2,64.0,34,8.0,4.0,6.0,Low
3041,Employee 3041,29,8.0,1,68.0,32,5.0,6.0,7.0,Low
3042,Employee 3042,42,6.0,4,68.0,39,7.0,5.0,6.0,Low
3043,Employee 3043,25,7.0,4,92.0,42,6.0,7.0,8.0,Low
3044,Employee 3044,36,8.0,2,83.0,48,8.0,2.0,8.0,Low
3045,Employee 3045,45,9.0,1,65.0,49,7.0,5.0,7.0,Low
3046,Employee 3046,56,6.0,3,71.0,49,5.0,8.0,9.0,Low
3047,Employee 3047,56,9.0,4,64.0,43,8.0,1.0,9.0,Low
3048,Employee 3048,39,5.0,3,80.0,47,6.0,9.0,6.0,Low
3049,Employee 3049,37,7.0,4,87.0,49,5.0,1.0,8.0,Low
3050,Employee 3050,23,7.0,3,91.0,33,5.0,6.0,8.0,Low
3051,Employee 3051,40,8.0,2,82.0,45,8.0,5.0,8.0,Low
3052,Employee 3052,34,9.0,4,98.0,38,8.0,7.0,7.0,Low
3053,Employee 3053,48,7.0,3,62.0,32,8.0,5.0,5.0,Low
3054,Employee 3054,44,5.0,2,66.0,37,9.0,3.0,8.0,Low
3055,Employee 3055,24,7.0,3,70.0,47,5.0,2.0,5.0,Low
3056,Employee 3056,40,8.0,0,82.0,36,9.0,2.0,8.0,Low
3057,Employee 3057,33,8.0,2,64.0,34,7.0,9.0,6.0,Low
3058,Employee 3058,34,5.0,3,97.0,37,8.0,2.0,7.0,Low
3059,Employee 3059,53,8.0,1,75.0,37,7.0,5.0,5.0,Low
3060,Employee 3060,34,9.0,0,82.0,39,5.0,7.0,7.0,Low
3061,Employee 3061,24,8.0,3,75.0,42,7.0,8.0,8.0,Low
3062,Employee 3062,36,8.0,3,76.0,36,9.0,3.0,9.0,Low
3063,Employee 3063,39,9.0,0,57.0,33,6.0,7.0,7.0,Low
3064,Employee 3064,51,9.0,2,51.0,37,9.0,5.0,6.0,Low
3065,Employee 3065,30,8.0,0,76.0,36,8.0,7.0,8.0,Low
3066,Employee 3066,49,6.0,3,96.0,48,7.0,4.0,7.0,Low
3067,Employee 3067,49,6.0,2,81.0,38,7.0,5.0,7.0,Low
3068,Employee 3068,40,7.0,3,62.0,31,9.0,9.0,8.0,Low
3069,Employee 3069,25,9.0,4,55.0,41,6.0,7.0,7.0,Low
3070,Employee 3070,25,8.0,2,85.0,30,6.0,3.0,7.0,Low
3071,Employee 3071,22,9.0,2,98.0,34,7.0,9.0,7.0,Low
3072,Employee 3072,58,6.0,4,73.0,39,8.0,2.0,6.0,Low
3073,Employee 3073,56,6.0,0,53.0,33,9.0,6.0,9.0,Low
3074,Employee 3074,23,9.0,1,69.0,44,9.0,7.0,8.0,Low
3075,Employee 3075,56,9.0,4,81.0,46,9.0,2.0,5.0,Low
3076,Employee 3076,45,8.0,2,66.0,44,9.0,5.0,5.0,Low
3077,Employee 3077,46,7.0,3,51.0,46,9.0,5.0,6.0,Low
3078,Employee 3078,50,6.0,3,63.0,36,5.0,4.0,8.0,Low
3079,Employee 3079,56,9.0,4,78.0,44,7.0,9.0,7.0,Low
3080,Employee 3080,52,9.0,2,50.0,38,8.0,1.0,9.0,Low
3081,Employee 3081,23,9.0,3,85.0,45,7.0,4.0,8.0,Low
3082,Employee 3082,50,8.0,0,77.0,35,9.0,7.0,7.0,Low
3083,Employee 3083,35,5.0,1,75.0,38,9.0,6.0,5.0,Low
3084,Employee 3084,25,5.0,1,75.0,33,8.0,1.0,7.0,Low
3085,Employee 3085,43,8.0,4,88.0,39,7.0,7.0,8.0,Low
3086,Employee 3086,54,5.0,2,72.0,48,5.0,5.0,5.0,Low
3087,Employee 3087,58,9.0,3,91.0,31,9.0,1.0,5.0,Low
3088,Employee 3088,50,6.0,3,65.0,48,9.0,1.0,6.0,Low
3089,Employee 3089,56,5.0,2,64.0,43,6.0,8.0,6.0,Low
3090,Employee 3090,24,7.0,4,99.0,38,9.0,2.0,7.0,Low
3091,Employee 3091,23,8.0,3,51.0,45,8.0,9.0,9.0,Low
3092,Employee 3092,36,5.0,2,71.0,47,9.0,4.0,5.0,Low
3093,Employee 3093,22,7.0,1,82.0,33,9.0,6.0,6.0,Low
3094,Employee 3094,24,5.0,4,66.0,37,8.0,4.0,8.0,Low
3095,Employee 3095,57,6.0,1,76.0,47,6.0,9.0,9.0,Low
3096,Employee 3096,42,8.0,2,79.0,37,9.0,7.0,9.0,Low
3097,Employee 3097,24,9.0,1,98.0,48,8.0,2.0,6.0,Low
3098,Employee 3098,53,6.0,1,76.0,41,7.0,8.0,9.0,Low
3099,Employee 3099,50,6.0,3,62.0,41,6.0,3.0,5.0,Low
3100,Employee 3100,40,6.0,2,91.0,42,7.0,5.0,5.0,Low
3101,Employee 3101,34,6.0,2,89.0,47,9.0,5.0,5.0,Low
3102,Employee 3102,56,9.0,4,52.0,37,5.0,3.0,5.0,Low
3103,Employee 3103,32,8.0,1,99.0,40,7.0,1.0,9.0,Low
3104,Employee 3104,59,6.0,2,91.0,35,5.0,5.0,7.0,Low
3105,Employee 3105,20,8.0,2,80.0,40,6.0,9.0,7.0,Low
3106,Employee 3106,46,8.0,0,69.0,42,8.0,6.0,5.0,Low
3107,Employee 3107,40,7.0,0,81.0,48,5.0,5.0,5.0,Low
3108,Employee 3108,49,9.0,4,75.0,34,7.0,8.0,6.0,Low
3109,Employee 3109,42,9.0,3,76.0,33,7.0,5.0,9.0,Low
3110,Employee 3110,33,7.0,1,50.0,38,9.0,1.0,7.0,Low
3111,Employee 3111,42,8.0,2,50.0,31,7.0,7.0,6.0,Low
3112,Employee 3112,52,5.0,2,86.0,31,5.0,8.0,7.0,Low
3113,Employee 3113,34,6.0,3,59.0,47,9.0,1.0,5.0,Low
3114,Employee 3114,38,7.0,1,64.0,48,6.0,5.0,6.0,Low
3115,Employee 3115,57,8.0,0,82.0,37,8.0,3.0,7.0,Low
3116,Employee 3116,33,8.0,2,69.0,44,7.0,3.0,9.0,Low
3117,Employee 3117,24,7.0,3,56.0,48,5.0,9.0,9.0,Low
3118,Employee 3118,59,8.0,1,72.0,35,9.0,7.0,8.0,Low
3119,Employee 3119,22,5.0,3,51.0,39,7.0,5.0,6.0,Low
3120,Employee 3120,34,5.0,3,75.0,31,7.0,4.0,6.0,Low
3121,Employee 3121,55,7.0,1,85.0,49,8.0,2.0,6.0,Low
3122,Employee 3122,40,9.0,0,91.0,31,8.0,7.0,6.0,Low
3123,Employee 3123,40,5.0,2,87.0,48,8.0,4.0,6.0,Low
3124,Employee 3124,29,5.0,1,55.0,35,5.0,3.0,5.0,Low
3125,Employee 3125,24,6.0,3,56.0,41,8.0,4.0,5.0,Low
3126,Employee 3126,23,9.0,4,64.0,47,6.0,5.0,5.0,Low
3127,Employee 3127,45,6.0,1,90.0,34,5.0,5.0,7.0,Low
3128,Employee 3128,38,5.0,2,55.0,31,6.0,6.0,8.0,Low
3129,Employee 3129,59,6.0,4,95.0,40,9.0,6.0,5.0,Low
3130,Employee 3130,43,5.0,2,64.0,46,9.0,4.0,8.0,Low
3131,Employee 3131,46,8.0,4,85.0,42,9.0,9.0,7.0,Low
3132,Employee 3132,45,5.0,4,54.0,34,6.0,9.0,8.0,Low
3133,Employee 3133,54,7.0,2,78.0,39,5.0,7.0,5.0,Low
3134,Employee 3134,40,5.0,0,53.0,40,8.0,6.0,6.0,Low
3135,Employee 3135,28,9.0,3,52.0,39,6.0,7.0,6.0,Low
3136,Employee 3136,34,6.0,4,83.0,30,8.0,1.0,7.0,Low
3137,Employee 3137,41,7.0,4,89.0,32,5.0,2.0,7.0,Low
3138,Employee 3138,37,8.0,2,92.0,33,6.0,1.0,6.0,Low
3139,Employee 3139,40,9.0,2,72.0,32,6.0,4.0,6.0,Low
3140,Employee 3140,32,5.0,3,99.0,48,7.0,4.0,8.0,Low
3141,Employee 3141,26,9.0,2,65.0,32,6.0,3.0,9.0,Low
3142,Employee 3142,52,9.0,1,58.0,39,9.0,3.0,9.0,Low
3143,Employee 3143,37,6.0,0,62.0,33,6.0,3.0,8.0,Low
3144,Employee 3144,59,8.0,4,50.0,41,9.0,1.0,8.0,Low
3145,Employee 3145,37,7.0,1,82.0,39,5.0,2.0,8.0,Low
3146,Employee 3146,52,9.0,0,74.0,33,9.0,2.0,5.0,Low
3147,Employee 3147,50,9.0,4,86.0,43,5.0,5.0,8.0,Low
3148,Employee 3148,27,7.0,2,63.0,49,8.0,5.0,6.0,Low
3149,Employee 3149,49,6.0,4,54.0,35,8.0,9.0,7.0,Low
3150,Employee 3150,31,6.0,1,88.0,41,6.0,1.0,8.0,Low
3151,Employee 3151,33,9.0,3,95.0,49,5.0,7.0,9.0,Low
3152,Employee 3152,52,8.0,4,71.0,36,8.0,6.0,8.0,Low
3153,Employee 3153,29,7.0,3,52.0,37,6.0,8.0,9.0,Low
3154,Employee 3154,31,8.0,3,92.0,47,7.0,6.0,6.0,Low
3155,Employee 3155,34,9.0,3,99.0,32,9.0,9.0,7.0,Low
3156,Employee 3156,29,5.0,1,54.0,30,6.0,4.0,5.0,Low
3157,Employee 3157,33,7.0,4,87.0,44,9.0,1.0,8.0,Low
3158,Employee 3158,54,8.0,2,96.0,33,6.0,5.0,8.0,Low
3159,Employee 3159,21,6.0,4,66.0,33,8.0,5.0,6.0,Low
3160,Employee 3160,44,7.0,0,81.0,32,6.0,6.0,9.0,Low
3161,Employee 3161,26,6.0,0,86.0,40,7.0,6.0,7.0,Low
3162,Employee 3162,41,8.0,4,55.0,43,7.0,4.0,7.0,Low
3163,Employee 3163,58,8.0,2,96.0,49,7.0,7.0,5.0,Low
3164,Employee 3164,48,5.0,4,59.0,45,5.0,7.0,5.0,Low
3165,Employee 3165,53,7.0,2,69.0,35,8.0,3.0,8.0,Low
3166,Employee 3166,52,5.0,4,94.0,41,5.0,7.0,7.0,Low
3167,Employee 3167,36,6.0,1,60.0,34,8.0,9.0,9.0,Low
3168,Employee 3168,20,7.0,1,52.0,39,5.0,7.0,9.0,Low
3169,Employee 3169,37,8.0,4,69.0,49,9.0,4.0,8.0,Low
3170,Employee 3170,25,5.0,3,56.0,42,6.0,1.0,8.0,Low
3171,Employee 3171,44,8.0,4,85.0,33,6.0,5.0,9.0,Low
3172,Employee 3172,33,8.0,3,54.0,49,8.0,6.0,6.0,Low
3173,Employee 3173,51,8.0,3,70.0,34,9.0,2.0,7.0,Low
3174,Employee 3174,55,5.0,0,55.0,44,7.0,2.0,5.0,Low
3175,Employee 3175,33,5.0,0,88.0,37,7.0,6.0,5.0,Low
3176,Employee 3176,56,9.0,0,94.0,30,8.0,8.0,9.0,Low
3177,Employee 3177,25,8.0,3,63.0,39,7.0,6.0,8.0,Low
3178,Employee 3178,23,7.0,0,71.0,33,5.0,3.0,6.0,Low
3179,Employee 3179,34,8.0,3,72.0,37,8.0,9.0,8.0,Low
3180,Employee 3180,33,9.0,2,68.0,30,7.0,8.0,5.0,Low
3181,Employee 3181,27,5.0,1,82.0,46,7.0,6.0,7.0,Low
3182,Employee 3182,55,7.0,0,72.0,38,7.0,2.0,7.0,Low
3183,Employee 3183,54,5.0,4,85.0,35,8.0,5.0,8.0,Low
3184,Employee 3184,41,6.0,0,98.0,32,9.0,6.0,7.0,Low
3185,Employee 3185,31,9.0,4,63.0,35,8.0,4.0,5.0,Low
3186,Employee 3186,28,8.0,1,68.0,48,8.0,8.0,9.0,Low
3187,Employee 3187,30,7.0,1,53.0,35,8.0,3.0,7.0,Low
3188,Employee 3188,23,8.0,2,77.0,44,5.0,7.0,9.0,Low
3189,Employee 3189,50,8.0,3,65.0,36,8.0,3.0,9.0,Low
3190,Employee 3190,46,8.0,0,91.0,49,6.0,7.0,9.0,Low
3191,Employee 3191,20,8.0,0,92.0,40,9.0,4.0,8.0,Low
3192,Employee 3192,25,7.0,1,94.0,48,6.0,6.0,7.0,Low
3193,Employee 3193,48,7.0,4,55.0,39,9.0,4.0,5.0,Low
3194,Employee 3194,56,6.0,4,58.0,31,7.0,7.0,8.0,Low
3195,Employee 3195,43,8.0,2,73.0,43,9.0,5.0,6.0,Low
3196,Employee 3196,51,9.0,0,91.0,43,5.0,8.0,6.0,Low
3197,Employee 3197,40,5.0,0,53.0,40,8.0,8.0,7.0,Low
3198,Employee 3198,47,9.0,3,64.0,35,7.0,3.0,9.0,Low
3199,Employee 3199,32,6.0,4,91.0,49,5.0,2.0,5.0,Low
3200,Employee 3200,59,6.0,3,69.0,31,7.0,4.0,7.0,Low
3201,Employee 3201,34,8.0,2,75.0,33,9.0,4.0,6.0,Low
3202,Employee 3202,25,6.0,0,74.0,34,6.0,4.0,5.0,Low
3203,Employee 3203,27,7.0,3,84.0,49,6.0,1.0,8.0,Low
3204,Employee 3204,30,5.0,1,50.0,44,7.0,6.0,7.0,Low
3205,Employee 3205,42,6.0,0,71.0,43,8.0,2.0,8.0,Low
3206,Employee 3206,59,7.0,4,70.0,38,8.0,7.0,9.0,Low
3207,Employee 3207,54,5.0,2,56.0,36,7.0,5.0,5.0,Low
3208,Employee 3208,43,9.0,4,90.0,36,5.0,2.0,8.0,Low
3209,Employee 3209,23,5.0,3,63.0,37,5.0,6.0,8.0,Low
3210,Employee 3210,44,5.0,4,85.0,46,7.0,4.0,5.0,Low
3211,Employee 3211,42,7.0,2,50.0,30,5.0,8.0,6.0,Low
3212,Employee 3212,40,9.0,3,91.0,40,9.0,6.0,9.0,Low
3213,Employee 3213,40,9.0,2,99.0,47,5.0,5.0,6.0,Low
3214,Employee 3214,39,9.0,0,86.0,43,9.0,1.0,9.0,Low
3215,Employee 3215,28,8.0,2,74.0,37,9.0,3.0,8.0,Low
3216,Employee 3216,53,9.0,3,99.0,49,6.0,5.0,8.0,Low
3217,Employee 3217,28,6.0,4,64.0,34,5.0,6.0,6.0,Low
3218,Employee 3218,23,9.0,1,97.0,33,8.0,6.0,5.0,Low
3219,Employee 3219,53,7.0,1,72.0,49,8.0,6.0,8.0,Low
3220,Employee 3220,31,7.0,3,72.0,32,7.0,9.0,9.0,Low
3221,Employee 3221,26,6.0,3,63.0,49,7.0,2.0,5.0,Low
3222,Employee 3222,47,9.0,3,57.0,38,5.0,4.0,5.0,Low
3223,Employee 3223,40,5.0,4,68.0,37,5.0,2.0,6.0,Low
3224,Employee 3224,48,5.0,2,79.0,34,5.0,9.0,9.0,Low
3225,Employee 3225,49,7.0,4,77.0,31,8.0,9.0,6.0,Low
3226,Employee 3226,29,5.0,2,51.0,37,6.0,4.0,8.0,Low
3227,Employee 3227,32,8.0,2,81.0,33,9.0,4.0,9.0,Low
3228,Employee 3228,37,6.0,3,86.0,44,9.0,6.0,7.0,Low
3229,Employee 3229,36,8.0,1,76.0,32,8.0,5.0,8.0,Low
3230,Employee 3230,40,9.0,4,78.0,36,5.0,7.0,7.0,Low
3231,Employee 3231,50,5.0,0,74.0,41,7.0,8.0,8.0,Low
3232,Employee 3232,55,8.0,3,98.0,33,7.0,1.0,5.0,Low
3233,Employee 3233,20,8.0,3,86.0,49,8.0,1.0,7.0,Low
3234,Employee 3234,32,9.0,2,67.0,45,7.0,2.0,9.0,Low
3235,Employee 3235,33,5.0,0,69.0,40,8.0,2.0,8.0,Low
3236,Employee 3236,34,7.0,0,58.0,41,6.0,1.0,5.0,Low
3237,Employee 3237,41,5.0,3,69.0,38,9.0,5.0,9.0,Low
3238,Employee 3238,57,9.0,2,95.0,49,8.0,1.0,7.0,Low
3239,Employee 3239,42,7.0,2,86.0,42,7.0,4.0,8.0,Low
3240,Employee 3240,36,5.0,2,78.0,49,5.0,5.0,9.0,Low
3241,Employee 3241,32,7.0,3,97.0,39,7.0,3.0,8.0,Low
3242,Employee 3242,34,5.0,2,53.0,32,5.0,7.0,5.0,Low
3243,Employee 3243,34,5.0,0,94.0,31,6.0,7.0,6.0,Low
3244,Employee 3244,37,8.0,3,74.0,42,7.0,5.0,5.0,Low
3245,Employee 3245,29,6.0,0,87.0,42,5.0,4.0,7.0,Low
3246,Employee 3246,52,5.0,2,56.0,33,8.0,4.0,7.0,Low
3247,Employee 3247,20,7.0,1,65.0,49,7.0,3.0,9.0,Low
3248,Employee 3248,38,5.0,1,79.0,47,9.0,6.0,8.0,Low
3249,Employee 3249,48,7.0,4,66.0,41,7.0,3.0,5.0,Low
3250,Employee 3250,22,5.0,0,57.0,47,6.0,8.0,6.0,Low
3251,Employee 3251,59,5.0,0,84.0,49,8.0,3.0,5.0,Low
3252,Employee 3252,27,6.0,0,59.0,36,9.0,3.0,9.0,Low
3253,Employee 3253,23,6.0,1,97.0,35,7.0,3.0,9.0,Low
3254,Employee 3254,44,7.0,2,83.0,47,8.0,8.0,8.0,Low
3255,Employee 3255,32,5.0,4,66.0,37,6.0,8.0,8.0,Low
3256,Employee 3256,21,7.0,2,90.0,40,5.0,2.0,5.0,Low
3257,Employee 3257,26,9.0,2,57.0,39,9.0,6.0,9.0,Low
3258,Employee 3258,23,9.0,4,97.0,49,9.0,7.0,7.0,Low
3259,Employee 3259,43,9.0,2,96.0,32,5.0,3.0,5.0,Low
3260,Employee 3260,55,9.0,4,87.0,31,7.0,7.0,5.0,Low
3261,Employee 3261,23,8.0,3,74.0,35,9.0,8.0,7.0,Low
3262,Employee 3262,54,9.0,4,85.0,42,9.0,2.0,9.0,Low
3263,Employee 3263,46,8.0,0,52.0,49,7.0,5.0,8.0,Low
3264,Employee 3264,44,8.0,0,89.0,31,6.0,1.0,8.0,Low
3265,Employee 3265,45,9.0,1,50.0,38,5.0,5.0,8.0,Low
3266,Employee 3266,28,7.0,1,96.0,43,5.0,8.0,7.0,Low
3267,Employee 3267,31,7.0,1,90.0,47,6.0,6.0,5.0,Low
3268,Employee 3268,36,5.0,0,95.0,39,9.0,5.0,9.0,Low
3269,Employee 3269,37,5.0,4,72.0,43,9.0,3.0,6.0,Low
3270,Employee 3270,50,6.0,2,57.0,48,8.0,1.0,8.0,Low
3271,Employee 3271,31,9.0,2,71.0,39,9.0,3.0,9.0,Low
3272,Employee 3272,35,9.0,2,73.0,33,5.0,3.0,8.0,Low
3273,Employee 3273,48,9.0,0,70.0,42,8.0,6.0,5.0,Low
3274,Employee 3274,43,5.0,1,79.0,49,9.0,5.0,7.0,Low
3275,Employee 3275,39,9.0,4,81.0,38,8.0,2.0,5.0,Low
3276,Employee 3276,36,7.0,3,61.0,41,7.0,5.0,5.0,Low
3277,Employee 3277,35,8.0,4,65.0,36,6.0,5.0,9.0,Low
3278,Employee 3278,21,9.0,2,70.0,34,5.0,1.0,7.0,Low
3279,Employee 3279,54,5.0,0,63.0,43,9.0,6.0,6.0,Low
3280,Employee 3280,40,9.0,4,83.0,38,9.0,5.0,6.0,Low
3281,Employee 3281,46,7.0,4,85.0,34,9.0,5.0,5.0,Low
3282,Employee 3282,36,6.0,2,84.0,42,9.0,5.0,9.0,Low
3283,Employee 3283,29,9.0,3,78.0,41,8.0,4.0,8.0,Low
3284,Employee 3284,21,6.0,4,74.0,39,9.0,5.0,5.0,Low
3285,Employee 3285,20,7.0,2,66.0,39,9.0,1.0,5.0,Low
3286,Employee 3286,36,5.0,0,67.0,34,8.0,4.0,8.0,Low
3287,Employee 3287,35,9.0,0,69.0,31,6.0,6.0,8.0,Low
3288,Employee 3288,39,9.0,4,61.0,42,5.0,6.0,5.0,Low
3289,Employee 3289,54,6.0,3,50.0,38,9.0,4.0,5.0,Low
3290,Employee 3290,23,8.0,0,87.0,31,8.0,7.0,9.0,Low
3291,Employee 3291,23,5.0,2,53.0,48,5.0,4.0,6.0,Low
3292,Employee 3292,53,8.0,2,65.0,31,5.0,8.0,7.0,Low
3293,Employee 3293,36,7.0,2,68.0,47,6.0,4.0,5.0,Low
3294,Employee 3294,49,8.0,3,69.0,39,5.0,9.0,5.0,Low
3295,Employee 3295,40,9.0,0,64.0,36,6.0,1.0,7.0,Low
3296,Employee 3296,31,9.0,1,60.0,41,6.0,5.0,5.0,Low
3297,Employee 3297,56,8.0,1,85.0,46,5.0,7.0,6.0,Low
3298,Employee 3298,30,6.0,4,59.0,30,7.0,8.0,6.0,Low
3299,Employee 3299,30,6.0,0,78.0,30,8.0,9.0,9.0,Low
3300,Employee 3300,55,7.0,2,73.0,47,8.0,8.0,6.0,Low
3301,Employee 3301,41,5.0,3,89.0,35,8.0,2.0,5.0,Low
3302,Employee 3302,21,8.0,4,69.0,45,9.0,3.0,9.0,Low
3303,Employee 3303,49,6.0,1,52.0,40,7.0,3.0,7.0,Low
3304,Employee 3304,52,9.0,4,94.0,39,6.0,8.0,6.0,Low
3305,Employee 3305,58,6.0,1,57.0,30,9.0,9.0,8.0,Low
3306,Employee 3306,20,7.0,0,99.0,31,7.0,3.0,5.0,Low
3307,Employee 3307,55,5.0,4,55.0,31,9.0,3.0,9.0,Low
3308,Employee 3308,56,5.0,1,79.0,36,9.0,6.0,7.0,Low
3309,Employee 3309,59,5.0,0,94.0,42,7.0,1.0,8.0,Low
3310,Employee 3310,40,7.0,2,62.0,39,5.0,3.0,8.0,Low
3311,Employee 3311,50,8.0,0,87.0,43,5.0,1.0,6.0,Low
3312,Employee 3312,32,7.0,0,72.0,44,5.0,2.0,8.0,Low
3313,Employee 3313,32,7.0,0,94.0,47,6.0,2.0,8.0,Low
3314,Employee 3314,56,6.0,4,95.0,33,7.0,6.0,8.0,Low
3315,Employee 3315,22,7.0,1,53.0,33,5.0,4.0,5.0,Low
3316,Employee 3316,31,8.0,3,58.0,48,7.0,7.0,6.0,Low
3317,Employee 3317,52,6.0,0,67.0,37,7.0,2.0,6.0,Low
3318,Employee 3318,33,7.0,4,57.0,36,7.0,8.0,7.0,Low
3319,Employee 3319,24,7.0,1,70.0,45,7.0,7.0,8.0,Low
3320,Employee 3320,50,6.0,3,60.0,33,8.0,3.0,7.0,Low
3321,Employee 3321,25,5.0,3,50.0,31,9.0,5.0,6.0,Low
3322,Employee 3322,46,9.0,4,78.0,39,8.0,2.0,6.0,Low
3323,Employee 3323,31,5.0,1,57.0,34,7.0,8.0,8.0,Low
3324,Employee 3324,54,9.0,0,55.0,49,9.0,1.0,7.0,Low
3325,Employee 3325,42,9.0,1,65.0,44,5.0,4.0,8.0,Low
3326,Employee 3326,55,7.0,2,88.0,44,6.0,4.0,6.0,Low
3327,Employee 3327,44,9.0,2,76.0,33,5.0,3.0,5.0,Low
3328,Employee 3328,54,5.0,4,94.0,44,8.0,9.0,8.0,Low
3329,Employee 3329,22,9.0,3,84.0,41,6.0,9.0,8.0,Low
3330,Employee 3330,23,5.0,4,63.0,48,9.0,7.0,7.0,Low
3331,Employee 3331,26,9.0,1,59.0,44,9.0,3.0,6.0,Low
3332,Employee 3332,36,9.0,2,68.0,31,9.0,7.0,6.0,Low
3333,Employee 3333,34,9.0,3,84.0,34,9.0,9.0,7.0,Low
3334,Employee 3334,45,7.0,2,64.0,31,9.0,3.0,6.0,Low
3335,Employee 3335,47,6.0,3,71.0,36,9.0,4.0,7.0,Low
3336,Employee 3336,47,9.0,2,87.0,30,6.0,5.0,8.0,Low
3337,Employee 3337,47,9.0,3,92.0,43,7.0,8.0,8.0,Low
3338,Employee 3338,48,9.0,4,84.0,45,9.0,2.0,8.0,Low
3339,Employee 3339,33,7.0,3,71.0,49,5.0,4.0,7.0,Low
3340,Employee 3340,44,6.0,4,74.0,36,7.0,5.0,7.0,Low
3341,Employee 3341,55,5.0,3,80.0,43,5.0,3.0,7.0,Low
3342,Employee 3342,26,7.0,3,79.0,33,9.0,4.0,6.0,Low
3343,Employee 3343,57,5.0,3,60.0,44,8.0,7.0,8.0,Low
3344,Employee 3344,35,9.0,3,85.0,38,6.0,1.0,9.0,Low
3345,Employee 3345,54,5.0,4,56.0,38,9.0,6.0,8.0,Low
3346,Employee 3346,34,8.0,4,76.0,45,5.0,5.0,8.0,Low
3347,Employee 3347,32,5.0,0,60.0,45,5.0,7.0,6.0,Low
3348,Employee 3348,54,5.0,2,74.0,37,8.0,3.0,5.0,Low
3349,Employee 3349,31,9.0,1,53.0,43,9.0,7.0,7.0,Low
3350,Employee 3350,25,6.0,1,93.0,45,7.0,2.0,5.0,Low
3351,Employee 3351,37,7.0,2,74.0,32,8.0,8.0,8.0,Low
3352,Employee 3352,28,7.0,3,71.0,33,9.0,6.0,9.0,Low
3353,Employee 3353,37,6.0,0,55.0,35,9.0,1.0,7.0,Low
3354,Employee 3354,25,9.0,1,96.0,49,5.0,8.0,8.0,Low
3355,Employee 3355,23,5.0,3,56.0,35,6.0,2.0,7.0,Low
3356,Employee 3356,49,6.0,2,89.0,40,9.0,1.0,7.0,Low
3357,Employee 3357,28,9.0,4,81.0,39,7.0,5.0,5.0,Low
3358,Employee 3358,46,5.0,3,53.0,39,6.0,8.0,9.0,Low
3359,Employee 3359,43,9.0,4,93.0,30,6.0,2.0,6.0,Low
3360,Employee 3360,27,8.0,0,89.0,33,6.0,2.0,6.0,Low
3361,Employee 3361,38,9.0,2,76.0,48,7.0,8.0,5.0,Low
3362,Employee 3362,54,7.0,0,66.0,46,5.0,6.0,8.0,Low
3363,Employee 3363,25,6.0,0,83.0,47,8.0,8.0,7.0,Low
3364,Employee 3364,48,6.0,2,93.0,30,8.0,2.0,5.0,Low
3365,Employee 3365,32,6.0,0,70.0,34,6.0,5.0,8.0,Low
3366,Employee 3366,34,7.0,4,75.0,44,7.0,1.0,5.0,Low
3367,Employee 3367,45,7.0,2,74.0,42,5.0,1.0,9.0,Low
3368,Employee 3368,36,5.0,0,54.0,37,9.0,4.0,9.0,Low
3369,Employee 3369,28,7.0,1,70.0,48,5.0,6.0,8.0,Low
3370,Employee 3370,24,8.0,0,74.0,30,6.0,6.0,9.0,Low
3371,Employee 3371,50,7.0,1,67.0,44,8.0,8.0,6.0,Low
3372,Employee 3372,54,5.0,1,54.0,39,8.0,8.0,6.0,Low
3373,Employee 3373,52,6.0,3,52.0,30,9.0,8.0,6.0,Low
3374,Employee 3374,44,5.0,0,87.0,36,8.0,4.0,8.0,Low
3375,Employee 3375,53,8.0,3,59.0,40,8.0,5.0,6.0,Low
3376,Employee 3376,22,9.0,0,60.0,42,5.0,6.0,5.0,Low
3377,Employee 3377,47,7.0,1,55.0,38,5.0,1.0,8.0,Low
3378,Employee 3378,29,6.0,2,52.0,49,5.0,3.0,8.0,Low
3379,Employee 3379,56,6.0,2,73.0,31,9.0,7.0,7.0,Low
3380,Employee 3380,38,5.0,4,82.0,45,7.0,9.0,8.0,Low
3381,Employee 3381,22,6.0,3,85.0,44,5.0,3.0,5.0,Low
3382,Employee 3382,54,6.0,3,54.0,37,8.0,3.0,5.0,Low
3383,Employee 3383,50,9.0,3,75.0,38,8.0,2.0,9.0,Low
3384,Employee 3384,22,7.0,2,65.0,31,7.0,5.0,5.0,Low
3385,Employee 3385,29,8.0,4,54.0,45,5.0,4.0,5.0,Low
3386,Employee 3386,53,9.0,2,62.0,30,9.0,8.0,8.0,Low
3387,Employee 3387,39,8.0,0,95.0,35,5.0,7.0,9.0,Low
3388,Employee 3388,53,5.0,3,59.0,30,9.0,7.0,9.0,Low
3389,Employee 3389,21,6.0,0,56.0,49,9.0,4.0,9.0,Low
3390,Employee 3390,57,8.0,0,61.0,32,7.0,7.0,5.0,Low
3391,Employee 3391,31,8.0,2,94.0,38,5.0,1.0,9.0,Low
3392,Employee 3392,40,6.0,1,68.0,36,8.0,5.0,8.0,Low
3393,Employee 3393,47,8.0,4,83.0,40,6.0,4.0,8.0,Low
3394,Employee 3394,44,8.0,3,56.0,47,8.0,8.0,9.0,Low
3395,Employee 3395,41,9.0,3,65.0,32,6.0,7.0,6.0,Low
3396,Employee 3396,23,6.0,3,65.0,46,7.0,9.0,9.0,Low
3397,Employee 3397,41,6.0,1,50.0,37,9.0,9.0,9.0,Low
3398,Employee 3398,20,8.0,4,63.0,48,7.0,6.0,6.0,Low
3399,Employee 3399,45,9.0,4,82.0,45,6.0,1.0,8.0,Low
3400,Employee 3400,21,6.0,4,59.0,33,7.0,6.0,9.0,Low
3401,Employee 3401,22,8.0,2,54.0,32,8.0,4.0,6.0,Low
3402,Employee 3402,54,8.0,1,54.0,30,7.0,8.0,6.0,Low
3403,Employee 3403,42,6.0,0,69.0,30,7.0,7.0,6.0,Low
3404,Employee 3404,51,8.0,2,89.0,35,6.0,6.0,9.0,Low
3405,Employee 3405,40,5.0,4,65.0,31,5.0,9.0,8.0,Low
3406,Employee 3406,33,9.0,3,96.0,44,8.0,9.0,9.0,Low
3407,Employee 3407,59,9.0,4,88.0,35,8.0,7.0,5.0,Low
3408,Employee 3408,37,5.0,3,92.0,46,9.0,1.0,7.0,Low
3409,Employee 3409,41,5.0,1,57.0,40,8.0,7.0,7.0,Low
3410,Employee 3410,44,5.0,0,68.0,39,9.0,5.0,5.0,Low
3411,Employee 3411,39,8.0,1,76.0,48,6.0,6.0,8.0,Low
3412,Employee 3412,37,7.0,1,91.0,43,8.0,4.0,8.0,Low
3413,Employee 3413,41,8.0,2,63.0,49,7.0,5.0,5.0,Low
3414,Employee 3414,37,5.0,1,63.0,33,5.0,4.0,9.0,Low
3415,Employee 3415,21,8.0,3,64.0,44,8.0,2.0,5.0,Low
3416,Employee 3416,32,9.0,2,71.0,39,9.0,5.0,5.0,Low
3417,Employee 3417,31,5.0,3,87.0,32,7.0,5.0,6.0,Low
3418,Employee 3418,26,7.0,1,52.0,38,6.0,4.0,5.0,Low
3419,Employee 3419,39,9.0,0,94.0,47,9.0,2.0,6.0,Low
3420,Employee 3420,27,6.0,0,58.0,46,7.0,5.0,8.0,Low
3421,Employee 3421,35,9.0,3,68.0,46,5.0,1.0,8.0,Low
3422,Employee 3422,37,7.0,3,97.0,41,5.0,7.0,9.0,Low
3423,Employee 3423,46,9.0,1,92.0,45,7.0,2.0,6.0,Low
3424,Employee 3424,25,6.0,0,94.0,43,7.0,4.0,6.0,Low
3425,Employee 3425,49,7.0,4,90.0,43,6.0,7.0,7.0,Low
3426,Employee 3426,22,5.0,2,86.0,43,6.0,5.0,6.0,Low
3427,Employee 3427,50,6.0,0,86.0,38,9.0,7.0,5.0,Low
3428,Employee 3428,25,5.0,3,54.0,40,6.0,6.0,9.0,Low
3429,Employee 3429,33,9.0,3,50.0,36,5.0,7.0,5.0,Low
3430,Employee 3430,56,9.0,1,75.0,43,5.0,3.0,9.0,Low
3431,Employee 3431,51,6.0,2,94.0,36,6.0,4.0,5.0,Low
3432,Employee 3432,48,6.0,0,88.0,42,6.0,8.0,5.0,Low
3433,Employee 3433,41,5.0,0,66.0,46,5.0,1.0,8.0,Low
3434,Employee 3434,34,6.0,3,69.0,47,5.0,5.0,6.0,Low
3435,Employee 3435,28,6.0,4,88.0,46,5.0,4.0,6.0,Low
3436,Employee 3436,48,5.0,4,62.0,40,7.0,6.0,5.0,Low
3437,Employee 3437,20,8.0,4,53.0,31,6.0,7.0,5.0,Low
3438,Employee 3438,23,6.0,0,63.0,41,5.0,5.0,9.0,Low
3439,Employee 3439,52,8.0,2,97.0,45,8.0,7.0,8.0,Low
3440,Employee 3440,36,8.0,4,95.0,33,9.0,7.0,6.0,Low
3441,Employee 3441,30,9.0,0,99.0,37,9.0,5.0,8.0,Low
3442,Employee 3442,22,7.0,4,97.0,31,5.0,5.0,9.0,Low
3443,Employee 3443,39,6.0,4,52.0,34,9.0,4.0,8.0,Low
3444,Employee 3444,27,6.0,0,72.0,36,8.0,1.0,5.0,Low
3445,Employee 3445,51,8.0,2,74.0,30,6.0,7.0,5.0,Low
3446,Employee 3446,56,9.0,0,64.0,30,7.0,7.0,8.0,Low
3447,Employee 3447,57,8.0,4,87.0,31,7.0,6.0,7.0,Low
3448,Employee 3448,58,9.0,4,55.0,39,7.0,1.0,6.0,Low
3449,Employee 3449,49,9.0,4,98.0,34,9.0,3.0,8.0,Low
3450,Employee 3450,35,6.0,4,94.0,43,9.0,3.0,9.0,Low
3451,Employee 3451,45,6.0,2,86.0,45,7.0,1.0,8.0,Low
3452,Employee 3452,52,6.0,2,65.0,48,7.0,9.0,7.0,Low
3453,Employee 3453,48,6.0,3,83.0,39,6.0,4.0,6.0,Low
3454,Employee 3454,30,5.0,1,78.0,32,6.0,8.0,6.0,Low
3455,Employee 3455,38,9.0,3,67.0,38,8.0,2.0,9.0,Low
3456,Employee 3456,32,9.0,0,87.0,32,9.0,9.0,5.0,Low
3457,Employee 3457,31,9.0,0,70.0,33,9.0,3.0,5.0,Low
3458,Employee 3458,39,6.0,0,62.0,34,7.0,4.0,5.0,Low
3459,Employee 3459,52,8.0,2,53.0,47,6.0,4.0,6.0,Low
3460,Employee 3460,46,8.0,0,81.0,43,6.0,7.0,7.0,Low
3461,Employee 3461,20,8.0,1,57.0,33,8.0,4.0,9.0,Low
3462,Employee 3462,55,7.0,0,76.0,48,9.0,1.0,9.0,Low
3463,Employee 3463,52,8.0,3,87.0,30,5.0,6.0,5.0,Low
3464,Employee 3464,37,9.0,0,93.0,43,9.0,4.0,8.0,Low
3465,Employee 3465,50,5.0,4,61.0,41,9.0,6.0,6.0,Low
3466,Employee 3466,57,9.0,4,60.0,32,6.0,8.0,5.0,Low
3467,Employee 3467,32,5.0,4,88.0,35,7.0,3.0,7.0,Low
3468,Employee 3468,37,5.0,3,72.0,36,6.0,9.0,5.0,Low
3469,Employee 3469,40,7.0,3,79.0,44,7.0,5.0,8.0,Low
3470,Employee 3470,30,7.0,2,65.0,45,6.0,3.0,7.0,Low
3471,Employee 3471,53,9.0,0,57.0,30,9.0,4.0,7.0,Low
3472,Employee 3472,32,9.0,0,61.0,32,9.0,3.0,8.0,Low
3473,Employee 3473,34,5.0,2,60.0,36,8.0,6.0,5.0,Low
3474,Employee 3474,33,9.0,0,66.0,38,6.0,5.0,6.0,Low
3475,Employee 3475,38,8.0,1,62.0,37,8.0,9.0,8.0,Low
3476,Employee 3476,42,9.0,3,57.0,35,8.0,4.0,5.0,Low
3477,Employee 3477,48,9.0,2,83.0,34,6.0,3.0,6.0,Low
3478,Employee 3478,46,9.0,4,95.0,32,9.0,9.0,5.0,Low
3479,Employee 3479,35,9.0,4,88.0,44,7.0,2.0,5.0,Low
3480,Employee 3480,32,7.0,1,52.0,36,9.0,1.0,6.0,Low
3481,Employee 3481,36,7.0,3,53.0,39,5.0,2.0,6.0,Low
3482,Employee 3482,20,6.0,3,70.0,34,9.0,4.0,7.0,Low
3483,Employee 3483,44,8.0,0,62.0,41,9.0,5.0,6.0,Low
3484,Employee 3484,50,5.0,1,73.0,40,5.0,5.0,8.0,Low
3485,Employee 3485,44,6.0,4,78.0,48,6.0,8.0,9.0,Low
3486,Employee 3486,43,7.0,3,79.0,47,7.0,5.0,6.0,Low
3487,Employee 3487,26,6.0,4,88.0,46,6.0,5.0,9.0,Low
3488,Employee 3488,44,7.0,1,82.0,33,7.0,1.0,8.0,Low
3489,Employee 3489,47,9.0,3,62.0,49,7.0,1.0,8.0,Low
3490,Employee 3490,41,9.0,4,75.0,30,5.0,1.0,9.0,Low
3491,Employee 3491,33,8.0,0,55.0,31,6.0,3.0,5.0,Low
3492,Employee 3492,23,8.0,0,67.0,30,7.0,9.0,8.0,Low
3493,Employee 3493,37,6.0,2,94.0,34,9.0,5.0,7.0,Low
3494,Employee 3494,56,9.0,0,77.0,31,5.0,2.0,8.0,Low
3495,Employee 3495,54,9.0,0,88.0,37,7.0,8.0,6.0,Low
3496,Employee 3496,37,9.0,0,91.0,40,7.0,7.0,6.0,Low
3497,Employee 3497,27,6.0,1,73.0,35,6.0,2.0,8.0,Low
3498,Employee 3498,20,8.0,0,52.0,43,6.0,9.0,9.0,Low
3499,Employee 3499,54,7.0,3,72.0,43,6.0,2.0,7.0,Low
3500,Employee 3500,35,7.0,0,66.0,43,6.0,3.0,6.0,Low
3501,Employee 3501,36,7.0,3,64.0,36,7.0,1.0,8.0,Low
3502,Employee 3502,24,8.0,4,79.0,34,8.0,8.0,7.0,Low
3503,Employee 3503,28,6.0,0,97.0,39,7.0,3.0,5.0,Low
3504,Employee 3504,55,7.0,2,85.0,30,7.0,1.0,8.0,Low
3505,Employee 3505,37,9.0,3,61.0,35,5.0,7.0,9.0,Low
3506,Employee 3506,56,8.0,3,89.0,45,7.0,4.0,5.0,Low
3507,Employee 3507,58,8.0,2,84.0,33,6.0,6.0,8.0,Low
3508,Employee 3508,50,8.0,2,83.0,40,7.0,4.0,6.0,Low
3509,Employee 3509,20,5.0,0,64.0,49,7.0,2.0,6.0,Low
3510,Employee 3510,47,9.0,4,56.0,37,9.0,1.0,8.0,Low
3511,Employee 3511,47,9.0,4,82.0,35,9.0,2.0,8.0,Low
3512,Employee 3512,46,9.0,1,92.0,39,9.0,9.0,5.0,Low
3513,Employee 3513,57,8.0,2,83.0,32,8.0,1.0,7.0,Low
3514,Employee 3514,24,6.0,2,72.0,36,6.0,1.0,8.0,Low
3515,Employee 3515,24,5.0,1,54.0,45,5.0,3.0,6.0,Low
3516,Employee 3516,30,6.0,1,62.0,38,7.0,1.0,8.0,Low
3517,Employee 3517,45,5.0,0,89.0,32,7.0,5.0,8.0,Low
3518,Employee 3518,44,8.0,4,62.0,31,6.0,5.0,5.0,Low
3519,Employee 3519,20,8.0,2,88.0,36,9.0,4.0,8.0,Low
3520,Employee 3520,53,6.0,2,84.0,34,7.0,5.0,6.0,Low
3521,Employee 3521,38,8.0,1,58.0,38,6.0,4.0,6.0,Low
3522,Employee 3522,50,6.0,3,75.0,47,6.0,5.0,8.0,Low
3523,Employee 3523,50,6.0,4,60.0,39,9.0,1.0,9.0,Low
3524,Employee 3524,37,7.0,4,59.0,42,8.0,7.0,9.0,Low
3525,Employee 3525,40,9.0,1,52.0,39,9.0,8.0,9.0,Low
3526,Employee 3526,27,8.0,1,57.0,43,6.0,8.0,6.0,Low
3527,Employee 3527,35,6.0,0,94.0,45,6.0,3.0,6.0,Low
3528,Employee 3528,23,8.0,3,58.0,32,9.0,9.0,8.0,Low
3529,Employee 3529,29,6.0,4,61.0,33,5.0,3.0,7.0,Low
3530,Employee 3530,59,9.0,4,50.0,36,7.0,2.0,9.0,Low
3531,Employee 3531,29,7.0,1,55.0,46,8.0,8.0,5.0,Low
3532,Employee 3532,45,5.0,2,64.0,35,9.0,6.0,5.0,Low
3533,Employee 3533,26,8.0,3,78.0,36,7.0,5.0,6.0,Low
3534,Employee 3534,42,7.0,0,80.0,40,5.0,3.0,6.0,Low
3535,Employee 3535,24,9.0,3,55.0,46,5.0,5.0,6.0,Low
3536,Employee 3536,21,7.0,3,75.0,48,8.0,8.0,8.0,Low
3537,Employee 3537,52,6.0,2,58.0,35,9.0,2.0,7.0,Low
3538,Employee 3538,48,5.0,2,76.0,35,5.0,9.0,9.0,Low
3539,Employee 3539,23,5.0,0,68.0,30,5.0,2.0,6.0,Low
3540,Employee 3540,58,5.0,2,86.0,38,9.0,6.0,8.0,Low
3541,Employee 3541,24,5.0,2,56.0,34,5.0,5.0,5.0,Low
3542,Employee 3542,46,7.0,4,87.0,43,8.0,4.0,7.0,Low
3543,Employee 3543,26,5.0,4,66.0,40,6.0,8.0,6.0,Low
3544,Employee 3544,46,9.0,3,68.0,39,5.0,3.0,7.0,Low
3545,Employee 3545,20,7.0,1,98.0,42,9.0,4.0,5.0,Low
3546,Employee 3546,32,7.0,2,79.0,44,9.0,9.0,5.0,Low
3547,Employee 3547,41,5.0,2,70.0,45,8.0,1.0,6.0,Low
3548,Employee 3548,49,8.0,4,68.0,46,5.0,3.0,7.0,Low
3549,Employee 3549,57,6.0,4,65.0,33,9.0,9.0,6.0,Low
3550,Employee 3550,30,7.0,4,57.0,41,7.0,1.0,8.0,Low
3551,Employee 3551,55,5.0,3,92.0,40,8.0,3.0,6.0,Low
3552,Employee 3552,53,9.0,4,51.0,46,7.0,5.0,8.0,Low
3553,Employee 3553,34,5.0,4,81.0,45,7.0,1.0,7.0,Low
3554,Employee 3554,44,5.0,3,64.0,42,7.0,1.0,7.0,Low
3555,Employee 3555,57,8.0,1,92.0,44,5.0,1.0,9.0,Low
3556,Employee 3556,34,6.0,3,67.0,33,8.0,3.0,6.0,Low
3557,Employee 3557,37,5.0,2,67.0,37,5.0,9.0,7.0,Low
3558,Employee 3558,24,6.0,3,50.0,39,7.0,8.0,6.0,Low
3559,Employee 3559,37,6.0,3,54.0,36,7.0,4.0,5.0,Low
3560,Employee 3560,57,6.0,3,65.0,48,8.0,9.0,9.0,Low
3561,Employee 3561,49,5.0,2,91.0,41,5.0,9.0,6.0,Low
3562,Employee 3562,36,8.0,1,87.0,44,8.0,7.0,6.0,Low
3563,Employee 3563,50,5.0,1,50.0,41,8.0,9.0,8.0,Low
3564,Employee 3564,45,6.0,2,91.0,40,8.0,1.0,9.0,Low
3565,Employee 3565,30,6.0,4,56.0,38,5.0,4.0,8.0,Low
3566,Employee 3566,37,5.0,0,93.0,37,6.0,4.0,7.0,Low
3567,Employee 3567,34,7.0,2,99.0,47,7.0,2.0,6.0,Low
3568,Employee 3568,50,6.0,3,99.0,35,6.0,1.0,7.0,Low
3569,Employee 3569,56,9.0,3,94.0,31,5.0,2.0,5.0,Low
3570,Employee 3570,54,7.0,2,57.0,43,5.0,6.0,6.0,Low
3571,Employee 3571,36,5.0,4,95.0,41,9.0,9.0,7.0,Low
3572,Employee 3572,52,5.0,1,88.0,41,7.0,9.0,7.0,Low
3573,Employee 3573,42,8.0,4,50.0,30,7.0,6.0,8.0,Low
3574,Employee 3574,24,7.0,4,84.0,44,5.0,8.0,7.0,Low
3575,Employee 3575,30,9.0,2,66.0,41,5.0,6.0,6.0,Low
3576,Employee 3576,27,7.0,1,98.0,47,6.0,5.0,6.0,Low
3577,Employee 3577,40,7.0,2,72.0,46,5.0,6.0,6.0,Low
3578,Employee 3578,42,7.0,1,92.0,40,9.0,2.0,6.0,Low
3579,Employee 3579,37,5.0,4,52.0,35,7.0,6.0,9.0,Low
3580,Employee 3580,24,9.0,4,99.0,44,8.0,4.0,8.0,Low
3581,Employee 3581,46,7.0,1,62.0,34,7.0,9.0,5.0,Low
3582,Employee 3582,28,9.0,3,86.0,49,8.0,1.0,5.0,Low
3583,Employee 3583,28,9.0,1,50.0,41,7.0,3.0,7.0,Low
3584,Employee 3584,48,5.0,2,64.0,34,7.0,4.0,7.0,Low
3585,Employee 3585,23,6.0,2,93.0,34,9.0,1.0,6.0,Low
3586,Employee 3586,49,5.0,1,74.0,48,8.0,4.0,9.0,Low
3587,Employee 3587,38,5.0,0,62.0,41,8.0,7.0,7.0,Low
3588,Employee 3588,33,7.0,1,57.0,38,5.0,4.0,8.0,Low
3589,Employee 3589,29,8.0,4,96.0,47,9.0,8.0,5.0,Low
3590,Employee 3590,22,8.0,4,88.0,46,8.0,5.0,8.0,Low
3591,Employee 3591,58,5.0,0,81.0,37,7.0,3.0,8.0,Low
3592,Employee 3592,41,7.0,3,78.0,34,8.0,2.0,8.0,Low
3593,Employee 3593,30,8.0,1,93.0,42,8.0,2.0,8.0,Low
3594,Employee 3594,44,9.0,3,52.0,30,5.0,2.0,5.0,Low
3595,Employee 3595,28,9.0,2,70.0,30,9.0,4.0,6.0,Low
3596,Employee 3596,20,5.0,4,99.0,45,8.0,8.0,9.0,Low
3597,Employee 3597,21,5.0,2,58.0,32,9.0,6.0,7.0,Low
3598,Employee 3598,30,7.0,2,59.0,39,5.0,1.0,9.0,Low
3599,Employee 3599,44,7.0,0,85.0,36,9.0,1.0,6.0,Low
3600,Employee 3600,27,7.0,1,99.0,38,7.0,2.0,9.0,Low
3601,Employee 3601,20,7.0,3,52.0,46,5.0,6.0,8.0,Low
3602,Employee 3602,39,5.0,4,81.0,43,9.0,6.0,7.0,Low
3603,Employee 3603,38,9.0,0,96.0,41,7.0,3.0,9.0,Low
3604,Employee 3604,56,8.0,2,68.0,48,5.0,3.0,8.0,Low
3605,Employee 3605,22,6.0,4,50.0,45,5.0,6.0,8.0,Low
3606,Employee 3606,21,6.0,3,66.0,38,7.0,5.0,9.0,Low
3607,Employee 3607,59,7.0,2,85.0,40,6.0,8.0,5.0,Low
3608,Employee 3608,34,8.0,2,75.0,41,9.0,3.0,7.0,Low
3609,Employee 3609,45,5.0,0,75.0,35,9.0,4.0,6.0,Low
3610,Employee 3610,43,8.0,2,58.0,32,8.0,5.0,9.0,Low
3611,Employee 3611,30,9.0,0,52.0,41,6.0,2.0,9.0,Low
3612,Employee 3612,26,8.0,2,73.0,37,8.0,2.0,6.0,Low
3613,Employee 3613,49,7.0,2,60.0,35,7.0,9.0,6.0,Low
3614,Employee 3614,43,9.0,2,94.0,45,9.0,3.0,5.0,Low
3615,Employee 3615,32,7.0,1,77.0,39,8.0,4.0,9.0,Low
3616,Employee 3616,51,8.0,2,81.0,31,7.0,1.0,6.0,Low
3617,Employee 3617,57,7.0,0,92.0,43,9.0,8.0,9.0,Low
3618,Employee 3618,56,6.0,4,66.0,47,6.0,6.0,7.0,Low
3619,Employee 3619,59,9.0,0,71.0,31,9.0,1.0,8.0,Low
3620,Employee 3620,49,6.0,1,78.0,48,7.0,6.0,9.0,Low
3621,Employee 3621,29,6.0,0,51.0,46,9.0,8.0,6.0,Low
3622,Employee 3622,50,7.0,3,65.0,40,5.0,5.0,6.0,Low
3623,Employee 3623,25,9.0,1,59.0,32,7.0,2.0,7.0,Low
3624,Employee 3624,30,5.0,2,59.0,45,6.0,8.0,8.0,Low
3625,Employee 3625,42,5.0,0,54.0,46,8.0,5.0,9.0,Low
3626,Employee 3626,23,5.0,1,61.0,41,8.0,4.0,6.0,Low
3627,Employee 3627,39,5.0,3,52.0,45,5.0,5.0,7.0,Low
3628,Employee 3628,24,7.0,0,84.0,38,7.0,1.0,5.0,Low
3629,Employee 3629,49,8.0,0,65.0,48,8.0,5.0,8.0,Low
3630,Employee 3630,45,7.0,3,80.0,36,6.0,8.0,8.0,Low
3631,Employee 3631,33,5.0,3,74.0,40,8.0,3.0,9.0,Low
3632,Employee 3632,24,5.0,3,73.0,45,9.0,5.0,9.0,Low
3633,Employee 3633,43,6.0,4,83.0,49,6.0,6.0,5.0,Low
3634,Employee 3634,33,7.0,0,90.0,47,5.0,4.0,9.0,Low
3635,Employee 3635,37,8.0,4,78.0,34,7.0,2.0,9.0,Low
3636,Employee 3636,52,5.0,0,77.0,36,9.0,3.0,9.0,Low
3637,Employee 3637,31,9.0,3,69.0,35,8.0,8.0,8.0,Low
3638,Employee 3638,43,5.0,0,55.0,46,6.0,5.0,5.0,Low
3639,Employee 3639,23,6.0,3,56.0,36,9.0,3.0,7.0,Low
3640,Employee 3640,57,6.0,1,85.0,39,9.0,6.0,6.0,Low
3641,Employee 3641,36,7.0,1,88.0,42,9.0,7.0,6.0,Low
3642,Employee 3642,45,9.0,4,86.0,30,8.0,9.0,6.0,Low
3643,Employee 3643,44,7.0,1,67.0,38,5.0,1.0,6.0,Low
3644,Employee 3644,31,8.0,2,70.0,39,8.0,3.0,9.0,Low
3645,Employee 3645,33,5.0,1,72.0,41,8.0,8.0,7.0,Low
3646,Employee 3646,34,7.0,1,80.0,42,9.0,8.0,8.0,Low
3647,Employee 3647,24,5.0,3,83.0,39,7.0,2.0,7.0,Low
3648,Employee 3648,31,5.0,0,65.0,31,6.0,2.0,5.0,Low
3649,Employee 3649,44,8.0,0,74.0,41,9.0,7.0,5.0,Low
3650,Employee 3650,57,8.0,4,71.0,42,5.0,2.0,7.0,Low
3651,Employee 3651,25,5.0,4,58.0,33,6.0,1.0,7.0,Low
3652,Employee 3652,31,5.0,1,54.0,36,8.0,1.0,6.0,Low
3653,Employee 3653,49,7.0,4,98.0,48,7.0,8.0,7.0,Low
3654,Employee 3654,43,8.0,2,82.0,48,8.0,5.0,5.0,Low
3655,Employee 3655,39,8.0,0,63.0,40,8.0,7.0,9.0,Low
3656,Employee 3656,45,7.0,2,70.0,46,5.0,7.0,9.0,Low
3657,Employee 3657,58,6.0,4,54.0,48,6.0,7.0,9.0,Low
3658,Employee 3658,28,7.0,1,51.0,30,7.0,8.0,8.0,Low
3659,Employee 3659,43,7.0,2,98.0,37,6.0,9.0,7.0,Low
3660,Employee 3660,50,8.0,4,69.0,44,7.0,4.0,7.0,Low
3661,Employee 3661,47,5.0,3,56.0,47,8.0,6.0,8.0,Low
3662,Employee 3662,57,9.0,0,83.0,30,8.0,8.0,6.0,Low
3663,Employee 3663,53,9.0,4,68.0,30,6.0,4.0,6.0,Low
3664,Employee 3664,25,7.0,2,75.0,36,8.0,1.0,7.0,Low
3665,Employee 3665,38,7.0,0,57.0,41,5.0,8.0,7.0,Low
3666,Employee 3666,28,6.0,0,60.0,36,7.0,8.0,8.0,Low
3667,Employee 3667,29,5.0,4,61.0,48,5.0,7.0,9.0,Low
3668,Employee 3668,35,9.0,2,54.0,32,5.0,1.0,9.0,Low
3669,Employee 3669,25,9.0,2,64.0,31,9.0,7.0,6.0,Low
3670,Employee 3670,30,9.0,0,94.0,35,8.0,6.0,6.0,Low
3671,Employee 3671,40,8.0,1,73.0,41,9.0,6.0,8.0,Low
3672,Employee 3672,32,5.0,3,54.0,35,8.0,2.0,8.0,Low
3673,Employee 3673,54,6.0,3,98.0,43,5.0,7.0,9.0,Low
3674,Employee 3674,28,9.0,2,97.0,37,7.0,7.0,5.0,Low
3675,Employee 3675,58,8.0,3,85.0,49,9.0,2.0,9.0,Low
3676,Employee 3676,26,8.0,3,89.0,41,9.0,2.0,9.0,Low
3677,Employee 3677,21,9.0,3,70.0,32,9.0,4.0,8.0,Low
3678,Employee 3678,56,5.0,0,56.0,41,9.0,8.0,6.0,Low
3679,Employee 3679,59,5.0,1,56.0,42,8.0,1.0,7.0,Low
3680,Employee 3680,42,6.0,3,99.0,49,8.0,3.0,8.0,Low
3681,Employee 3681,58,7.0,4,73.0,44,5.0,3.0,7.0,Low
3682,Employee 3682,28,6.0,0,54.0,32,6.0,8.0,8.0,Low
3683,Employee 3683,24,8.0,3,98.0,30,5.0,4.0,7.0,Low
3684,Employee 3684,24,6.0,4,75.0,44,5.0,6.0,8.0,Low
3685,Employee 3685,33,7.0,2,98.0,37,8.0,8.0,8.0,Low
3686,Employee 3686,53,6.0,4,92.0,40,5.0,5.0,9.0,Low
3687,Employee 3687,40,9.0,4,92.0,34,8.0,7.0,6.0,Low
3688,Employee 3688,35,7.0,2,83.0,35,9.0,5.0,9.0,Low
3689,Employee 3689,46,8.0,1,58.0,33,7.0,4.0,9.0,Low
3690,Employee 3690,22,7.0,2,79.0,45,6.0,7.0,7.0,Low
3691,Employee 3691,20,9.0,2,82.0,36,5.0,1.0,6.0,Low
3692,Employee 3692,40,9.0,2,90.0,38,5.0,5.0,5.0,Low
3693,Employee 3693,46,9.0,0,87.0,49,6.0,9.0,6.0,Low
3694,Employee 3694,46,6.0,1,96.0,39,9.0,4.0,6.0,Low
3695,Employee 3695,51,5.0,3,68.0,34,5.0,6.0,9.0,Low
3696,Employee 3696,57,7.0,3,82.0,49,6.0,1.0,6.0,Low
3697,Employee 3697,42,9.0,0,72.0,33,5.0,4.0,8.0,Low
3698,Employee 3698,54,9.0,4,56.0,33,8.0,7.0,9.0,Low
3699,Employee 3699,42,5.0,4,88.0,40,6.0,5.0,6.0,Low
3700,Employee 3700,45,8.0,2,99.0,37,5.0,1.0,6.0,Low
3701,Employee 3701,39,6.0,3,88.0,40,9.0,8.0,5.0,Low
3702,Employee 3702,22,8.0,1,69.0,30,9.0,2.0,9.0,Low
3703,Employee 3703,26,8.0,3,59.0,44,8.0,2.0,8.0,Low
3704,Employee 3704,30,6.0,2,72.0,34,8.0,8.0,8.0,Low
3705,Employee 3705,21,6.0,1,96.0,46,8.0,7.0,7.0,Low
3706,Employee 3706,42,6.0,0,70.0,31,5.0,4.0,9.0,Low
3707,Employee 3707,33,5.0,0,70.0,45,5.0,3.0,7.0,Low
3708,Employee 3708,42,6.0,0,89.0,48,8.0,8.0,9.0,Low
3709,Employee 3709,23,8.0,4,88.0,47,7.0,4.0,9.0,Low
3710,Employee 3710,54,6.0,1,98.0,49,6.0,5.0,9.0,Low
3711,Employee 3711,48,5.0,3,95.0,48,7.0,1.0,7.0,Low
3712,Employee 3712,45,5.0,4,80.0,35,9.0,1.0,5.0,Low
3713,Employee 3713,54,5.0,0,64.0,46,9.0,9.0,8.0,Low
3714,Employee 3714,55,6.0,4,63.0,39,5.0,8.0,7.0,Low
3715,Employee 3715,37,9.0,4,88.0,32,6.0,3.0,7.0,Low
3716,Employee 3716,57,8.0,1,98.0,37,8.0,3.0,9.0,Low
3717,Employee 3717,44,5.0,4,53.0,49,9.0,2.0,6.0,Low
3718,Employee 3718,49,7.0,4,70.0,39,7.0,2.0,8.0,Low
3719,Employee 3719,59,7.0,1,50.0,35,9.0,1.0,9.0,Low
3720,Employee 3720,45,9.0,0,87.0,31,8.0,6.0,8.0,Low
3721,Employee 3721,57,6.0,0,77.0,46,6.0,2.0,7.0,Low
3722,Employee 3722,51,9.0,1,84.0,41,5.0,7.0,6.0,Low
3723,Employee 3723,41,6.0,4,81.0,31,5.0,4.0,9.0,Low
3724,Employee 3724,44,9.0,1,88.0,46,7.0,5.0,9.0,Low
3725,Employee 3725,40,6.0,0,93.0,49,5.0,9.0,9.0,Low
3726,Employee 3726,57,8.0,1,53.0,34,9.0,5.0,5.0,Low
3727,Employee 3727,45,5.0,4,59.0,46,6.0,3.0,8.0,Low
3728,Employee 3728,33,6.0,1,98.0,30,7.0,1.0,6.0,Low
3729,Employee 3729,40,6.0,3,76.0,44,7.0,5.0,8.0,Low
3730,Employee 3730,51,5.0,1,64.0,49,5.0,9.0,7.0,Low
3731,Employee 3731,47,7.0,3,95.0,34,8.0,3.0,8.0,Low
3732,Employee 3732,39,6.0,1,71.0,47,7.0,1.0,8.0,Low
3733,Employee 3733,51,6.0,2,87.0,40,8.0,1.0,8.0,Low
3734,Employee 3734,28,9.0,3,99.0,47,8.0,1.0,6.0,Low
3735,Employee 3735,52,8.0,2,58.0,39,5.0,1.0,9.0,Low
3736,Employee 3736,58,6.0,1,86.0,45,6.0,9.0,8.0,Low
3737,Employee 3737,51,7.0,2,83.0,48,7.0,8.0,5.0,Low
3738,Employee 3738,23,6.0,4,80.0,43,5.0,3.0,7.0,Low
3739,Employee 3739,56,7.0,1,96.0,35,9.0,6.0,5.0,Low
3740,Employee 3740,27,6.0,2,95.0,43,5.0,1.0,5.0,Low
3741,Employee 3741,38,6.0,4,83.0,32,5.0,1.0,6.0,Low
3742,Employee 3742,32,6.0,3,87.0,46,9.0,8.0,7.0,Low
3743,Employee 3743,28,6.0,1,66.0,46,9.0,3.0,7.0,Low
3744,Employee 3744,50,7.0,4,53.0,42,9.0,6.0,7.0,Low
3745,Employee 3745,44,6.0,0,53.0,39,7.0,5.0,6.0,Low
3746,Employee 3746,42,9.0,2,83.0,46,9.0,3.0,5.0,Low
3747,Employee 3747,28,5.0,1,92.0,41,7.0,4.0,6.0,Low
3748,Employee 3748,41,7.0,0,86.0,41,9.0,4.0,5.0,Low
3749,Employee 3749,25,7.0,2,51.0,49,8.0,9.0,6.0,Low
3750,Employee 3750,46,7.0,1,88.0,41,7.0,8.0,5.0,Low
3751,Employee 3751,49,6.0,1,93.0,37,9.0,7.0,8.0,Low
3752,Employee 3752,45,5.0,4,98.0,43,8.0,1.0,9.0,Low
3753,Employee 3753,30,8.0,1,55.0,32,5.0,4.0,8.0,Low
3754,Employee 3754,24,8.0,1,97.0,32,7.0,1.0,8.0,Low
3755,Employee 3755,52,6.0,4,61.0,47,6.0,9.0,9.0,Low
3756,Employee 3756,28,8.0,3,54.0,37,5.0,3.0,6.0,Low
3757,Employee 3757,27,7.0,4,59.0,38,6.0,9.0,7.0,Low
3758,Employee 3758,30,8.0,0,78.0,34,5.0,7.0,5.0,Low
3759,Employee 3759,37,7.0,2,92.0,42,9.0,5.0,5.0,Low
3760,Employee 3760,51,7.0,3,76.0,32,6.0,8.0,5.0,Low
3761,Employee 3761,58,8.0,3,97.0,44,5.0,5.0,7.0,Low
3762,Employee 3762,41,6.0,4,55.0,38,9.0,9.0,5.0,Low
3763,Employee 3763,42,8.0,2,52.0,36,6.0,9.0,6.0,Low
3764,Employee 3764,26,5.0,0,82.0,47,5.0,2.0,7.0,Low
3765,Employee 3765,57,5.0,1,68.0,37,9.0,2.0,5.0,Low
3766,Employee 3766,30,8.0,2,63.0,32,5.0,8.0,9.0,Low
3767,Employee 3767,20,5.0,2,62.0,34,5.0,7.0,7.0,Low
3768,Employee 3768,32,5.0,3,50.0,42,8.0,1.0,9.0,Low
3769,Employee 3769,26,7.0,2,55.0,39,6.0,1.0,5.0,Low
3770,Employee 3770,46,9.0,1,92.0,48,8.0,4.0,7.0,Low
3771,Employee 3771,31,6.0,1,64.0,45,9.0,1.0,7.0,Low
3772,Employee 3772,25,9.0,1,86.0,46,9.0,3.0,6.0,Low
3773,Employee 3773,31,5.0,0,90.0,36,8.0,6.0,5.0,Low
3774,Employee 3774,50,8.0,1,73.0,33,5.0,1.0,7.0,Low
3775,Employee 3775,56,9.0,0,85.0,47,5.0,6.0,6.0,Low
3776,Employee 3776,31,5.0,3,92.0,30,7.0,5.0,9.0,Low
3777,Employee 3777,48,5.0,2,71.0,38,9.0,5.0,9.0,Low
3778,Employee 3778,48,7.0,1,85.0,41,6.0,1.0,5.0,Low
3779,Employee 3779,39,8.0,3,79.0,35,5.0,9.0,8.0,Low
3780,Employee 3780,41,8.0,3,51.0,37,9.0,9.0,9.0,Low
3781,Employee 3781,36,8.0,0,64.0,45,9.0,3.0,9.0,Low
3782,Employee 3782,44,7.0,0,70.0,43,5.0,7.0,8.0,Low
3783,Employee 3783,39,9.0,0,52.0,38,7.0,7.0,7.0,Low
3784,Employee 3784,20,5.0,1,78.0,32,6.0,1.0,6.0,Low
3785,Employee 3785,35,5.0,2,54.0,38,9.0,9.0,7.0,Low
3786,Employee 3786,57,9.0,4,61.0,47,8.0,3.0,7.0,Low
3787,Employee 3787,49,8.0,1,51.0,49,7.0,2.0,8.0,Low
3788,Employee 3788,25,6.0,0,81.0,48,7.0,2.0,5.0,Low
3789,Employee 3789,42,6.0,0,63.0,34,5.0,8.0,9.0,Low
3790,Employee 3790,58,6.0,3,95.0,44,6.0,7.0,9.0,Low
3791,Employee 3791,32,9.0,0,86.0,30,7.0,8.0,7.0,Low
3792,Employee 3792,20,5.0,3,54.0,34,7.0,8.0,7.0,Low
3793,Employee 3793,46,7.0,4,80.0,46,7.0,9.0,5.0,Low
3794,Employee 3794,34,8.0,4,68.0,37,8.0,7.0,6.0,Low
3795,Employee 3795,54,6.0,4,57.0,35,5.0,4.0,6.0,Low
3796,Employee 3796,33,5.0,1,90.0,45,9.0,6.0,6.0,Low
3797,Employee 3797,30,8.0,4,69.0,42,8.0,4.0,9.0,Low
3798,Employee 3798,22,5.0,2,58.0,35,6.0,8.0,9.0,Low
3799,Employee 3799,53,8.0,3,97.0,32,9.0,6.0,6.0,Low
3800,Employee 3800,59,6.0,3,54.0,33,8.0,8.0,9.0,Low
3801,Employee 3801,32,9.0,2,98.0,49,7.0,9.0,6.0,Low
3802,Employee 3802,54,5.0,1,63.0,37,6.0,8.0,5.0,Low
3803,Employee 3803,25,8.0,2,63.0,39,5.0,5.0,6.0,Low
3804,Employee 3804,31,5.0,0,96.0,32,8.0,8.0,7.0,Low
3805,Employee 3805,35,7.0,2,52.0,49,9.0,4.0,5.0,Low
3806,Employee 3806,49,8.0,0,69.0,43,9.0,3.0,9.0,Low
3807,Employee 3807,58,9.0,2,76.0,43,9.0,4.0,6.0,Low
3808,Employee 3808,54,5.0,2,76.0,49,8.0,1.0,9.0,Low
3809,Employee 3809,37,7.0,3,88.0,34,7.0,8.0,9.0,Low
3810,Employee 3810,53,8.0,3,90.0,38,6.0,6.0,6.0,Low
3811,Employee 3811,39,6.0,3,74.0,35,8.0,4.0,8.0,Low
3812,Employee 3812,48,8.0,1,55.0,34,8.0,7.0,7.0,Low
3813,Employee 3813,57,5.0,3,85.0,31,5.0,3.0,5.0,Low
3814,Employee 3814,59,8.0,3,53.0,47,9.0,2.0,5.0,Low
3815,Employee 3815,50,9.0,2,64.0,42,7.0,1.0,5.0,Low
3816,Employee 3816,53,8.0,3,93.0,33,9.0,8.0,8.0,Low
3817,Employee 3817,23,9.0,3,84.0,40,5.0,8.0,5.0,Low
3818,Employee 3818,56,6.0,4,66.0,34,9.0,5.0,8.0,Low
3819,Employee 3819,24,5.0,3,99.0,39,6.0,8.0,7.0,Low
3820,Employee 3820,24,9.0,3,60.0,47,6.0,1.0,7.0,Low
3821,Employee 3821,44,9.0,4,61.0,36,6.0,3.0,9.0,Low
3822,Employee 3822,24,6.0,3,61.0,41,5.0,4.0,5.0,Low
3823,Employee 3823,23,9.0,1,92.0,39,7.0,3.0,8.0,Low
3824,Employee 3824,50,8.0,2,56.0,36,9.0,1.0,7.0,Low
3825,Employee 3825,20,7.0,1,53.0,31,5.0,8.0,9.0,Low
3826,Employee 3826,20,6.0,0,93.0,40,5.0,1.0,5.0,Low
3827,Employee 3827,41,9.0,1,66.0,43,5.0,9.0,6.0,Low
3828,Employee 3828,27,8.0,4,81.0,48,6.0,4.0,6.0,Low
3829,Employee 3829,36,7.0,3,66.0,32,8.0,3.0,6.0,Low
3830,Employee 3830,51,7.0,4,81.0,48,6.0,7.0,7.0,Low
3831,Employee 3831,44,7.0,3,95.0,39,8.0,9.0,5.0,Low
3832,Employee 3832,34,9.0,2,92.0,46,6.0,8.0,9.0,Low
3833,Employee 3833,31,6.0,2,98.0,49,7.0,7.0,6.0,Low
3834,Employee 3834,23,5.0,1,64.0,44,5.0,5.0,9.0,Low
3835,Employee 3835,29,8.0,3,73.0,41,7.0,6.0,9.0,Low
3836,Employee 3836,57,6.0,3,78.0,42,6.0,3.0,9.0,Low
3837,Employee 3837,20,7.0,1,94.0,41,7.0,8.0,7.0,Low
3838,Employee 3838,38,8.0,0,98.0,31,5.0,9.0,6.0,Low
3839,Employee 3839,41,8.0,1,64.0,37,6.0,3.0,5.0,Low
3840,Employee 3840,22,6.0,4,71.0,34,7.0,5.0,5.0,Low
3841,Employee 3841,53,9.0,1,82.0,30,9.0,1.0,7.0,Low
3842,Employee 3842,41,9.0,4,65.0,32,6.0,3.0,6.0,Low
3843,Employee 3843,59,7.0,0,88.0,37,6.0,9.0,8.0,Low
3844,Employee 3844,29,6.0,4,66.0,34,5.0,2.0,6.0,Low
3845,Employee 3845,56,5.0,0,85.0,32,7.0,8.0,5.0,Low
3846,Employee 3846,43,8.0,3,54.0,44,6.0,3.0,7.0,Low
3847,Employee 3847,48,9.0,0,67.0,37,7.0,4.0,5.0,Low
3848,Employee 3848,31,8.0,0,60.0,32,7.0,4.0,7.0,Low
3849,Employee 3849,58,7.0,0,51.0,46,6.0,9.0,7.0,Low
3850,Employee 3850,50,7.0,2,95.0,32,6.0,5.0,7.0,Low
3851,Employee 3851,49,8.0,0,64.0,42,9.0,5.0,8.0,Low
3852,Employee 3852,33,6.0,0,99.0,32,8.0,5.0,8.0,Low
3853,Employee 3853,45,5.0,3,99.0,34,7.0,8.0,7.0,Low
3854,Employee 3854,41,8.0,0,76.0,40,9.0,8.0,7.0,Low
3855,Employee 3855,39,5.0,1,68.0,30,7.0,1.0,5.0,Low
3856,Employee 3856,21,9.0,4,91.0,33,9.0,9.0,6.0,Low
3857,Employee 3857,57,9.0,3,93.0,30,8.0,7.0,5.0,Low
3858,Employee 3858,34,7.0,1,92.0,43,6.0,4.0,5.0,Low
3859,Employee 3859,37,7.0,1,68.0,38,9.0,4.0,7.0,Low
3860,Employee 3860,49,6.0,4,94.0,49,8.0,8.0,8.0,Low
3861,Employee 3861,23,9.0,2,65.0,44,7.0,5.0,5.0,Low
3862,Employee 3862,20,7.0,3,65.0,35,8.0,9.0,8.0,Low
3863,Employee 3863,22,6.0,0,62.0,32,5.0,6.0,8.0,Low
3864,Employee 3864,51,8.0,3,94.0,42,8.0,3.0,5.0,Low
3865,Employee 3865,58,8.0,3,94.0,37,8.0,8.0,8.0,Low
3866,Employee 3866,22,5.0,3,67.0,43,5.0,1.0,7.0,Low
3867,Employee 3867,52,8.0,2,84.0,41,6.0,7.0,7.0,Low
3868,Employee 3868,38,5.0,2,97.0,32,5.0,4.0,7.0,Low
3869,Employee 3869,35,8.0,2,92.0,45,5.0,9.0,6.0,Low
3870,Employee 3870,48,5.0,0,93.0,46,6.0,2.0,8.0,Low
3871,Employee 3871,21,5.0,1,54.0,31,9.0,9.0,9.0,Low
3872,Employee 3872,32,7.0,2,64.0,44,8.0,5.0,9.0,Low
3873,Employee 3873,44,8.0,3,66.0,40,5.0,8.0,9.0,Low
3874,Employee 3874,24,8.0,2,88.0,32,7.0,1.0,7.0,Low
3875,Employee 3875,59,5.0,0,64.0,34,9.0,8.0,9.0,Low
3876,Employee 3876,58,8.0,0,70.0,32,7.0,4.0,8.0,Low
3877,Employee 3877,22,8.0,3,69.0,41,6.0,5.0,7.0,Low
3878,Employee 3878,23,7.0,3,83.0,40,9.0,8.0,7.0,Low
3879,Employee 3879,49,7.0,0,82.0,36,5.0,5.0,5.0,Low
3880,Employee 3880,43,8.0,2,60.0,48,7.0,7.0,7.0,Low
3881,Employee 3881,21,8.0,3,82.0,42,7.0,1.0,5.0,Low
3882,Employee 3882,56,8.0,1,83.0,39,7.0,6.0,8.0,Low
3883,Employee 3883,29,5.0,1,79.0,44,9.0,9.0,8.0,Low
3884,Employee 3884,27,9.0,3,50.0,35,5.0,4.0,8.0,Low
3885,Employee 3885,30,5.0,0,57.0,39,5.0,6.0,9.0,Low
3886,Employee 3886,57,6.0,1,78.0,39,9.0,8.0,5.0,Low
3887,Employee 3887,45,5.0,0,69.0,46,8.0,7.0,9.0,Low
3888,Employee 3888,34,5.0,4,79.0,39,8.0,2.0,6.0,Low
3889,Employee 3889,48,5.0,0,73.0,33,9.0,6.0,6.0,Low
3890,Employee 3890,43,9.0,0,96.0,44,8.0,3.0,7.0,Low
3891,Employee 3891,48,7.0,0,67.0,45,6.0,7.0,8.0,Low
3892,Employee 3892,37,5.0,2,96.0,36,7.0,2.0,8.0,Low
3893,Employee 3893,57,9.0,3,89.0,39,5.0,3.0,6.0,Low
3894,Employee 3894,35,8.0,2,94.0,31,8.0,9.0,6.0,Low
3895,Employee 3895,50,9.0,3,66.0,32,5.0,1.0,5.0,Low
3896,Employee 3896,56,6.0,2,78.0,48,9.0,8.0,8.0,Low
3897,Employee 3897,55,6.0,4,82.0,34,8.0,1.0,6.0,Low
3898,Employee 3898,43,9.0,2,82.0,32,9.0,4.0,9.0,Low
3899,Employee 3899,21,7.0,2,70.0,30,6.0,1.0,7.0,Low
3900,Employee 3900,28,9.0,4,68.0,48,5.0,9.0,5.0,Low
3901,Employee 3901,52,9.0,0,82.0,41,9.0,4.0,8.0,Low
3902,Employee 3902,58,9.0,3,78.0,42,6.0,8.0,8.0,Low
3903,Employee 3903,35,6.0,2,85.0,34,5.0,2.0,7.0,Low
3904,Employee 3904,21,5.0,4,54.0,41,8.0,8.0,5.0,Low
3905,Employee 3905,23,7.0,4,57.0,42,9.0,5.0,6.0,Low
3906,Employee 3906,39,7.0,0,93.0,34,7.0,5.0,9.0,Low
3907,Employee 3907,28,6.0,2,83.0,34,9.0,5.0,9.0,Low
3908,Employee 3908,49,6.0,4,55.0,41,6.0,2.0,7.0,Low
3909,Employee 3909,22,8.0,3,55.0,47,9.0,9.0,6.0,Low
3910,Employee 3910,41,7.0,4,98.0,38,7.0,8.0,9.0,Low
3911,Employee 3911,54,9.0,1,74.0,34,9.0,4.0,9.0,Low
3912,Employee 3912,50,5.0,2,98.0,45,8.0,9.0,8.0,Low
3913,Employee 3913,39,6.0,1,67.0,39,8.0,8.0,6.0,Low
3914,Employee 3914,33,5.0,4,91.0,47,7.0,9.0,8.0,Low
3915,Employee 3915,35,9.0,3,91.0,45,7.0,8.0,5.0,Low
3916,Employee 3916,56,9.0,4,66.0,36,9.0,7.0,6.0,Low
3917,Employee 3917,57,6.0,3,59.0,41,8.0,2.0,9.0,Low
3918,Employee 3918,31,7.0,4,93.0,39,8.0,5.0,6.0,Low
3919,Employee 3919,42,5.0,0,53.0,48,8.0,6.0,8.0,Low
3920,Employee 3920,34,6.0,1,91.0,32,7.0,8.0,5.0,Low
3921,Employee 3921,47,6.0,2,89.0,37,6.0,2.0,8.0,Low
3922,Employee 3922,25,9.0,4,68.0,36,8.0,7.0,8.0,Low
3923,Employee 3923,40,8.0,3,69.0,34,7.0,9.0,5.0,Low
3924,Employee 3924,28,8.0,2,75.0,34,9.0,4.0,7.0,Low
3925,Employee 3925,39,9.0,3,86.0,34,6.0,9.0,8.0,Low
3926,Employee 3926,44,5.0,0,69.0,36,9.0,1.0,6.0,Low
3927,Employee 3927,50,5.0,2,90.0,33,6.0,5.0,6.0,Low
3928,Employee 3928,21,9.0,1,59.0,33,8.0,1.0,8.0,Low
3929,Employee 3929,35,9.0,4,78.0,30,7.0,9.0,8.0,Low
3930,Employee 3930,52,8.0,1,57.0,49,5.0,8.0,8.0,Low
3931,Employee 3931,23,8.0,0,92.0,41,7.0,7.0,7.0,Low
3932,Employee 3932,22,6.0,1,51.0,43,8.0,7.0,5.0,Low
3933,Employee 3933,58,7.0,0,62.0,46,9.0,8.0,6.0,Low
3934,Employee 3934,25,5.0,0,55.0,39,6.0,9.0,7.0,Low
3935,Employee 3935,37,5.0,3,60.0,35,7.0,7.0,6.0,Low
3936,Employee 3936,52,8.0,1,76.0,37,8.0,9.0,8.0,Low
3937,Employee 3937,26,7.0,4,63.0,38,8.0,5.0,7.0,Low
3938,Employee 3938,50,9.0,2,74.0,36,9.0,9.0,8.0,Low
3939,Employee 3939,40,8.0,2,57.0,47,5.0,3.0,6.0,Low
3940,Employee 3940,30,8.0,0,94.0,36,5.0,1.0,8.0,Low
3941,Employee 3941,28,7.0,0,54.0,36,7.0,2.0,8.0,Low
3942,Employee 3942,42,7.0,0,83.0,39,9.0,4.0,7.0,Low
3943,Employee 3943,25,9.0,3,70.0,39,5.0,5.0,7.0,Low
3944,Employee 3944,40,6.0,4,86.0,45,7.0,5.0,6.0,Low
3945,Employee 3945,27,8.0,0,97.0,48,5.0,6.0,6.0,Low
3946,Employee 3946,47,5.0,1,86.0,30,9.0,6.0,8.0,Low
3947,Employee 3947,56,5.0,2,56.0,40,6.0,7.0,5.0,Low
3948,Employee 3948,27,7.0,3,64.0,49,7.0,5.0,9.0,Low
3949,Employee 3949,55,8.0,2,74.0,43,6.0,1.0,5.0,Low
3950,Employee 3950,58,6.0,3,72.0,48,9.0,1.0,5.0,Low
3951,Employee 3951,58,9.0,2,93.0,45,7.0,7.0,5.0,Low
3952,Employee 3952,41,6.0,1,76.0,48,9.0,8.0,6.0,Low
3953,Employee 3953,41,6.0,0,65.0,34,5.0,1.0,8.0,Low
3954,Employee 3954,38,6.0,0,87.0,37,8.0,6.0,6.0,Low
3955,Employee 3955,28,7.0,3,55.0,46,8.0,1.0,5.0,Low
3956,Employee 3956,48,9.0,0,66.0,35,5.0,5.0,7.0,Low
3957,Employee 3957,49,5.0,4,95.0,38,5.0,2.0,5.0,Low
3958,Employee 3958,56,6.0,4,89.0,49,5.0,7.0,8.0,Low
3959,Employee 3959,38,7.0,2,94.0,46,5.0,4.0,7.0,Low
3960,Employee 3960,40,5.0,3,59.0,45,5.0,7.0,8.0,Low
3961,Employee 3961,55,5.0,2,57.0,32,6.0,1.0,6.0,Low
3962,Employee 3962,49,5.0,4,99.0,40,7.0,4.0,6.0,Low
3963,Employee 3963,45,8.0,4,81.0,39,9.0,7.0,8.0,Low
3964,Employee 3964,47,8.0,4,78.0,30,9.0,1.0,7.0,Low
3965,Employee 3965,41,5.0,3,61.0,48,5.0,8.0,8.0,Low
3966,Employee 3966,40,8.0,3,54.0,30,7.0,1.0,8.0,Low
3967,Employee 3967,20,9.0,2,76.0,41,5.0,4.0,7.0,Low
3968,Employee 3968,35,5.0,2,84.0,40,8.0,6.0,8.0,Low
3969,Employee 3969,59,7.0,1,84.0,36,6.0,8.0,7.0,Low
3970,Employee 3970,43,7.0,2,59.0,45,7.0,7.0,8.0,Low
3971,Employee 3971,20,5.0,1,56.0,44,6.0,4.0,6.0,Low
3972,Employee 3972,34,6.0,1,57.0,47,8.0,9.0,9.0,Low
3973,Employee 3973,57,5.0,3,51.0,33,9.0,2.0,9.0,Low
3974,Employee 3974,42,7.0,3,99.0,35,7.0,2.0,6.0,Low
3975,Employee 3975,21,9.0,1,95.0,45,8.0,6.0,5.0,Low
3976,Employee 3976,35,5.0,1,66.0,38,6.0,4.0,6.0,Low
3977,Employee 3977,44,8.0,0,93.0,30,5.0,1.0,6.0,Low
3978,Employee 3978,20,9.0,4,61.0,40,8.0,4.0,7.0,Low
3979,Employee 3979,57,7.0,2,52.0,35,7.0,8.0,8.0,Low
3980,Employee 3980,57,7.0,3,65.0,44,8.0,3.0,5.0,Low
3981,Employee 3981,38,5.0,2,71.0,30,8.0,5.0,7.0,Low
3982,Employee 3982,30,6.0,3,69.0,37,7.0,2.0,7.0,Low
3983,Employee 3983,54,5.0,4,63.0,31,8.0,2.0,6.0,Low
3984,Employee 3984,50,6.0,3,84.0,35,7.0,8.0,7.0,Low
3985,Employee 3985,55,8.0,1,75.0,49,8.0,6.0,6.0,Low
3986,Employee 3986,45,5.0,2,80.0,42,6.0,8.0,8.0,Low
3987,Employee 3987,33,8.0,3,94.0,49,6.0,4.0,7.0,Low
3988,Employee 3988,26,8.0,2,61.0,33,7.0,6.0,8.0,Low
3989,Employee 3989,27,8.0,4,51.0,48,8.0,8.0,6.0,Low
3990,Employee 3990,28,6.0,1,52.0,39,7.0,3.0,8.0,Low
3991,Employee 3991,51,5.0,3,54.0,46,6.0,9.0,6.0,Low
3992,Employee 3992,43,8.0,4,92.0,38,9.0,8.0,7.0,Low
3993,Employee 3993,48,7.0,1,50.0,49,8.0,1.0,5.0,Low
3994,Employee 3994,35,8.0,1,82.0,43,7.0,3.0,6.0,Low
3995,Employee 3995,21,6.0,3,74.0,45,7.0,4.0,5.0,Low
3996,Employee 3996,44,5.0,1,56.0,37,6.0,7.0,6.0,Low
3997,Employee 3997,27,5.0,3,55.0,34,9.0,2.0,5.0,Low
3998,Employee 3998,32,8.0,1,58.0,43,6.0,2.0,7.0,Low
3999,Employee 3999,40,5.0,1,82.0,31,5.0,8.0,5.0,Low
4000,Employee 4000,23,6.0,0,52.0,48,8.0,3.0,5.0,Low
4001,Employee 4001,51,5.0,0,60.0,31,6.0,7.0,9.0,Low
4002,Employee 4002,56,5.0,0,74.0,49,7.0,2.0,9.0,Low
4003,Employee 4003,25,8.0,0,92.0,32,9.0,6.0,9.0,Low
4004,Employee 4004,52,7.0,1,81.0,32,8.0,8.0,7.0,Low
4005,Employee 4005,23,5.0,2,95.0,45,6.0,6.0,5.0,Low
4006,Employee 4006,40,7.0,1,73.0,35,8.0,2.0,9.0,Low
4007,Employee 4007,51,9.0,0,80.0,43,6.0,6.0,6.0,Low
4008,Employee 4008,37,7.0,1,53.0,31,5.0,8.0,8.0,Low
4009,Employee 4009,56,9.0,1,59.0,45,6.0,9.0,5.0,Low
4010,Employee 4010,51,7.0,0,69.0,32,5.0,7.0,7.0,Low
4011,Employee 4011,54,7.0,2,50.0,38,6.0,8.0,8.0,Low
4012,Employee 4012,52,7.0,4,70.0,36,8.0,1.0,5.0,Low
4013,Employee 4013,40,5.0,1,90.0,30,6.0,1.0,7.0,Low
4014,Employee 4014,34,7.0,0,50.0,31,6.0,1.0,9.0,Low
4015,Employee 4015,52,5.0,1,63.0,43,6.0,4.0,7.0,Low
4016,Employee 4016,26,5.0,1,52.0,44,9.0,4.0,6.0,Low
4017,Employee 4017,47,7.0,0,83.0,30,6.0,6.0,6.0,Low
4018,Employee 4018,59,6.0,4,50.0,33,5.0,9.0,9.0,Low
4019,Employee 4019,49,6.0,3,55.0,46,8.0,9.0,8.0,Low
4020,Employee 4020,38,7.0,4,80.0,37,6.0,3.0,8.0,Low
4021,Employee 4021,29,5.0,1,60.0,46,8.0,1.0,8.0,Low
4022,Employee 4022,42,6.0,4,86.0,37,8.0,5.0,6.0,Low
4023,Employee 4023,27,6.0,3,63.0,31,8.0,8.0,7.0,Low
4024,Employee 4024,34,5.0,3,70.0,49,5.0,6.0,7.0,Low
4025,Employee 4025,21,5.0,3,59.0,49,6.0,6.0,8.0,Low
4026,Employee 4026,49,8.0,4,63.0,46,6.0,6.0,5.0,Low
4027,Employee 4027,42,6.0,1,56.0,48,5.0,4.0,8.0,Low
4028,Employee 4028,23,9.0,2,66.0,31,6.0,7.0,9.0,Low
4029,Employee 4029,44,6.0,1,70.0,36,9.0,2.0,8.0,Low
4030,Employee 4030,58,7.0,1,90.0,43,8.0,1.0,7.0,Low
4031,Employee 4031,22,8.0,3,74.0,40,7.0,1.0,8.0,Low
4032,Employee 4032,32,9.0,0,67.0,48,6.0,1.0,5.0,Low
4033,Employee 4033,49,9.0,1,77.0,38,8.0,9.0,8.0,Low
4034,Employee 4034,56,9.0,3,77.0,47,9.0,3.0,6.0,Low
4035,Employee 4035,47,7.0,2,65.0,37,9.0,3.0,9.0,Low
4036,Employee 4036,59,8.0,0,65.0,41,9.0,8.0,8.0,Low
4037,Employee 4037,59,9.0,2,77.0,47,8.0,5.0,8.0,Low
4038,Employee 4038,51,9.0,1,84.0,44,8.0,7.0,5.0,Low
4039,Employee 4039,49,9.0,0,63.0,38,6.0,3.0,7.0,Low
4040,Employee 4040,39,9.0,1,95.0,43,5.0,1.0,7.0,Low
4041,Employee 4041,33,5.0,0,60.0,44,9.0,7.0,9.0,Low
4042,Employee 4042,24,7.0,1,81.0,49,9.0,4.0,8.0,Low
4043,Employee 4043,37,9.0,4,77.0,34,8.0,9.0,5.0,Low
4044,Employee 4044,59,5.0,2,94.0,36,5.0,1.0,5.0,Low
4045,Employee 4045,54,9.0,2,70.0,33,5.0,2.0,9.0,Low
4046,Employee 4046,21,9.0,1,57.0,38,8.0,2.0,9.0,Low
4047,Employee 4047,34,5.0,3,53.0,44,5.0,9.0,7.0,Low
4048,Employee 4048,36,7.0,2,80.0,34,7.0,1.0,9.0,Low
4049,Employee 4049,52,5.0,1,75.0,42,9.0,8.0,5.0,Low
4050,Employee 4050,55,6.0,1,51.0,35,7.0,4.0,6.0,Low
4051,Employee 4051,45,9.0,4,65.0,32,9.0,1.0,5.0,Low
4052,Employee 4052,51,5.0,0,81.0,42,5.0,5.0,5.0,Low
4053,Employee 4053,26,7.0,4,61.0,31,6.0,5.0,5.0,Low
4054,Employee 4054,41,9.0,3,83.0,39,8.0,9.0,7.0,Low
4055,Employee 4055,28,9.0,2,53.0,37,8.0,4.0,5.0,Low
4056,Employee 4056,59,9.0,2,66.0,40,7.0,4.0,8.0,Low
4057,Employee 4057,42,5.0,4,77.0,31,9.0,4.0,6.0,Low
4058,Employee 4058,27,7.0,0,81.0,46,6.0,8.0,9.0,Low
4059,Employee 4059,43,5.0,1,60.0,33,8.0,7.0,5.0,Low
4060,Employee 4060,24,5.0,1,75.0,30,5.0,8.0,7.0,Low
4061,Employee 4061,43,6.0,3,88.0,30,6.0,6.0,8.0,Low
4062,Employee 4062,57,9.0,1,94.0,46,5.0,2.0,9.0,Low
4063,Employee 4063,33,8.0,4,82.0,36,6.0,8.0,7.0,Low
4064,Employee 4064,21,5.0,0,51.0,37,5.0,8.0,5.0,Low
4065,Employee 4065,58,8.0,0,64.0,35,6.0,1.0,9.0,Low
4066,Employee 4066,40,6.0,0,92.0,49,9.0,7.0,7.0,Low
4067,Employee 4067,42,8.0,3,96.0,30,6.0,9.0,9.0,Low
4068,Employee 4068,48,6.0,3,66.0,32,5.0,1.0,7.0,Low
4069,Employee 4069,43,8.0,1,83.0,33,9.0,1.0,5.0,Low
4070,Employee 4070,35,6.0,1,93.0,43,6.0,2.0,9.0,Low
4071,Employee 4071,53,9.0,3,73.0,46,7.0,5.0,6.0,Low
4072,Employee 4072,32,5.0,1,93.0,35,8.0,1.0,9.0,Low
4073,Employee 4073,51,8.0,2,63.0,49,6.0,5.0,9.0,Low
4074,Employee 4074,52,5.0,3,98.0,38,6.0,2.0,5.0,Low
4075,Employee 4075,28,6.0,1,60.0,34,7.0,3.0,6.0,Low
4076,Employee 4076,32,5.0,0,88.0,45,7.0,8.0,9.0,Low
4077,Employee 4077,57,6.0,3,74.0,39,8.0,1.0,6.0,Low
4078,Employee 4078,50,9.0,3,64.0,30,5.0,8.0,6.0,Low
4079,Employee 4079,46,9.0,1,84.0,30,8.0,7.0,7.0,Low
4080,Employee 4080,58,7.0,3,50.0,36,8.0,2.0,5.0,Low
4081,Employee 4081,48,7.0,0,73.0,45,7.0,5.0,9.0,Low
4082,Employee 4082,33,7.0,3,76.0,37,9.0,4.0,8.0,Low
4083,Employee 4083,40,6.0,3,77.0,33,9.0,5.0,7.0,Low
4084,Employee 4084,37,6.0,0,51.0,42,5.0,3.0,7.0,Low
4085,Employee 4085,58,6.0,1,67.0,37,6.0,2.0,8.0,Low
4086,Employee 4086,38,5.0,3,62.0,38,8.0,2.0,5.0,Low
4087,Employee 4087,22,5.0,1,93.0,31,9.0,4.0,8.0,Low
4088,Employee 4088,41,6.0,2,64.0,41,6.0,7.0,5.0,Low
4089,Employee 4089,21,8.0,4,77.0,44,8.0,9.0,5.0,Low
4090,Employee 4090,45,9.0,4,54.0,41,5.0,6.0,9.0,Low
4091,Employee 4091,40,5.0,0,77.0,31,5.0,1.0,6.0,Low
4092,Employee 4092,56,5.0,4,56.0,33,9.0,5.0,5.0,Low
4093,Employee 4093,32,7.0,4,50.0,32,7.0,8.0,6.0,Low
4094,Employee 4094,53,5.0,2,63.0,38,5.0,5.0,9.0,Low
4095,Employee 4095,54,8.0,3,51.0,41,6.0,7.0,6.0,Low
4096,Employee 4096,56,9.0,1,79.0,31,5.0,2.0,6.0,Low
4097,Employee 4097,37,6.0,2,61.0,42,7.0,7.0,7.0,Low
4098,Employee 4098,43,6.0,0,86.0,33,9.0,8.0,6.0,Low
4099,Employee 4099,33,9.0,1,87.0,37,9.0,5.0,5.0,Low
4100,Employee 4100,56,9.0,4,97.0,40,5.0,3.0,6.0,Low
4101,Employee 4101,35,9.0,3,64.0,42,9.0,6.0,8.0,Low
4102,Employee 4102,52,8.0,3,86.0,47,9.0,3.0,7.0,Low
4103,Employee 4103,58,6.0,2,60.0,39,6.0,5.0,6.0,Low
4104,Employee 4104,21,8.0,1,75.0,38,8.0,8.0,6.0,Low
4105,Employee 4105,58,5.0,0,92.0,41,7.0,4.0,7.0,Low
4106,Employee 4106,20,8.0,3,71.0,48,7.0,5.0,8.0,Low
4107,Employee 4107,23,5.0,1,99.0,45,5.0,7.0,7.0,Low
4108,Employee 4108,58,5.0,2,90.0,36,7.0,8.0,7.0,Low
4109,Employee 4109,23,6.0,2,61.0,32,8.0,7.0,6.0,Low
4110,Employee 4110,31,5.0,4,89.0,34,7.0,7.0,8.0,Low
4111,Employee 4111,42,8.0,0,55.0,42,7.0,6.0,5.0,Low
4112,Employee 4112,33,5.0,4,86.0,44,9.0,7.0,9.0,Low
4113,Employee 4113,56,6.0,1,52.0,48,9.0,6.0,7.0,Low
4114,Employee 4114,32,9.0,2,86.0,43,7.0,1.0,8.0,Low
4115,Employee 4115,51,9.0,0,89.0,42,5.0,2.0,9.0,Low
4116,Employee 4116,28,8.0,1,65.0,33,5.0,2.0,8.0,Low
4117,Employee 4117,38,5.0,4,73.0,42,5.0,8.0,6.0,Low
4118,Employee 4118,25,5.0,0,90.0,35,7.0,7.0,7.0,Low
4119,Employee 4119,32,7.0,2,59.0,33,7.0,4.0,8.0,Low
4120,Employee 4120,50,9.0,2,63.0,37,7.0,1.0,6.0,Low
4121,Employee 4121,25,9.0,1,66.0,38,6.0,2.0,5.0,Low
4122,Employee 4122,37,5.0,4,67.0,44,7.0,9.0,7.0,Low
4123,Employee 4123,35,9.0,1,79.0,43,6.0,5.0,7.0,Low
4124,Employee 4124,27,9.0,2,58.0,35,9.0,5.0,8.0,Low
4125,Employee 4125,35,6.0,4,85.0,46,9.0,7.0,9.0,Low
4126,Employee 4126,32,6.0,0,87.0,35,9.0,9.0,7.0,Low
4127,Employee 4127,44,9.0,1,62.0,49,5.0,9.0,7.0,Low
4128,Employee 4128,26,8.0,4,65.0,40,6.0,4.0,9.0,Low
4129,Employee 4129,36,9.0,2,70.0,39,7.0,9.0,9.0,Low
4130,Employee 4130,44,7.0,3,93.0,34,7.0,4.0,9.0,Low
4131,Employee 4131,29,5.0,1,74.0,35,9.0,1.0,6.0,Low
4132,Employee 4132,29,7.0,1,83.0,43,7.0,9.0,9.0,Low
4133,Employee 4133,47,7.0,4,71.0,32,9.0,3.0,5.0,Low
4134,Employee 4134,26,9.0,3,74.0,49,9.0,2.0,7.0,Low
4135,Employee 4135,50,8.0,3,88.0,40,7.0,6.0,8.0,Low
4136,Employee 4136,58,5.0,3,77.0,40,6.0,2.0,8.0,Low
4137,Employee 4137,45,7.0,1,66.0,42,7.0,6.0,5.0,Low
4138,Employee 4138,30,6.0,3,58.0,36,8.0,9.0,6.0,Low
4139,Employee 4139,52,6.0,0,87.0,36,6.0,7.0,5.0,Low
4140,Employee 4140,23,7.0,3,96.0,40,8.0,1.0,9.0,Low
4141,Employee 4141,26,7.0,2,85.0,46,9.0,1.0,8.0,Low
4142,Employee 4142,26,9.0,2,54.0,36,9.0,7.0,5.0,Low
4143,Employee 4143,36,8.0,3,75.0,41,5.0,3.0,9.0,Low
4144,Employee 4144,47,6.0,3,85.0,40,6.0,7.0,7.0,Low
4145,Employee 4145,36,9.0,0,94.0,49,9.0,5.0,7.0,Low
4146,Employee 4146,28,8.0,0,65.0,38,5.0,3.0,8.0,Low
4147,Employee 4147,58,5.0,0,75.0,37,6.0,8.0,8.0,Low
4148,Employee 4148,27,9.0,4,97.0,36,5.0,7.0,8.0,Low
4149,Employee 4149,28,8.0,0,91.0,44,7.0,2.0,7.0,Low
4150,Employee 4150,25,8.0,3,97.0,47,7.0,5.0,7.0,Low
4151,Employee 4151,21,5.0,1,76.0,45,5.0,3.0,7.0,Low
4152,Employee 4152,28,7.0,3,64.0,34,6.0,7.0,6.0,Low
4153,Employee 4153,31,6.0,3,74.0,49,7.0,4.0,5.0,Low
4154,Employee 4154,52,5.0,2,91.0,31,5.0,2.0,5.0,Low
4155,Employee 4155,57,6.0,4,52.0,32,7.0,3.0,6.0,Low
4156,Employee 4156,37,6.0,1,98.0,44,6.0,4.0,9.0,Low
4157,Employee 4157,38,7.0,3,97.0,37,7.0,8.0,6.0,Low
4158,Employee 4158,41,6.0,0,66.0,35,8.0,5.0,6.0,Low
4159,Employee 4159,26,8.0,0,64.0,46,7.0,8.0,7.0,Low
4160,Employee 4160,48,7.0,1,80.0,30,9.0,2.0,7.0,Low
4161,Employee 4161,50,7.0,0,59.0,37,6.0,4.0,6.0,Low
4162,Employee 4162,24,5.0,4,65.0,46,8.0,3.0,8.0,Low
4163,Employee 4163,29,5.0,2,77.0,34,7.0,5.0,8.0,Low
4164,Employee 4164,49,7.0,3,91.0,31,9.0,1.0,8.0,Low
4165,Employee 4165,26,5.0,2,57.0,42,5.0,6.0,5.0,Low
4166,Employee 4166,24,9.0,1,93.0,35,7.0,9.0,8.0,Low
4167,Employee 4167,36,8.0,2,85.0,47,8.0,5.0,5.0,Low
4168,Employee 4168,21,8.0,0,79.0,36,9.0,9.0,6.0,Low
4169,Employee 4169,51,5.0,4,52.0,43,5.0,4.0,6.0,Low
4170,Employee 4170,56,6.0,3,73.0,33,7.0,7.0,9.0,Low
4171,Employee 4171,26,6.0,3,72.0,31,6.0,9.0,5.0,Low
4172,Employee 4172,46,9.0,1,64.0,36,6.0,1.0,5.0,Low
4173,Employee 4173,57,9.0,2,85.0,35,5.0,6.0,6.0,Low
4174,Employee 4174,56,6.0,2,98.0,43,7.0,9.0,8.0,Low
4175,Employee 4175,50,9.0,4,76.0,44,8.0,6.0,6.0,Low
4176,Employee 4176,37,7.0,3,50.0,33,5.0,7.0,5.0,Low
4177,Employee 4177,35,9.0,0,70.0,44,7.0,5.0,5.0,Low
4178,Employee 4178,43,6.0,0,86.0,31,8.0,1.0,6.0,Low
4179,Employee 4179,42,8.0,2,93.0,30,7.0,1.0,9.0,Low
4180,Employee 4180,34,6.0,2,59.0,49,7.0,2.0,8.0,Low
4181,Employee 4181,34,7.0,2,70.0,32,5.0,7.0,7.0,Low
4182,Employee 4182,20,9.0,0,63.0,34,5.0,4.0,5.0,Low
4183,Employee 4183,22,9.0,3,88.0,38,9.0,4.0,8.0,Low
4184,Employee 4184,23,7.0,1,95.0,34,7.0,7.0,9.0,Low
4185,Employee 4185,55,7.0,2,81.0,42,9.0,7.0,7.0,Low
4186,Employee 4186,45,5.0,4,63.0,45,5.0,2.0,8.0,Low
4187,Employee 4187,44,8.0,1,98.0,39,5.0,7.0,9.0,Low
4188,Employee 4188,32,9.0,0,60.0,44,6.0,2.0,8.0,Low
4189,Employee 4189,40,6.0,4,56.0,40,8.0,2.0,9.0,Low
4190,Employee 4190,58,7.0,0,67.0,47,9.0,7.0,7.0,Low
4191,Employee 4191,48,7.0,4,80.0,37,7.0,8.0,6.0,Low
4192,Employee 4192,32,8.0,4,99.0,45,9.0,1.0,5.0,Low
4193,Employee 4193,35,7.0,3,86.0,30,9.0,4.0,6.0,Low
4194,Employee 4194,24,5.0,1,69.0,31,9.0,8.0,6.0,Low
4195,Employee 4195,38,8.0,4,79.0,39,6.0,3.0,9.0,Low
4196,Employee 4196,47,9.0,4,76.0,43,8.0,3.0,5.0,Low
4197,Employee 4197,40,8.0,3,92.0,37,6.0,5.0,8.0,Low
4198,Employee 4198,20,7.0,4,57.0,37,7.0,8.0,7.0,Low
4199,Employee 4199,31,7.0,0,55.0,30,6.0,8.0,8.0,Low
4200,Employee 4200,33,7.0,1,63.0,45,9.0,2.0,7.0,Low
4201,Employee 4201,52,5.0,4,87.0,33,9.0,8.0,7.0,Low
4202,Employee 4202,34,5.0,2,69.0,33,6.0,7.0,8.0,Low
4203,Employee 4203,50,8.0,1,63.0,30,6.0,2.0,6.0,Low
4204,Employee 4204,25,5.0,0,96.0,46,7.0,8.0,9.0,Low
4205,Employee 4205,53,8.0,3,84.0,45,7.0,5.0,6.0,Low
4206,Employee 4206,24,9.0,0,52.0,36,7.0,6.0,9.0,Low
4207,Employee 4207,44,8.0,3,50.0,38,5.0,3.0,7.0,Low
4208,Employee 4208,54,7.0,4,98.0,34,7.0,2.0,9.0,Low
4209,Employee 4209,34,6.0,0,76.0,41,5.0,7.0,6.0,Low
4210,Employee 4210,54,8.0,3,71.0,46,7.0,8.0,8.0,Low
4211,Employee 4211,29,5.0,4,51.0,34,9.0,6.0,9.0,Low
4212,Employee 4212,33,6.0,1,56.0,37,8.0,2.0,6.0,Low
4213,Employee 4213,50,5.0,1,67.0,48,7.0,1.0,6.0,Low
4214,Employee 4214,48,5.0,2,97.0,39,9.0,5.0,5.0,Low
4215,Employee 4215,43,8.0,4,95.0,40,8.0,9.0,9.0,Low
4216,Employee 4216,54,7.0,4,87.0,41,5.0,5.0,5.0,Low
4217,Employee 4217,27,8.0,4,72.0,39,8.0,9.0,8.0,Low
4218,Employee 4218,23,9.0,3,68.0,41,6.0,4.0,7.0,Low
4219,Employee 4219,52,9.0,0,72.0,38,6.0,5.0,9.0,Low
4220,Employee 4220,35,9.0,4,72.0,38,8.0,3.0,5.0,Low
4221,Employee 4221,58,6.0,2,91.0,49,6.0,2.0,7.0,Low
4222,Employee 4222,43,6.0,4,68.0,46,5.0,6.0,9.0,Low
4223,Employee 4223,38,6.0,2,64.0,40,7.0,1.0,9.0,Low
4224,Employee 4224,56,9.0,4,95.0,48,9.0,3.0,9.0,Low
4225,Employee 4225,22,8.0,1,85.0,31,9.0,3.0,9.0,Low
4226,Employee 4226,38,6.0,3,73.0,36,6.0,9.0,6.0,Low
4227,Employee 4227,41,9.0,4,87.0,37,6.0,4.0,7.0,Low
4228,Employee 4228,53,6.0,1,66.0,40,7.0,2.0,6.0,Low
4229,Employee 4229,57,6.0,2,99.0,49,9.0,8.0,9.0,Low
4230,Employee 4230,25,6.0,0,65.0,37,6.0,5.0,6.0,Low
4231,Employee 4231,39,7.0,1,63.0,34,7.0,6.0,6.0,Low
4232,Employee 4232,48,7.0,0,60.0,44,8.0,2.0,6.0,Low
4233,Employee 4233,48,6.0,4,59.0,41,8.0,2.0,9.0,Low
4234,Employee 4234,27,6.0,2,94.0,39,7.0,1.0,7.0,Low
4235,Employee 4235,29,7.0,4,52.0,42,8.0,2.0,9.0,Low
4236,Employee 4236,54,8.0,4,67.0,40,7.0,4.0,5.0,Low
4237,Employee 4237,52,8.0,4,71.0,48,5.0,6.0,7.0,Low
4238,Employee 4238,31,7.0,2,69.0,44,9.0,9.0,8.0,Low
4239,Employee 4239,42,5.0,2,68.0,46,5.0,3.0,5.0,Low
4240,Employee 4240,37,8.0,1,73.0,40,9.0,1.0,9.0,Low
4241,Employee 4241,22,9.0,1,78.0,42,9.0,7.0,5.0,Low
4242,Employee 4242,47,9.0,0,99.0,49,9.0,4.0,5.0,Low
4243,Employee 4243,59,9.0,2,98.0,49,8.0,3.0,6.0,Low
4244,Employee 4244,28,8.0,1,93.0,38,8.0,3.0,9.0,Low
4245,Employee 4245,31,8.0,1,63.0,37,5.0,1.0,7.0,Low
4246,Employee 4246,45,9.0,2,74.0,42,5.0,1.0,9.0,Low
4247,Employee 4247,55,9.0,4,69.0,34,6.0,2.0,9.0,Low
4248,Employee 4248,33,8.0,2,59.0,39,5.0,5.0,6.0,Low
4249,Employee 4249,57,8.0,0,74.0,45,7.0,7.0,7.0,Low
4250,Employee 4250,45,9.0,0,71.0,47,8.0,5.0,6.0,Low
4251,Employee 4251,41,7.0,0,51.0,36,8.0,6.0,8.0,Low
4252,Employee 4252,39,7.0,0,63.0,35,9.0,1.0,5.0,Low
4253,Employee 4253,35,9.0,0,70.0,48,8.0,6.0,6.0,Low
4254,Employee 4254,48,8.0,4,95.0,31,7.0,8.0,6.0,Low
4255,Employee 4255,38,8.0,1,82.0,32,7.0,4.0,7.0,Low
4256,Employee 4256,49,5.0,1,95.0,38,6.0,8.0,7.0,Low
4257,Employee 4257,36,7.0,1,86.0,47,5.0,6.0,5.0,Low
4258,Employee 4258,33,8.0,3,87.0,36,8.0,4.0,5.0,Low
4259,Employee 4259,24,9.0,0,89.0,48,8.0,3.0,5.0,Low
4260,Employee 4260,59,6.0,2,52.0,38,9.0,1.0,6.0,Low
4261,Employee 4261,53,5.0,0,66.0,35,8.0,5.0,7.0,Low
4262,Employee 4262,52,6.0,0,57.0,49,6.0,9.0,5.0,Low
4263,Employee 4263,46,9.0,3,65.0,33,7.0,4.0,8.0,Low
4264,Employee 4264,23,7.0,2,93.0,38,8.0,2.0,6.0,Low
4265,Employee 4265,59,5.0,4,62.0,37,5.0,6.0,5.0,Low
4266,Employee 4266,42,5.0,2,99.0,31,5.0,1.0,8.0,Low
4267,Employee 4267,27,8.0,1,97.0,30,7.0,3.0,7.0,Low
4268,Employee 4268,41,7.0,1,93.0,45,5.0,7.0,5.0,Low
4269,Employee 4269,52,8.0,2,58.0,46,6.0,7.0,7.0,Low
4270,Employee 4270,58,6.0,4,68.0,30,7.0,2.0,7.0,Low
4271,Employee 4271,46,9.0,2,87.0,46,5.0,4.0,5.0,Low
4272,Employee 4272,27,5.0,0,85.0,39,5.0,1.0,5.0,Low
4273,Employee 4273,29,5.0,4,65.0,42,5.0,1.0,8.0,Low
4274,Employee 4274,24,6.0,3,89.0,45,8.0,4.0,5.0,Low
4275,Employee 4275,57,8.0,0,55.0,40,7.0,6.0,6.0,Low
4276,Employee 4276,45,8.0,1,70.0,46,6.0,4.0,7.0,Low
4277,Employee 4277,41,5.0,1,54.0,46,8.0,6.0,5.0,Low
4278,Employee 4278,22,9.0,3,82.0,48,8.0,8.0,6.0,Low
4279,Employee 4279,41,9.0,4,50.0,31,9.0,2.0,7.0,Low
4280,Employee 4280,41,7.0,0,79.0,45,8.0,1.0,5.0,Low
4281,Employee 4281,24,9.0,2,52.0,37,9.0,2.0,7.0,Low
4282,Employee 4282,25,5.0,4,80.0,39,9.0,4.0,7.0,Low
4283,Employee 4283,20,8.0,0,82.0,45,6.0,2.0,6.0,Low
4284,Employee 4284,34,6.0,4,82.0,49,6.0,9.0,5.0,Low
4285,Employee 4285,20,6.0,4,50.0,30,8.0,8.0,6.0,Low
4286,Employee 4286,55,9.0,1,71.0,37,8.0,1.0,9.0,Low
4287,Employee 4287,20,7.0,2,75.0,49,9.0,9.0,9.0,Low
4288,Employee 4288,40,6.0,1,91.0,37,7.0,4.0,5.0,Low
4289,Employee 4289,54,6.0,3,99.0,49,8.0,6.0,6.0,Low
4290,Employee 4290,49,6.0,2,91.0,46,5.0,5.0,7.0,Low
4291,Employee 4291,21,8.0,0,73.0,44,9.0,6.0,8.0,Low
4292,Employee 4292,27,5.0,0,72.0,34,5.0,2.0,5.0,Low
4293,Employee 4293,27,7.0,4,70.0,37,7.0,2.0,6.0,Low
4294,Employee 4294,23,7.0,2,70.0,42,5.0,2.0,5.0,Low
4295,Employee 4295,38,7.0,1,94.0,37,5.0,8.0,9.0,Low
4296,Employee 4296,35,9.0,4,85.0,48,8.0,6.0,7.0,Low
4297,Employee 4297,44,7.0,0,75.0,37,8.0,9.0,5.0,Low
4298,Employee 4298,50,5.0,4,79.0,33,7.0,7.0,7.0,Low
4299,Employee 4299,37,8.0,2,70.0,46,7.0,7.0,6.0,Low
4300,Employee 4300,58,7.0,4,74.0,38,9.0,4.0,6.0,Low
4301,Employee 4301,54,7.0,1,77.0,48,7.0,9.0,6.0,Low
4302,Employee 4302,49,5.0,0,88.0,40,7.0,5.0,8.0,Low
4303,Employee 4303,23,5.0,2,68.0,31,6.0,2.0,6.0,Low
4304,Employee 4304,24,5.0,0,72.0,38,7.0,2.0,5.0,Low
4305,Employee 4305,20,5.0,0,90.0,34,9.0,2.0,5.0,Low
4306,Employee 4306,24,6.0,2,76.0,31,9.0,1.0,9.0,Low
4307,Employee 4307,35,6.0,0,97.0,41,8.0,1.0,9.0,Low
4308,Employee 4308,29,9.0,4,83.0,39,5.0,6.0,7.0,Low
4309,Employee 4309,55,6.0,0,77.0,33,8.0,6.0,7.0,Low
4310,Employee 4310,49,8.0,4,67.0,39,6.0,8.0,6.0,Low
4311,Employee 4311,49,9.0,2,80.0,35,9.0,8.0,9.0,Low
4312,Employee 4312,24,7.0,3,84.0,33,9.0,9.0,5.0,Low
4313,Employee 4313,39,8.0,4,79.0,47,6.0,4.0,7.0,Low
4314,Employee 4314,20,7.0,3,96.0,42,5.0,5.0,6.0,Low
4315,Employee 4315,21,8.0,2,89.0,33,9.0,3.0,7.0,Low
4316,Employee 4316,42,7.0,4,83.0,44,8.0,2.0,8.0,Low
4317,Employee 4317,55,9.0,0,74.0,33,6.0,4.0,5.0,Low
4318,Employee 4318,39,9.0,0,52.0,36,5.0,3.0,5.0,Low
4319,Employee 4319,29,6.0,3,66.0,49,8.0,1.0,9.0,Low
4320,Employee 4320,46,7.0,1,54.0,32,8.0,5.0,6.0,Low
4321,Employee 4321,26,9.0,0,90.0,39,7.0,1.0,5.0,Low
4322,Employee 4322,45,5.0,2,57.0,43,8.0,1.0,6.0,Low
4323,Employee 4323,27,9.0,0,75.0,45,8.0,6.0,9.0,Low
4324,Employee 4324,21,5.0,0,75.0,43,5.0,5.0,8.0,Low
4325,Employee 4325,53,8.0,4,67.0,47,9.0,1.0,9.0,Low
4326,Employee 4326,58,7.0,4,53.0,41,7.0,2.0,7.0,Low
4327,Employee 4327,26,7.0,0,76.0,45,8.0,8.0,5.0,Low
4328,Employee 4328,50,7.0,3,89.0,34,9.0,7.0,8.0,Low
4329,Employee 4329,54,8.0,3,69.0,30,6.0,3.0,7.0,Low
4330,Employee 4330,54,5.0,2,70.0,49,8.0,4.0,6.0,Low
4331,Employee 4331,39,5.0,2,70.0,39,5.0,8.0,5.0,Low
4332,Employee 4332,35,5.0,1,78.0,33,9.0,6.0,8.0,Low
4333,Employee 4333,41,9.0,2,57.0,43,6.0,2.0,5.0,Low
4334,Employee 4334,54,7.0,4,80.0,45,9.0,1.0,8.0,Low
4335,Employee 4335,23,7.0,3,77.0,49,8.0,4.0,9.0,Low
4336,Employee 4336,30,7.0,4,71.0,42,7.0,7.0,6.0,Low
4337,Employee 4337,22,5.0,1,72.0,41,6.0,2.0,7.0,Low
4338,Employee 4338,50,6.0,4,81.0,49,9.0,9.0,6.0,Low
4339,Employee 4339,23,9.0,4,98.0,46,6.0,2.0,6.0,Low
4340,Employee 4340,21,8.0,2,59.0,39,6.0,2.0,5.0,Low
4341,Employee 4341,20,9.0,0,99.0,34,7.0,4.0,8.0,Low
4342,Employee 4342,48,8.0,1,94.0,31,9.0,7.0,9.0,Low
4343,Employee 4343,48,7.0,0,68.0,34,5.0,9.0,6.0,Low
4344,Employee 4344,24,8.0,3,52.0,31,8.0,1.0,8.0,Low
4345,Employee 4345,33,5.0,3,87.0,38,9.0,9.0,8.0,Low
4346,Employee 4346,20,9.0,0,65.0,41,7.0,1.0,9.0,Low
4347,Employee 4347,43,9.0,0,60.0,41,7.0,9.0,7.0,Low
4348,Employee 4348,53,8.0,0,96.0,35,9.0,7.0,6.0,Low
4349,Employee 4349,58,8.0,0,89.0,40,7.0,3.0,9.0,Low
4350,Employee 4350,34,5.0,0,83.0,45,8.0,8.0,7.0,Low
4351,Employee 4351,26,5.0,2,77.0,32,9.0,7.0,9.0,Low
4352,Employee 4352,44,8.0,1,86.0,37,5.0,7.0,8.0,Low
4353,Employee 4353,53,7.0,2,59.0,33,5.0,8.0,7.0,Low
4354,Employee 4354,43,7.0,4,91.0,47,5.0,8.0,5.0,Low
4355,Employee 4355,59,9.0,0,57.0,40,6.0,1.0,7.0,Low
4356,Employee 4356,24,7.0,2,77.0,47,6.0,1.0,7.0,Low
4357,Employee 4357,50,6.0,0,53.0,39,9.0,3.0,6.0,Low
4358,Employee 4358,30,7.0,0,55.0,38,5.0,5.0,9.0,Low
4359,Employee 4359,59,9.0,3,60.0,35,7.0,1.0,6.0,Low
4360,Employee 4360,49,8.0,1,70.0,35,9.0,3.0,5.0,Low
4361,Employee 4361,32,6.0,0,89.0,48,8.0,9.0,5.0,Low
4362,Employee 4362,26,8.0,3,77.0,43,6.0,7.0,9.0,Low
4363,Employee 4363,21,5.0,1,87.0,38,9.0,4.0,8.0,Low
4364,Employee 4364,31,5.0,0,79.0,48,9.0,6.0,7.0,Low
4365,Employee 4365,20,9.0,3,74.0,46,9.0,3.0,5.0,Low
4366,Employee 4366,31,5.0,1,63.0,47,5.0,8.0,8.0,Low
4367,Employee 4367,38,8.0,1,76.0,33,8.0,6.0,6.0,Low
4368,Employee 4368,24,9.0,3,74.0,40,5.0,5.0,5.0,Low
4369,Employee 4369,53,5.0,2,89.0,49,6.0,9.0,9.0,Low
4370,Employee 4370,54,5.0,1,51.0,31,6.0,7.0,7.0,Low
4371,Employee 4371,43,9.0,1,61.0,49,7.0,6.0,6.0,Low
4372,Employee 4372,32,7.0,3,56.0,34,5.0,9.0,5.0,Low
4373,Employee 4373,23,5.0,3,70.0,33,9.0,7.0,7.0,Low
4374,Employee 4374,28,8.0,3,74.0,38,9.0,5.0,6.0,Low
4375,Employee 4375,54,7.0,0,76.0,43,9.0,3.0,5.0,Low
4376,Employee 4376,51,7.0,4,57.0,48,5.0,8.0,5.0,Low
4377,Employee 4377,46,8.0,0,86.0,37,7.0,9.0,9.0,Low
4378,Employee 4378,26,5.0,3,68.0,37,7.0,6.0,5.0,Low
4379,Employee 4379,43,9.0,4,97.0,36,6.0,4.0,8.0,Low
4380,Employee 4380,57,9.0,1,76.0,36,6.0,2.0,7.0,Low
4381,Employee 4381,48,9.0,1,60.0,49,9.0,8.0,8.0,Low
4382,Employee 4382,50,6.0,0,71.0,47,9.0,8.0,5.0,Low
4383,Employee 4383,50,8.0,0,56.0,48,6.0,9.0,8.0,Low
4384,Employee 4384,47,9.0,0,89.0,48,9.0,6.0,8.0,Low
4385,Employee 4385,55,9.0,1,84.0,34,5.0,3.0,6.0,Low
4386,Employee 4386,42,7.0,4,61.0,33,8.0,9.0,8.0,Low
4387,Employee 4387,27,9.0,1,98.0,42,8.0,8.0,7.0,Low
4388,Employee 4388,54,8.0,4,59.0,34,6.0,8.0,8.0,Low
4389,Employee 4389,33,8.0,0,70.0,45,5.0,6.0,5.0,Low
4390,Employee 4390,38,8.0,0,84.0,43,8.0,8.0,5.0,Low
4391,Employee 4391,21,9.0,4,59.0,41,9.0,4.0,5.0,Low
4392,Employee 4392,42,8.0,1,62.0,45,6.0,2.0,8.0,Low
4393,Employee 4393,28,8.0,3,69.0,35,8.0,5.0,9.0,Low
4394,Employee 4394,48,8.0,1,51.0,41,9.0,8.0,6.0,Low
4395,Employee 4395,22,5.0,1,78.0,49,9.0,5.0,5.0,Low
4396,Employee 4396,46,5.0,1,90.0,41,7.0,4.0,9.0,Low
4397,Employee 4397,36,5.0,4,88.0,30,6.0,6.0,8.0,Low
4398,Employee 4398,51,8.0,0,60.0,32,6.0,8.0,7.0,Low
4399,Employee 4399,21,8.0,1,88.0,47,7.0,4.0,6.0,Low
4400,Employee 4400,58,5.0,3,51.0,47,8.0,4.0,6.0,Low
4401,Employee 4401,22,5.0,0,57.0,32,8.0,5.0,5.0,Low
4402,Employee 4402,20,8.0,0,90.0,39,9.0,4.0,6.0,Low
4403,Employee 4403,57,8.0,3,60.0,43,8.0,9.0,9.0,Low
4404,Employee 4404,31,8.0,0,89.0,47,8.0,8.0,8.0,Low
4405,Employee 4405,53,9.0,1,90.0,49,6.0,7.0,6.0,Low
4406,Employee 4406,40,5.0,4,65.0,47,7.0,3.0,6.0,Low
4407,Employee 4407,36,9.0,1,94.0,33,7.0,4.0,8.0,Low
4408,Employee 4408,42,5.0,0,75.0,43,6.0,8.0,7.0,Low
4409,Employee 4409,42,8.0,4,93.0,47,8.0,8.0,5.0,Low
4410,Employee 4410,23,8.0,1,63.0,36,8.0,2.0,8.0,Low
4411,Employee 4411,26,8.0,2,64.0,37,6.0,6.0,5.0,Low
4412,Employee 4412,38,6.0,2,60.0,49,9.0,2.0,8.0,Low
4413,Employee 4413,40,5.0,0,90.0,49,8.0,4.0,6.0,Low
4414,Employee 4414,30,9.0,3,69.0,39,5.0,2.0,5.0,Low
4415,Employee 4415,55,8.0,2,93.0,40,5.0,8.0,7.0,Low
4416,Employee 4416,56,5.0,3,93.0,30,6.0,7.0,8.0,Low
4417,Employee 4417,43,6.0,1,63.0,46,5.0,6.0,9.0,Low
4418,Employee 4418,21,5.0,0,84.0,43,5.0,6.0,8.0,Low
4419,Employee 4419,56,6.0,0,80.0,42,9.0,1.0,6.0,Low
4420,Employee 4420,20,7.0,4,65.0,43,8.0,6.0,8.0,Low
4421,Employee 4421,23,8.0,3,95.0,36,6.0,2.0,7.0,Low
4422,Employee 4422,23,6.0,2,85.0,40,7.0,7.0,7.0,Low
4423,Employee 4423,24,7.0,3,57.0,48,6.0,5.0,7.0,Low
4424,Employee 4424,30,5.0,0,70.0,32,5.0,1.0,7.0,Low
4425,Employee 4425,53,9.0,0,85.0,34,8.0,2.0,9.0,Low
4426,Employee 4426,53,6.0,4,61.0,43,7.0,9.0,5.0,Low
4427,Employee 4427,25,5.0,0,85.0,37,7.0,6.0,5.0,Low
4428,Employee 4428,25,6.0,0,67.0,41,8.0,5.0,6.0,Low
4429,Employee 4429,48,5.0,3,93.0,36,9.0,9.0,6.0,Low
4430,Employee 4430,40,8.0,4,64.0,37,8.0,1.0,6.0,Low
4431,Employee 4431,24,7.0,1,51.0,47,6.0,3.0,8.0,Low
4432,Employee 4432,48,9.0,0,89.0,48,8.0,3.0,6.0,Low
4433,Employee 4433,48,8.0,4,50.0,42,8.0,4.0,7.0,Low
4434,Employee 4434,40,7.0,4,70.0,43,7.0,6.0,9.0,Low
4435,Employee 4435,53,9.0,1,97.0,39,8.0,3.0,9.0,Low
4436,Employee 4436,20,6.0,2,90.0,38,8.0,6.0,5.0,Low
4437,Employee 4437,30,9.0,3,89.0,30,5.0,2.0,7.0,Low
4438,Employee 4438,46,5.0,4,93.0,37,8.0,5.0,5.0,Low
4439,Employee 4439,52,6.0,3,62.0,44,7.0,4.0,8.0,Low
4440,Employee 4440,20,6.0,3,50.0,45,8.0,7.0,7.0,Low
4441,Employee 4441,58,8.0,3,86.0,40,5.0,9.0,8.0,Low
4442,Employee 4442,22,9.0,3,57.0,41,5.0,5.0,9.0,Low
4443,Employee 4443,36,8.0,2,69.0,45,5.0,4.0,8.0,Low
4444,Employee 4444,28,9.0,2,98.0,31,9.0,7.0,6.0,Low
4445,Employee 4445,23,8.0,4,64.0,42,5.0,4.0,9.0,Low
4446,Employee 4446,41,5.0,0,66.0,46,9.0,2.0,8.0,Low
4447,Employee 4447,57,7.0,1,55.0,49,7.0,3.0,6.0,Low
4448,Employee 4448,41,7.0,1,96.0,48,8.0,4.0,8.0,Low
4449,Employee 4449,27,9.0,4,96.0,36,8.0,4.0,9.0,Low
4450,Employee 4450,32,9.0,1,92.0,35,7.0,9.0,9.0,Low
4451,Employee 4451,54,9.0,1,78.0,41,7.0,2.0,6.0,Low
4452,Employee 4452,59,7.0,1,86.0,33,8.0,9.0,6.0,Low
4453,Employee 4453,41,6.0,3,99.0,34,8.0,9.0,7.0,Low
4454,Employee 4454,47,5.0,0,97.0,49,8.0,6.0,5.0,Low
4455,Employee 4455,47,5.0,4,94.0,49,8.0,8.0,6.0,Low
4456,Employee 4456,50,7.0,1,97.0,42,6.0,7.0,8.0,Low
4457,Employee 4457,39,7.0,1,53.0,30,9.0,7.0,5.0,Low
4458,Employee 4458,48,8.0,0,73.0,34,8.0,8.0,8.0,Low
4459,Employee 4459,53,6.0,4,61.0,35,6.0,9.0,9.0,Low
4460,Employee 4460,41,8.0,2,90.0,42,6.0,6.0,5.0,Low
4461,Employee 4461,56,8.0,3,62.0,49,7.0,1.0,7.0,Low
4462,Employee 4462,26,8.0,2,63.0,34,9.0,5.0,6.0,Low
4463,Employee 4463,25,6.0,1,78.0,42,8.0,8.0,9.0,Low
4464,Employee 4464,24,5.0,1,54.0,31,6.0,5.0,7.0,Low
4465,Employee 4465,34,9.0,0,62.0,37,7.0,2.0,9.0,Low
4466,Employee 4466,54,7.0,3,61.0,32,5.0,7.0,9.0,Low
4467,Employee 4467,56,6.0,1,75.0,41,9.0,4.0,5.0,Low
4468,Employee 4468,49,7.0,4,85.0,32,5.0,4.0,6.0,Low
4469,Employee 4469,34,5.0,3,63.0,36,6.0,6.0,5.0,Low
4470,Employee 4470,52,8.0,1,87.0,38,7.0,9.0,7.0,Low
4471,Employee 4471,49,7.0,2,84.0,37,9.0,6.0,6.0,Low
4472,Employee 4472,27,7.0,2,77.0,43,6.0,7.0,5.0,Low
4473,Employee 4473,55,8.0,2,65.0,33,8.0,7.0,8.0,Low
4474,Employee 4474,54,6.0,2,62.0,43,8.0,2.0,9.0,Low
4475,Employee 4475,24,8.0,4,79.0,38,6.0,3.0,6.0,Low
4476,Employee 4476,51,5.0,0,70.0,32,6.0,1.0,8.0,Low
4477,Employee 4477,29,8.0,0,93.0,47,8.0,5.0,6.0,Low
4478,Employee 4478,53,6.0,0,65.0,40,8.0,8.0,6.0,Low
4479,Employee 4479,40,6.0,4,52.0,36,7.0,8.0,6.0,Low
4480,Employee 4480,42,8.0,2,58.0,32,6.0,1.0,8.0,Low
4481,Employee 4481,28,9.0,4,54.0,42,5.0,4.0,7.0,Low
4482,Employee 4482,54,5.0,1,57.0,39,9.0,2.0,8.0,Low
4483,Employee 4483,48,6.0,1,71.0,48,9.0,7.0,6.0,Low
4484,Employee 4484,44,8.0,0,67.0,42,5.0,6.0,8.0,Low
4485,Employee 4485,53,6.0,2,83.0,30,5.0,7.0,5.0,Low
4486,Employee 4486,52,6.0,4,76.0,34,7.0,6.0,9.0,Low
4487,Employee 4487,52,8.0,0,85.0,44,8.0,2.0,7.0,Low
4488,Employee 4488,41,5.0,1,71.0,44,5.0,8.0,9.0,Low
4489,Employee 4489,58,9.0,1,53.0,39,8.0,6.0,9.0,Low
4490,Employee 4490,50,6.0,2,65.0,40,6.0,4.0,6.0,Low
4491,Employee 4491,50,6.0,1,93.0,41,7.0,1.0,6.0,Low
4492,Employee 4492,42,5.0,4,72.0,44,6.0,2.0,7.0,Low
4493,Employee 4493,33,8.0,2,83.0,41,7.0,1.0,8.0,Low
4494,Employee 4494,54,9.0,3,58.0,31,9.0,9.0,8.0,Low
4495,Employee 4495,53,5.0,0,55.0,35,8.0,7.0,8.0,Low
4496,Employee 4496,35,8.0,2,85.0,41,9.0,7.0,5.0,Low
4497,Employee 4497,43,6.0,0,54.0,38,9.0,2.0,6.0,Low
4498,Employee 4498,21,9.0,2,65.0,42,7.0,4.0,7.0,Low
4499,Employee 4499,21,8.0,1,57.0,44,5.0,9.0,5.0,Low
4500,Employee 4500,33,7.0,0,89.0,38,8.0,8.0,7.0,Low
4501,Employee 4501,34,9.0,0,72.0,30,9.0,7.0,6.0,Low
4502,Employee 4502,30,6.0,2,95.0,46,5.0,5.0,9.0,Low
4503,Employee 4503,31,7.0,4,97.0,48,9.0,3.0,6.0,Low
4504,Employee 4504,56,6.0,3,56.0,46,9.0,4.0,6.0,Low
4505,Employee 4505,41,5.0,2,96.0,30,8.0,9.0,7.0,Low
4506,Employee 4506,20,7.0,3,90.0,49,8.0,2.0,5.0,Low
4507,Employee 4507,21,8.0,4,82.0,34,9.0,7.0,6.0,Low
4508,Employee 4508,48,9.0,0,61.0,30,7.0,3.0,8.0,Low
4509,Employee 4509,31,6.0,4,56.0,48,8.0,9.0,7.0,Low
4510,Employee 4510,21,6.0,4,68.0,49,7.0,6.0,6.0,Low
4511,Employee 4511,41,5.0,1,57.0,35,5.0,3.0,8.0,Low
4512,Employee 4512,58,7.0,4,77.0,30,7.0,4.0,6.0,Low
4513,Employee 4513,47,8.0,3,63.0,40,6.0,3.0,5.0,Low
4514,Employee 4514,41,8.0,2,83.0,33,5.0,9.0,8.0,Low
4515,Employee 4515,24,9.0,2,61.0,44,7.0,6.0,7.0,Low
4516,Employee 4516,29,9.0,1,71.0,41,9.0,1.0,6.0,Low
4517,Employee 4517,29,6.0,0,80.0,37,7.0,6.0,5.0,Low
4518,Employee 4518,23,6.0,3,76.0,42,9.0,4.0,7.0,Low
4519,Employee 4519,38,9.0,2,68.0,40,9.0,1.0,7.0,Low
4520,Employee 4520,56,6.0,3,60.0,40,9.0,3.0,5.0,Low
4521,Employee 4521,21,6.0,2,85.0,35,5.0,5.0,7.0,Low
4522,Employee 4522,56,7.0,2,50.0,39,6.0,7.0,8.0,Low
4523,Employee 4523,29,9.0,3,65.0,42,5.0,8.0,5.0,Low
4524,Employee 4524,59,8.0,2,52.0,47,6.0,9.0,9.0,Low
4525,Employee 4525,56,9.0,2,50.0,30,8.0,7.0,8.0,Low
4526,Employee 4526,44,7.0,0,74.0,48,7.0,1.0,6.0,Low
4527,Employee 4527,36,8.0,3,75.0,36,8.0,4.0,8.0,Low
4528,Employee 4528,33,7.0,4,88.0,38,9.0,9.0,9.0,Low
4529,Employee 4529,30,8.0,0,69.0,48,9.0,2.0,9.0,Low
4530,Employee 4530,58,9.0,2,54.0,48,5.0,6.0,9.0,Low
4531,Employee 4531,42,6.0,0,88.0,40,7.0,2.0,6.0,Low
4532,Employee 4532,39,7.0,2,70.0,30,7.0,1.0,8.0,Low
4533,Employee 4533,21,9.0,1,82.0,32,6.0,8.0,9.0,Low
4534,Employee 4534,28,6.0,0,88.0,36,6.0,8.0,9.0,Low
4535,Employee 4535,25,6.0,4,90.0,35,8.0,6.0,7.0,Low
4536,Employee 4536,56,6.0,3,94.0,49,9.0,3.0,8.0,Low
4537,Employee 4537,26,9.0,2,80.0,40,7.0,7.0,5.0,Low
4538,Employee 4538,22,7.0,3,87.0,30,6.0,8.0,7.0,Low
4539,Employee 4539,54,9.0,1,66.0,32,8.0,9.0,8.0,Low
4540,Employee 4540,59,5.0,1,97.0,39,8.0,4.0,9.0,Low
4541,Employee 4541,40,8.0,1,50.0,44,7.0,4.0,9.0,Low
4542,Employee 4542,58,6.0,2,54.0,39,6.0,4.0,8.0,Low
4543,Employee 4543,57,8.0,3,96.0,41,6.0,2.0,9.0,Low
4544,Employee 4544,46,6.0,4,68.0,45,5.0,8.0,8.0,Low
4545,Employee 4545,47,9.0,4,90.0,33,6.0,6.0,9.0,Low
4546,Employee 4546,48,8.0,1,58.0,46,6.0,5.0,7.0,Low
4547,Employee 4547,41,5.0,4,90.0,31,8.0,6.0,7.0,Low
4548,Employee 4548,26,9.0,4,98.0,40,7.0,9.0,6.0,Low
4549,Employee 4549,54,6.0,0,85.0,37,7.0,4.0,7.0,Low
4550,Employee 4550,27,6.0,3,90.0,48,8.0,3.0,6.0,Low
4551,Employee 4551,25,5.0,3,54.0,42,5.0,4.0,5.0,Low
4552,Employee 4552,45,5.0,1,51.0,37,5.0,3.0,6.0,Low
4553,Employee 4553,20,5.0,3,65.0,39,8.0,6.0,7.0,Low
4554,Employee 4554,46,7.0,0,93.0,47,9.0,3.0,7.0,Low
4555,Employee 4555,38,7.0,4,72.0,42,9.0,7.0,6.0,Low
4556,Employee 4556,30,7.0,2,88.0,49,5.0,5.0,5.0,Low
4557,Employee 4557,49,7.0,1,97.0,36,5.0,2.0,8.0,Low
4558,Employee 4558,51,6.0,4,65.0,48,8.0,5.0,6.0,Low
4559,Employee 4559,45,8.0,1,73.0,34,5.0,3.0,9.0,Low
4560,Employee 4560,28,9.0,3,85.0,38,7.0,1.0,6.0,Low
4561,Employee 4561,30,5.0,0,78.0,43,7.0,6.0,5.0,Low
4562,Employee 4562,29,8.0,0,64.0,37,9.0,2.0,8.0,Low
4563,Employee 4563,30,9.0,2,76.0,36,9.0,2.0,5.0,Low
4564,Employee 4564,51,8.0,3,96.0,39,7.0,9.0,5.0,Low
4565,Employee 4565,20,8.0,1,57.0,30,5.0,3.0,6.0,Low
4566,Employee 4566,58,8.0,2,59.0,39,5.0,1.0,5.0,Low
4567,Employee 4567,53,8.0,4,99.0,43,8.0,8.0,5.0,Low
4568,Employee 4568,24,7.0,0,87.0,43,5.0,9.0,7.0,Low
4569,Employee 4569,46,5.0,1,62.0,49,8.0,5.0,8.0,Low
4570,Employee 4570,47,9.0,3,92.0,31,8.0,3.0,7.0,Low
4571,Employee 4571,22,6.0,1,73.0,37,8.0,1.0,7.0,Low
4572,Employee 4572,41,8.0,0,63.0,41,9.0,7.0,7.0,Low
4573,Employee 4573,46,7.0,1,98.0,49,8.0,1.0,6.0,Low
4574,Employee 4574,45,5.0,3,73.0,34,6.0,7.0,6.0,Low
4575,Employee 4575,29,5.0,3,64.0,31,7.0,7.0,6.0,Low
4576,Employee 4576,45,6.0,1,55.0,40,5.0,5.0,8.0,Low
4577,Employee 4577,58,7.0,0,57.0,36,7.0,5.0,5.0,Low
4578,Employee 4578,37,8.0,1,90.0,35,8.0,6.0,6.0,Low
4579,Employee 4579,31,6.0,1,52.0,42,8.0,6.0,7.0,Low
4580,Employee 4580,28,7.0,1,59.0,39,7.0,7.0,7.0,Low
4581,Employee 4581,45,5.0,2,60.0,40,9.0,1.0,5.0,Low
4582,Employee 4582,43,9.0,1,90.0,45,9.0,7.0,8.0,Low
4583,Employee 4583,57,9.0,2,88.0,45,9.0,2.0,9.0,Low
4584,Employee 4584,53,8.0,0,59.0,33,9.0,1.0,8.0,Low
4585,Employee 4585,51,6.0,0,83.0,48,9.0,4.0,9.0,Low
4586,Employee 4586,21,7.0,0,99.0,39,8.0,1.0,9.0,Low
4587,Employee 4587,30,9.0,0,86.0,37,6.0,3.0,6.0,Low
4588,Employee 4588,50,5.0,4,51.0,42,7.0,5.0,6.0,Low
4589,Employee 4589,41,7.0,4,51.0,38,7.0,1.0,7.0,Low
4590,Employee 4590,28,5.0,2,68.0,47,5.0,5.0,7.0,Low
4591,Employee 4591,29,9.0,4,62.0,40,7.0,3.0,9.0,Low
4592,Employee 4592,33,7.0,2,79.0,30,8.0,5.0,5.0,Low
4593,Employee 4593,40,5.0,2,77.0,35,7.0,3.0,8.0,Low
4594,Employee 4594,41,9.0,0,64.0,40,8.0,7.0,8.0,Low
4595,Employee 4595,32,6.0,2,58.0,47,5.0,2.0,5.0,Low
4596,Employee 4596,36,8.0,4,92.0,38,7.0,2.0,5.0,Low
4597,Employee 4597,34,8.0,0,90.0,35,8.0,1.0,7.0,Low
4598,Employee 4598,51,5.0,3,54.0,39,6.0,7.0,6.0,Low
4599,Employee 4599,34,8.0,2,86.0,41,8.0,7.0,5.0,Low
4600,Employee 4600,51,8.0,2,63.0,46,8.0,8.0,5.0,Low
4601,Employee 4601,43,7.0,0,56.0,44,9.0,5.0,8.0,Low
4602,Employee 4602,24,8.0,1,64.0,35,9.0,5.0,5.0,Low
4603,Employee 4603,58,5.0,2,86.0,43,6.0,7.0,6.0,Low
4604,Employee 4604,23,9.0,1,69.0,38,8.0,7.0,8.0,Low
4605,Employee 4605,59,6.0,1,87.0,40,7.0,2.0,7.0,Low
4606,Employee 4606,22,7.0,0,73.0,41,6.0,2.0,5.0,Low
4607,Employee 4607,29,7.0,4,85.0,41,8.0,5.0,8.0,Low
4608,Employee 4608,38,8.0,2,68.0,38,7.0,4.0,6.0,Low
4609,Employee 4609,48,8.0,0,62.0,30,9.0,3.0,5.0,Low
4610,Employee 4610,59,9.0,2,73.0,40,9.0,4.0,5.0,Low
4611,Employee 4611,47,9.0,1,83.0,45,5.0,2.0,7.0,Low
4612,Employee 4612,25,6.0,1,98.0,48,7.0,8.0,9.0,Low
4613,Employee 4613,52,5.0,0,95.0,31,9.0,6.0,8.0,Low
4614,Employee 4614,39,6.0,4,96.0,32,8.0,8.0,7.0,Low
4615,Employee 4615,39,9.0,0,67.0,47,8.0,6.0,5.0,Low
4616,Employee 4616,32,6.0,2,87.0,41,6.0,4.0,6.0,Low
4617,Employee 4617,35,8.0,1,97.0,44,8.0,1.0,8.0,Low
4618,Employee 4618,56,5.0,3,65.0,38,9.0,7.0,7.0,Low
4619,Employee 4619,45,9.0,2,66.0,38,9.0,9.0,5.0,Low
4620,Employee 4620,55,9.0,1,54.0,30,7.0,2.0,6.0,Low
4621,Employee 4621,50,5.0,4,89.0,43,9.0,8.0,8.0,Low
4622,Employee 4622,27,7.0,3,94.0,33,6.0,2.0,6.0,Low
4623,Employee 4623,22,9.0,1,93.0,30,7.0,9.0,9.0,Low
4624,Employee 4624,38,8.0,0,64.0,44,7.0,1.0,9.0,Low
4625,Employee 4625,35,6.0,0,86.0,31,8.0,5.0,6.0,Low
4626,Employee 4626,46,6.0,4,69.0,31,7.0,5.0,7.0,Low
4627,Employee 4627,48,6.0,2,60.0,49,8.0,7.0,5.0,Low
4628,Employee 4628,35,8.0,0,89.0,31,5.0,9.0,5.0,Low
4629,Employee 4629,39,9.0,4,64.0,45,7.0,1.0,6.0,Low
4630,Employee 4630,30,8.0,1,65.0,44,6.0,1.0,8.0,Low
4631,Employee 4631,27,8.0,2,84.0,33,5.0,4.0,7.0,Low
4632,Employee 4632,30,6.0,1,78.0,41,5.0,4.0,5.0,Low
4633,Employee 4633,47,5.0,0,80.0,37,7.0,2.0,8.0,Low
4634,Employee 4634,41,6.0,1,67.0,39,8.0,9.0,5.0,Low
4635,Employee 4635,59,8.0,2,80.0,43,8.0,9.0,6.0,Low
4636,Employee 4636,53,7.0,4,93.0,30,7.0,7.0,6.0,Low
4637,Employee 4637,52,5.0,1,60.0,41,9.0,1.0,8.0,Low
4638,Employee 4638,25,6.0,2,89.0,49,5.0,5.0,9.0,Low
4639,Employee 4639,22,7.0,0,61.0,36,8.0,8.0,6.0,Low
4640,Employee 4640,57,8.0,3,89.0,39,7.0,1.0,6.0,Low
4641,Employee 4641,50,5.0,3,98.0,43,6.0,3.0,5.0,Low
4642,Employee 4642,43,9.0,3,89.0,44,8.0,9.0,6.0,Low
4643,Employee 4643,49,8.0,4,57.0,45,7.0,3.0,5.0,Low
4644,Employee 4644,25,6.0,4,60.0,43,8.0,5.0,7.0,Low
4645,Employee 4645,28,8.0,0,74.0,43,5.0,9.0,5.0,Low
4646,Employee 4646,49,5.0,3,86.0,46,5.0,8.0,5.0,Low
4647,Employee 4647,46,7.0,3,96.0,44,5.0,4.0,5.0,Low
4648,Employee 4648,57,9.0,1,70.0,32,5.0,9.0,7.0,Low
4649,Employee 4649,48,7.0,0,58.0,44,8.0,5.0,5.0,Low
4650,Employee 4650,28,9.0,2,81.0,44,8.0,8.0,7.0,Low
4651,Employee 4651,59,7.0,3,51.0,40,7.0,4.0,7.0,Low
4652,Employee 4652,41,6.0,1,76.0,49,7.0,9.0,6.0,Low
4653,Employee 4653,53,7.0,1,74.0,35,7.0,1.0,8.0,Low
4654,Employee 4654,32,8.0,2,69.0,33,8.0,8.0,9.0,Low
4655,Employee 4655,26,8.0,4,73.0,42,6.0,7.0,8.0,Low
4656,Employee 4656,38,7.0,1,63.0,47,8.0,8.0,5.0,Low
4657,Employee 4657,33,8.0,2,81.0,39,5.0,8.0,9.0,Low
4658,Employee 4658,54,7.0,2,91.0,31,9.0,7.0,5.0,Low
4659,Employee 4659,35,7.0,0,88.0,39,8.0,4.0,9.0,Low
4660,Employee 4660,28,7.0,4,53.0,47,6.0,8.0,8.0,Low
4661,Employee 4661,46,8.0,1,64.0,48,5.0,7.0,6.0,Low
4662,Employee 4662,54,5.0,4,50.0,48,5.0,8.0,6.0,Low
4663,Employee 4663,43,6.0,2,57.0,36,9.0,2.0,8.0,Low
4664,Employee 4664,31,8.0,2,82.0,39,9.0,4.0,5.0,Low
4665,Employee 4665,29,8.0,2,68.0,40,6.0,1.0,7.0,Low
4666,Employee 4666,36,9.0,3,69.0,41,9.0,1.0,9.0,Low
4667,Employee 4667,28,8.0,0,53.0,38,7.0,8.0,8.0,Low
4668,Employee 4668,50,5.0,2,91.0,37,5.0,1.0,8.0,Low
4669,Employee 4669,30,7.0,0,51.0,48,7.0,1.0,8.0,Low
4670,Employee 4670,49,8.0,4,60.0,33,6.0,2.0,7.0,Low
4671,Employee 4671,21,7.0,3,90.0,41,9.0,2.0,7.0,Low
4672,Employee 4672,29,7.0,3,61.0,48,6.0,3.0,8.0,Low
4673,Employee 4673,44,7.0,4,50.0,43,7.0,5.0,7.0,Low
4674,Employee 4674,33,6.0,0,56.0,44,9.0,4.0,8.0,Low
4675,Employee 4675,31,7.0,3,55.0,33,6.0,9.0,5.0,Low
4676,Employee 4676,39,9.0,2,55.0,42,9.0,4.0,6.0,Low
4677,Employee 4677,56,8.0,0,72.0,47,7.0,5.0,9.0,Low
4678,Employee 4678,25,7.0,0,79.0,36,7.0,1.0,7.0,Low
4679,Employee 4679,33,6.0,4,76.0,31,9.0,4.0,6.0,Low
4680,Employee 4680,49,5.0,3,53.0,38,5.0,5.0,8.0,Low
4681,Employee 4681,24,9.0,4,59.0,35,8.0,2.0,5.0,Low
4682,Employee 4682,34,8.0,2,89.0,47,9.0,4.0,8.0,Low
4683,Employee 4683,23,7.0,0,72.0,31,5.0,2.0,6.0,Low
4684,Employee 4684,32,9.0,3,70.0,36,7.0,1.0,8.0,Low
4685,Employee 4685,20,9.0,0,74.0,40,6.0,9.0,8.0,Low
4686,Employee 4686,45,5.0,0,95.0,44,7.0,6.0,6.0,Low
4687,Employee 4687,43,7.0,0,69.0,41,7.0,3.0,9.0,Low
4688,Employee 4688,39,9.0,2,96.0,41,9.0,1.0,5.0,Low
4689,Employee 4689,58,7.0,2,57.0,33,8.0,9.0,9.0,Low
4690,Employee 4690,36,9.0,4,94.0,36,9.0,8.0,9.0,Low
4691,Employee 4691,30,7.0,1,79.0,31,5.0,6.0,7.0,Low
4692,Employee 4692,21,8.0,3,94.0,32,7.0,9.0,9.0,Low
4693,Employee 4693,47,8.0,3,67.0,37,6.0,3.0,6.0,Low
4694,Employee 4694,24,6.0,3,56.0,41,7.0,4.0,5.0,Low
4695,Employee 4695,52,5.0,3,76.0,32,6.0,1.0,6.0,Low
4696,Employee 4696,46,5.0,0,95.0,41,6.0,6.0,6.0,Low
4697,Employee 4697,53,9.0,0,59.0,30,5.0,8.0,9.0,Low
4698,Employee 4698,38,7.0,0,64.0,39,6.0,2.0,8.0,Low
4699,Employee 4699,48,6.0,3,76.0,38,6.0,5.0,9.0,Low
4700,Employee 4700,46,5.0,2,69.0,37,5.0,9.0,6.0,Low
4701,Employee 4701,59,5.0,1,53.0,47,6.0,4.0,7.0,Low
4702,Employee 4702,44,7.0,1,80.0,41,7.0,4.0,5.0,Low
4703,Employee 4703,36,6.0,3,84.0,38,8.0,7.0,9.0,Low
4704,Employee 4704,45,6.0,1,58.0,36,5.0,8.0,5.0,Low
4705,Employee 4705,30,5.0,3,62.0,30,8.0,6.0,6.0,Low
4706,Employee 4706,31,6.0,0,88.0,33,7.0,4.0,7.0,Low
4707,Employee 4707,32,7.0,3,69.0,40,7.0,6.0,7.0,Low
4708,Employee 4708,48,8.0,2,53.0,35,8.0,7.0,6.0,Low
4709,Employee 4709,59,9.0,3,87.0,31,5.0,7.0,7.0,Low
4710,Employee 4710,51,9.0,1,59.0,47,8.0,4.0,9.0,Low
4711,Employee 4711,42,9.0,3,76.0,48,7.0,6.0,5.0,Low
4712,Employee 4712,46,5.0,1,82.0,43,6.0,2.0,5.0,Low
4713,Employee 4713,51,6.0,3,59.0,34,9.0,8.0,7.0,Low
4714,Employee 4714,30,5.0,3,66.0,34,5.0,4.0,6.0,Low
4715,Employee 4715,20,9.0,4,69.0,48,9.0,9.0,5.0,Low
4716,Employee 4716,36,6.0,0,51.0,46,5.0,9.0,9.0,Low
4717,Employee 4717,28,9.0,0,65.0,38,7.0,8.0,6.0,Low
4718,Employee 4718,47,5.0,2,77.0,48,5.0,3.0,7.0,Low
4719,Employee 4719,58,6.0,3,97.0,42,9.0,6.0,8.0,Low
4720,Employee 4720,26,9.0,4,91.0,39,8.0,8.0,6.0,Low
4721,Employee 4721,37,7.0,3,52.0,30,7.0,8.0,8.0,Low
4722,Employee 4722,46,5.0,0,86.0,34,9.0,3.0,9.0,Low
4723,Employee 4723,29,8.0,2,76.0,38,6.0,3.0,5.0,Low
4724,Employee 4724,46,6.0,3,87.0,35,8.0,8.0,5.0,Low
4725,Employee 4725,29,7.0,1,77.0,48,6.0,5.0,9.0,Low
4726,Employee 4726,23,8.0,4,76.0,41,8.0,9.0,5.0,Low
4727,Employee 4727,46,5.0,3,79.0,34,5.0,2.0,7.0,Low
4728,Employee 4728,44,9.0,3,76.0,31,8.0,5.0,9.0,Low
4729,Employee 4729,54,8.0,1,83.0,44,5.0,4.0,9.0,Low
4730,Employee 4730,53,9.0,1,99.0,38,8.0,5.0,9.0,Low
4731,Employee 4731,41,9.0,3,63.0,30,7.0,5.0,6.0,Low
4732,Employee 4732,48,5.0,2,94.0,34,6.0,6.0,9.0,Low
4733,Employee 4733,38,5.0,0,53.0,38,5.0,2.0,7.0,Low
4734,Employee 4734,58,5.0,0,78.0,40,7.0,8.0,6.0,Low
4735,Employee 4735,43,9.0,3,94.0,42,9.0,9.0,9.0,Low
4736,Employee 4736,45,8.0,1,63.0,31,8.0,6.0,9.0,Low
4737,Employee 4737,26,7.0,2,56.0,47,5.0,1.0,8.0,Low
4738,Employee 4738,21,7.0,0,66.0,48,9.0,6.0,5.0,Low
4739,Employee 4739,53,9.0,2,88.0,44,7.0,9.0,7.0,Low
4740,Employee 4740,34,8.0,2,57.0,36,5.0,6.0,8.0,Low
4741,Employee 4741,25,5.0,2,79.0,41,7.0,9.0,8.0,Low
4742,Employee 4742,59,7.0,4,81.0,35,9.0,1.0,5.0,Low
4743,Employee 4743,33,5.0,0,99.0,45,6.0,3.0,7.0,Low
4744,Employee 4744,41,7.0,4,84.0,44,8.0,5.0,7.0,Low
4745,Employee 4745,23,9.0,3,87.0,42,5.0,5.0,7.0,Low
4746,Employee 4746,43,6.0,3,62.0,32,7.0,3.0,5.0,Low
4747,Employee 4747,20,9.0,2,97.0,48,5.0,5.0,5.0,Low
4748,Employee 4748,34,9.0,1,80.0,31,9.0,9.0,6.0,Low
4749,Employee 4749,22,6.0,2,98.0,39,8.0,4.0,7.0,Low
4750,Employee 4750,48,8.0,0,89.0,40,6.0,7.0,7.0,Low
4751,Employee 4751,45,7.0,1,83.0,35,5.0,4.0,5.0,Low
4752,Employee 4752,57,9.0,2,62.0,49,5.0,5.0,5.0,Low
4753,Employee 4753,40,8.0,4,83.0,32,9.0,5.0,9.0,Low
4754,Employee 4754,46,6.0,4,89.0,42,6.0,5.0,7.0,Low
4755,Employee 4755,55,7.0,1,58.0,48,6.0,6.0,9.0,Low
4756,Employee 4756,39,7.0,3,77.0,36,9.0,2.0,5.0,Low
4757,Employee 4757,37,9.0,2,62.0,30,6.0,2.0,7.0,Low
4758,Employee 4758,55,6.0,2,76.0,34,9.0,4.0,9.0,Low
4759,Employee 4759,56,9.0,3,97.0,38,5.0,2.0,7.0,Low
4760,Employee 4760,26,6.0,4,98.0,38,7.0,7.0,5.0,Low
4761,Employee 4761,56,9.0,3,90.0,41,7.0,9.0,7.0,Low
4762,Employee 4762,45,7.0,2,98.0,35,7.0,7.0,6.0,Low
4763,Employee 4763,46,9.0,4,57.0,36,6.0,6.0,8.0,Low
4764,Employee 4764,52,5.0,0,74.0,32,9.0,6.0,7.0,Low
4765,Employee 4765,36,8.0,4,89.0,46,9.0,2.0,7.0,Low
4766,Employee 4766,55,6.0,2,83.0,46,6.0,1.0,9.0,Low
4767,Employee 4767,20,5.0,3,81.0,39,5.0,6.0,9.0,Low
4768,Employee 4768,41,9.0,0,53.0,41,6.0,4.0,7.0,Low
4769,Employee 4769,57,8.0,3,62.0,39,5.0,8.0,8.0,Low
4770,Employee 4770,30,5.0,2,78.0,34,8.0,6.0,7.0,Low
4771,Employee 4771,53,5.0,3,98.0,48,7.0,2.0,7.0,Low
4772,Employee 4772,44,8.0,1,65.0,30,6.0,7.0,7.0,Low
4773,Employee 4773,40,6.0,3,98.0,32,7.0,4.0,6.0,Low
4774,Employee 4774,34,7.0,4,63.0,45,6.0,5.0,9.0,Low
4775,Employee 4775,55,8.0,0,98.0,30,6.0,4.0,8.0,Low
4776,Employee 4776,26,8.0,4,72.0,30,7.0,7.0,9.0,Low
4777,Employee 4777,42,8.0,1,82.0,35,5.0,4.0,6.0,Low
4778,Employee 4778,28,7.0,0,54.0,46,7.0,3.0,9.0,Low
4779,Employee 4779,36,5.0,4,76.0,44,9.0,1.0,6.0,Low
4780,Employee 4780,57,7.0,1,71.0,37,9.0,8.0,6.0,Low
4781,Employee 4781,33,5.0,2,92.0,46,8.0,7.0,7.0,Low
4782,Employee 4782,35,9.0,2,75.0,41,5.0,4.0,5.0,Low
4783,Employee 4783,42,6.0,3,97.0,35,6.0,3.0,9.0,Low
4784,Employee 4784,47,7.0,1,88.0,34,8.0,2.0,5.0,Low
4785,Employee 4785,57,6.0,0,60.0,44,9.0,7.0,8.0,Low
4786,Employee 4786,59,9.0,0,78.0,39,9.0,1.0,7.0,Low
4787,Employee 4787,54,6.0,3,84.0,30,8.0,4.0,7.0,Low
4788,Employee 4788,23,7.0,2,86.0,48,8.0,6.0,6.0,Low
4789,Employee 4789,59,7.0,2,72.0,34,6.0,4.0,7.0,Low
4790,Employee 4790,56,6.0,1,58.0,48,8.0,7.0,9.0,Low
4791,Employee 4791,55,7.0,3,59.0,38,5.0,3.0,5.0,Low
4792,Employee 4792,36,9.0,3,50.0,42,9.0,6.0,7.0,Low
4793,Employee 4793,39,8.0,3,94.0,35,7.0,9.0,5.0,Low
4794,Employee 4794,59,8.0,1,78.0,38,9.0,1.0,9.0,Low
4795,Employee 4795,32,6.0,1,51.0,34,5.0,2.0,6.0,Low
4796,Employee 4796,24,5.0,4,62.0,47,8.0,2.0,5.0,Low
4797,Employee 4797,50,9.0,4,87.0,48,7.0,8.0,7.0,Low
4798,Employee 4798,24,7.0,0,64.0,48,8.0,6.0,8.0,Low
4799,Employee 4799,30,6.0,4,77.0,46,7.0,9.0,5.0,Low
4800,Employee 4800,30,5.0,0,52.0,39,5.0,5.0,5.0,Low
4801,Employee 4801,32,8.0,2,62.0,39,8.0,9.0,7.0,Low
4802,Employee 4802,25,7.0,0,95.0,36,6.0,7.0,9.0,Low
4803,Employee 4803,48,5.0,1,93.0,41,5.0,2.0,6.0,Low
4804,Employee 4804,55,5.0,0,82.0,35,5.0,6.0,9.0,Low
4805,Employee 4805,40,5.0,0,63.0,40,7.0,8.0,5.0,Low
4806,Employee 4806,54,5.0,0,85.0,36,5.0,8.0,6.0,Low
4807,Employee 4807,48,7.0,4,64.0,35,6.0,3.0,9.0,Low
4808,Employee 4808,52,5.0,1,65.0,31,8.0,9.0,7.0,Low
4809,Employee 4809,50,8.0,2,72.0,46,6.0,4.0,7.0,Low
4810,Employee 4810,36,5.0,2,84.0,30,5.0,1.0,5.0,Low
4811,Employee 4811,46,8.0,1,77.0,41,7.0,1.0,7.0,Low
4812,Employee 4812,34,8.0,0,99.0,49,5.0,5.0,8.0,Low
4813,Employee 4813,40,9.0,0,64.0,46,5.0,9.0,7.0,Low
4814,Employee 4814,43,5.0,0,95.0,35,6.0,4.0,5.0,Low
4815,Employee 4815,45,6.0,1,61.0,43,5.0,7.0,5.0,Low
4816,Employee 4816,50,6.0,1,94.0,49,6.0,8.0,6.0,Low
4817,Employee 4817,26,7.0,0,58.0,31,7.0,3.0,9.0,Low
4818,Employee 4818,24,7.0,1,80.0,34,7.0,3.0,5.0,Low
4819,Employee 4819,28,7.0,1,94.0,31,8.0,8.0,7.0,Low
4820,Employee 4820,59,9.0,0,96.0,36,9.0,7.0,7.0,Low
4821,Employee 4821,31,9.0,2,77.0,31,9.0,9.0,7.0,Low
4822,Employee 4822,42,8.0,0,80.0,31,7.0,2.0,7.0,Low
4823,Employee 4823,47,6.0,0,81.0,31,7.0,7.0,6.0,Low
4824,Employee 4824,37,7.0,1,68.0,42,8.0,5.0,9.0,Low
4825,Employee 4825,51,5.0,2,58.0,49,7.0,8.0,7.0,Low
4826,Employee 4826,34,9.0,3,96.0,39,9.0,4.0,7.0,Low
4827,Employee 4827,36,6.0,0,95.0,46,5.0,5.0,5.0,Low
4828,Employee 4828,33,8.0,3,88.0,36,8.0,3.0,8.0,Low
4829,Employee 4829,33,5.0,0,71.0,47,9.0,3.0,6.0,Low
4830,Employee 4830,21,6.0,2,57.0,40,5.0,8.0,8.0,Low
4831,Employee 4831,49,6.0,3,85.0,46,6.0,4.0,8.0,Low
4832,Employee 4832,56,6.0,4,65.0,30,5.0,5.0,6.0,Low
4833,Employee 4833,57,6.0,2,68.0,49,5.0,9.0,6.0,Low
4834,Employee 4834,55,6.0,2,93.0,44,6.0,7.0,9.0,Low
4835,Employee 4835,39,5.0,2,95.0,31,5.0,7.0,8.0,Low
4836,Employee 4836,59,8.0,1,71.0,47,9.0,3.0,8.0,Low
4837,Employee 4837,49,5.0,2,55.0,44,6.0,9.0,9.0,Low
4838,Employee 4838,45,8.0,4,97.0,46,8.0,5.0,9.0,Low
4839,Employee 4839,44,9.0,2,70.0,35,6.0,9.0,5.0,Low
4840,Employee 4840,59,6.0,3,50.0,40,9.0,4.0,5.0,Low
4841,Employee 4841,49,9.0,1,78.0,35,8.0,7.0,9.0,Low
4842,Employee 4842,25,5.0,0,79.0,35,5.0,1.0,7.0,Low
4843,Employee 4843,42,9.0,4,87.0,34,7.0,8.0,6.0,Low
4844,Employee 4844,35,6.0,0,67.0,45,8.0,4.0,6.0,Low
4845,Employee 4845,42,9.0,1,84.0,46,6.0,9.0,6.0,Low
4846,Employee 4846,51,5.0,0,83.0,45,8.0,3.0,9.0,Low
4847,Employee 4847,51,9.0,4,72.0,36,6.0,3.0,5.0,Low
4848,Employee 4848,30,6.0,2,50.0,38,7.0,4.0,6.0,Low
4849,Employee 4849,51,7.0,0,52.0,41,6.0,2.0,8.0,Low
4850,Employee 4850,49,7.0,0,92.0,49,6.0,3.0,8.0,Low
4851,Employee 4851,37,5.0,0,86.0,47,7.0,5.0,6.0,Low
4852,Employee 4852,58,5.0,2,74.0,35,5.0,6.0,6.0,Low
4853,Employee 4853,52,8.0,0,58.0,39,7.0,8.0,9.0,Low
4854,Employee 4854,53,7.0,4,67.0,37,6.0,5.0,5.0,Low
4855,Employee 4855,42,7.0,1,56.0,39,5.0,6.0,9.0,Low
4856,Employee 4856,26,5.0,1,74.0,31,5.0,2.0,8.0,Low
4857,Employee 4857,58,6.0,2,99.0,40,7.0,3.0,7.0,Low
4858,Employee 4858,47,6.0,3,76.0,34,9.0,8.0,6.0,Low
4859,Employee 4859,22,5.0,2,79.0,44,5.0,8.0,9.0,Low
4860,Employee 4860,23,5.0,2,66.0,42,5.0,8.0,9.0,Low
4861,Employee 4861,45,9.0,2,65.0,37,9.0,5.0,5.0,Low
4862,Employee 4862,35,9.0,0,86.0,39,7.0,3.0,5.0,Low
4863,Employee 4863,48,8.0,0,58.0,32,8.0,4.0,5.0,Low
4864,Employee 4864,37,8.0,0,69.0,46,5.0,5.0,7.0,Low
4865,Employee 4865,56,6.0,4,94.0,41,8.0,9.0,9.0,Low
4866,Employee 4866,54,9.0,3,58.0,44,9.0,2.0,7.0,Low
4867,Employee 4867,36,6.0,0,58.0,39,7.0,1.0,9.0,Low
4868,Employee 4868,58,6.0,0,72.0,48,8.0,8.0,5.0,Low
4869,Employee 4869,36,6.0,4,72.0,47,6.0,6.0,7.0,Low
4870,Employee 4870,51,7.0,2,58.0,42,7.0,9.0,7.0,Low
4871,Employee 4871,42,9.0,0,85.0,32,7.0,5.0,7.0,Low
4872,Employee 4872,47,5.0,0,73.0,45,7.0,9.0,7.0,Low
4873,Employee 4873,44,8.0,3,93.0,40,5.0,6.0,9.0,Low
4874,Employee 4874,30,6.0,4,79.0,42,8.0,1.0,8.0,Low
4875,Employee 4875,28,5.0,4,61.0,45,5.0,3.0,6.0,Low
4876,Employee 4876,54,8.0,0,64.0,40,8.0,4.0,6.0,Low
4877,Employee 4877,40,7.0,2,60.0,45,9.0,6.0,5.0,Low
4878,Employee 4878,48,9.0,4,73.0,41,7.0,1.0,7.0,Low
4879,Employee 4879,47,6.0,3,66.0,42,6.0,1.0,5.0,Low
4880,Employee 4880,21,5.0,1,86.0,41,6.0,4.0,6.0,Low
4881,Employee 4881,57,7.0,0,64.0,45,8.0,4.0,8.0,Low
4882,Employee 4882,54,8.0,0,76.0,43,7.0,3.0,5.0,Low
4883,Employee 4883,54,8.0,1,67.0,33,5.0,6.0,7.0,Low
4884,Employee 4884,29,7.0,3,63.0,31,6.0,6.0,5.0,Low
4885,Employee 4885,51,7.0,0,85.0,40,8.0,5.0,7.0,Low
4886,Employee 4886,36,5.0,2,83.0,33,8.0,9.0,5.0,Low
4887,Employee 4887,45,7.0,3,57.0,38,5.0,8.0,6.0,Low
4888,Employee 4888,59,6.0,2,83.0,34,6.0,3.0,9.0,Low
4889,Employee 4889,53,8.0,2,64.0,41,6.0,9.0,5.0,Low
4890,Employee 4890,59,5.0,0,67.0,41,9.0,9.0,6.0,Low
4891,Employee 4891,54,7.0,4,90.0,38,6.0,7.0,8.0,Low
4892,Employee 4892,52,5.0,1,66.0,44,6.0,9.0,8.0,Low
4893,Employee 4893,39,6.0,0,76.0,45,6.0,9.0,6.0,Low
4894,Employee 4894,43,8.0,0,72.0,48,8.0,8.0,9.0,Low
4895,Employee 4895,40,7.0,4,79.0,35,5.0,6.0,7.0,Low
4896,Employee 4896,52,7.0,0,50.0,43,6.0,3.0,9.0,Low
4897,Employee 4897,28,8.0,3,77.0,36,6.0,2.0,9.0,Low
4898,Employee 4898,45,9.0,0,99.0,49,7.0,4.0,7.0,Low
4899,Employee 4899,28,8.0,0,52.0,38,9.0,6.0,9.0,Low
4900,Employee 4900,59,9.0,3,93.0,32,7.0,9.0,8.0,Low
4901,Employee 4901,48,7.0,2,79.0,44,9.0,1.0,6.0,Low
4902,Employee 4902,54,7.0,3,54.0,36,9.0,8.0,6.0,Low
4903,Employee 4903,55,9.0,2,60.0,41,6.0,2.0,8.0,Low
4904,Employee 4904,44,7.0,3,79.0,31,7.0,6.0,8.0,Low
4905,Employee 4905,33,5.0,4,64.0,42,8.0,4.0,5.0,Low
4906,Employee 4906,27,9.0,3,77.0,33,5.0,3.0,8.0,Low
4907,Employee 4907,21,6.0,4,92.0,33,7.0,8.0,8.0,Low
4908,Employee 4908,36,8.0,3,61.0,31,5.0,5.0,8.0,Low
4909,Employee 4909,50,6.0,2,59.0,35,8.0,8.0,6.0,Low
4910,Employee 4910,51,9.0,2,86.0,36,8.0,6.0,8.0,Low
4911,Employee 4911,20,5.0,4,95.0,39,5.0,8.0,9.0,Low
4912,Employee 4912,47,5.0,3,51.0,33,7.0,7.0,5.0,Low
4913,Employee 4913,41,8.0,3,59.0,46,9.0,3.0,8.0,Low
4914,Employee 4914,21,9.0,1,54.0,30,9.0,3.0,7.0,Low
4915,Employee 4915,26,5.0,3,54.0,49,9.0,4.0,8.0,Low
4916,Employee 4916,38,6.0,4,69.0,31,6.0,7.0,9.0,Low
4917,Employee 4917,54,9.0,4,75.0,30,6.0,3.0,7.0,Low
4918,Employee 4918,59,5.0,2,80.0,42,9.0,9.0,5.0,Low
4919,Employee 4919,48,9.0,2,64.0,32,6.0,4.0,9.0,Low
4920,Employee 4920,49,6.0,2,71.0,44,8.0,6.0,5.0,Low
4921,Employee 4921,53,6.0,2,93.0,49,5.0,7.0,6.0,Low
4922,Employee 4922,26,5.0,3,85.0,43,6.0,8.0,9.0,Low
4923,Employee 4923,47,9.0,2,77.0,43,6.0,6.0,7.0,Low
4924,Employee 4924,31,5.0,1,96.0,48,6.0,9.0,6.0,Low
4925,Employee 4925,26,5.0,4,81.0,46,5.0,7.0,6.0,Low
4926,Employee 4926,56,9.0,2,90.0,47,5.0,6.0,8.0,Low
4927,Employee 4927,54,6.0,2,94.0,39,6.0,7.0,9.0,Low
4928,Employee 4928,59,7.0,4,77.0,36,5.0,9.0,9.0,Low
4929,Employee 4929,52,5.0,0,76.0,32,5.0,6.0,7.0,Low
4930,Employee 4930,42,5.0,2,70.0,40,9.0,4.0,8.0,Low
4931,Employee 4931,43,5.0,0,52.0,40,6.0,6.0,6.0,Low
4932,Employee 4932,40,5.0,0,81.0,48,7.0,4.0,9.0,Low
4933,Employee 4933,58,7.0,3,52.0,36,9.0,5.0,5.0,Low
4934,Employee 4934,25,8.0,4,62.0,36,8.0,5.0,7.0,Low
4935,Employee 4935,43,6.0,2,71.0,38,9.0,4.0,6.0,Low
4936,Employee 4936,45,9.0,1,59.0,42,9.0,7.0,7.0,Low
4937,Employee 4937,32,5.0,2,68.0,36,6.0,7.0,9.0,Low
4938,Employee 4938,45,6.0,1,60.0,46,7.0,6.0,9.0,Low
4939,Employee 4939,59,7.0,2,67.0,38,6.0,8.0,6.0,Low
4940,Employee 4940,56,5.0,1,59.0,43,6.0,3.0,7.0,Low
4941,Employee 4941,34,7.0,2,86.0,35,7.0,4.0,7.0,Low
4942,Employee 4942,29,8.0,1,86.0,39,9.0,3.0,9.0,Low
4943,Employee 4943,43,7.0,4,69.0,35,5.0,4.0,7.0,Low
4944,Employee 4944,41,9.0,3,72.0,32,6.0,7.0,6.0,Low
4945,Employee 4945,26,9.0,3,79.0,49,6.0,7.0,9.0,Low
4946,Employee 4946,40,7.0,3,81.0,46,8.0,1.0,6.0,Low
4947,Employee 4947,51,6.0,3,92.0,45,5.0,7.0,9.0,Low
4948,Employee 4948,46,7.0,3,74.0,47,9.0,3.0,9.0,Low
4949,Employee 4949,27,5.0,2,91.0,35,7.0,8.0,6.0,Low
4950,Employee 4950,51,8.0,4,93.0,36,9.0,8.0,5.0,Low
4951,Employee 4951,50,8.0,2,79.0,48,8.0,2.0,5.0,Low
4952,Employee 4952,25,5.0,3,71.0,40,8.0,8.0,8.0,Low
4953,Employee 4953,46,9.0,3,95.0,47,5.0,9.0,8.0,Low
4954,Employee 4954,56,9.0,3,75.0,41,9.0,4.0,8.0,Low
4955,Employee 4955,36,6.0,2,94.0,47,8.0,4.0,7.0,Low
4956,Employee 4956,38,6.0,0,58.0,39,5.0,2.0,5.0,Low
4957,Employee 4957,41,5.0,0,64.0,32,6.0,1.0,5.0,Low
4958,Employee 4958,41,9.0,3,65.0,45,7.0,5.0,9.0,Low
4959,Employee 4959,26,6.0,4,59.0,32,6.0,9.0,9.0,Low
4960,Employee 4960,51,9.0,3,70.0,47,9.0,7.0,7.0,Low
4961,Employee 4961,22,7.0,4,81.0,42,5.0,6.0,8.0,Low
4962,Employee 4962,48,5.0,3,72.0,39,8.0,8.0,9.0,Low
4963,Employee 4963,30,6.0,0,73.0,38,7.0,6.0,7.0,Low
4964,Employee 4964,47,5.0,2,80.0,43,7.0,3.0,8.0,Low
4965,Employee 4965,33,8.0,2,69.0,44,9.0,1.0,9.0,Low
4966,Employee 4966,54,6.0,2,69.0,44,8.0,1.0,8.0,Low
4967,Employee 4967,33,5.0,0,65.0,44,7.0,4.0,8.0,Low
4968,Employee 4968,31,9.0,4,50.0,42,8.0,3.0,8.0,Low
4969,Employee 4969,55,9.0,4,91.0,42,7.0,8.0,7.0,Low
4970,Employee 4970,43,6.0,2,77.0,33,8.0,3.0,9.0,Low
4971,Employee 4971,46,7.0,4,95.0,32,6.0,6.0,6.0,Low
4972,Employee 4972,53,9.0,0,98.0,43,5.0,3.0,7.0,Low
4973,Employee 4973,23,5.0,2,85.0,31,7.0,5.0,6.0,Low
4974,Employee 4974,53,9.0,0,61.0,30,6.0,1.0,5.0,Low
4975,Employee 4975,40,7.0,1,60.0,48,6.0,1.0,5.0,Low
4976,Employee 4976,41,9.0,3,73.0,44,7.0,2.0,7.0,Low
4977,Employee 4977,27,7.0,2,81.0,31,6.0,5.0,8.0,Low
4978,Employee 4978,48,6.0,2,87.0,42,7.0,7.0,9.0,Low
4979,Employee 4979,56,6.0,1,99.0,39,7.0,2.0,7.0,Low
4980,Employee 4980,32,5.0,2,79.0,33,5.0,4.0,8.0,Low
4981,Employee 4981,42,6.0,0,52.0,42,6.0,9.0,8.0,Low
4982,Employee 4982,54,7.0,3,83.0,31,6.0,9.0,5.0,Low
4983,Employee 4983,46,9.0,2,65.0,31,6.0,5.0,6.0,Low
4984,Employee 4984,31,6.0,0,74.0,30,5.0,9.0,8.0,Low
4985,Employee 4985,55,9.0,1,56.0,46,7.0,5.0,7.0,Low
4986,Employee 4986,31,7.0,2,90.0,32,8.0,6.0,5.0,Low
4987,Employee 4987,57,6.0,4,99.0,39,5.0,7.0,7.0,Low
4988,Employee 4988,23,6.0,4,72.0,35,8.0,9.0,9.0,Low
4989,Employee 4989,48,6.0,0,51.0,47,5.0,7.0,7.0,Low
4990,Employee 4990,39,9.0,1,55.0,33,9.0,6.0,7.0,Low
4991,Employee 4991,40,8.0,3,88.0,46,5.0,9.0,9.0,Low
4992,Employee 4992,41,5.0,0,95.0,44,6.0,3.0,7.0,Low
4993,Employee 4993,47,7.0,3,60.0,37,9.0,2.0,6.0,Low
4994,Employee 4994,39,6.0,2,72.0,34,6.0,4.0,9.0,Low
4995,Employee 4995,34,8.0,1,80.0,36,7.0,7.0,6.0,Low
4996,Employee 4996,55,9.0,0,50.0,36,6.0,6.0,5.0,Low
4997,Employee 4997,40,6.0,4,59.0,47,7.0,9.0,8.0,Low
4998,Employee 4998,46,6.0,0,85.0,30,8.0,2.0,8.0,Low
4999,Employee 4999,33,5.0,4,58.0,47,8.0,7.0,5.0,Low
5000,Employee 5000,33,8.0,3,64.0,49,7.0,9.0,9.0,Low
5001,Employee 5001,54,8.0,2,99.0,37,5.0,1.0,9.0,Low
5002,Employee 5002,52,7.0,4,97.0,38,8.0,6.0,8.0,Low
5003,Employee 5003,31,9.0,2,87.0,45,5.0,1.0,8.0,Low
5004,Employee 5004,46,8.0,3,67.0,41,9.0,4.0,9.0,Low
5005,Employee 5005,34,6.0,4,50.0,45,7.0,9.0,6.0,Low
5006,Employee 5006,33,9.0,4,55.0,42,6.0,5.0,5.0,Low
5007,Employee 5007,32,9.0,2,57.0,35,8.0,8.0,8.0,Low
5008,Employee 5008,54,6.0,3,63.0,44,5.0,2.0,9.0,Low
5009,Employee 5009,54,6.0,3,87.0,48,9.0,3.0,8.0,Low
5010,Employee 5010,28,6.0,1,77.0,43,7.0,5.0,6.0,Low
5011,Employee 5011,45,7.0,1,88.0,36,7.0,1.0,7.0,Low
5012,Employee 5012,57,7.0,2,63.0,40,7.0,3.0,7.0,Low
5013,Employee 5013,40,8.0,2,53.0,36,9.0,7.0,8.0,Low
5014,Employee 5014,57,9.0,0,84.0,46,9.0,8.0,8.0,Low
5015,Employee 5015,35,7.0,3,79.0,43,5.0,8.0,5.0,Low
5016,Employee 5016,41,9.0,4,92.0,42,7.0,9.0,6.0,Low
5017,Employee 5017,55,8.0,1,83.0,33,5.0,1.0,7.0,Low
5018,Employee 5018,47,8.0,3,79.0,33,7.0,6.0,8.0,Low
5019,Employee 5019,50,7.0,4,73.0,44,7.0,2.0,5.0,Low
5020,Employee 5020,37,5.0,4,58.0,39,9.0,4.0,9.0,Low
5021,Employee 5021,33,9.0,1,52.0,49,9.0,3.0,9.0,Low
5022,Employee 5022,20,9.0,3,92.0,48,5.0,9.0,8.0,Low
5023,Employee 5023,58,5.0,2,57.0,47,9.0,2.0,6.0,Low
5024,Employee 5024,53,9.0,0,62.0,36,9.0,8.0,9.0,Low
5025,Employee 5025,24,8.0,1,53.0,49,7.0,5.0,6.0,Low
5026,Employee 5026,21,6.0,2,68.0,46,7.0,4.0,9.0,Low
5027,Employee 5027,37,9.0,4,68.0,43,9.0,3.0,6.0,Low
5028,Employee 5028,22,7.0,0,67.0,43,8.0,7.0,8.0,Low
5029,Employee 5029,33,8.0,0,51.0,42,8.0,5.0,7.0,Low
5030,Employee 5030,57,7.0,0,83.0,45,6.0,1.0,7.0,Low
5031,Employee 5031,43,7.0,2,97.0,44,5.0,8.0,7.0,Low
5032,Employee 5032,59,6.0,4,62.0,40,7.0,8.0,5.0,Low
5033,Employee 5033,28,8.0,2,66.0,43,9.0,5.0,5.0,Low
5034,Employee 5034,33,6.0,3,68.0,42,6.0,3.0,5.0,Low
5035,Employee 5035,43,7.0,4,93.0,40,8.0,7.0,5.0,Low
5036,Employee 5036,59,6.0,4,95.0,41,5.0,5.0,9.0,Low
5037,Employee 5037,43,8.0,2,57.0,35,7.0,3.0,9.0,Low
5038,Employee 5038,45,9.0,2,72.0,49,8.0,1.0,5.0,Low
5039,Employee 5039,35,7.0,3,60.0,42,5.0,8.0,5.0,Low
5040,Employee 5040,20,5.0,3,97.0,34,8.0,5.0,7.0,Low
5041,Employee 5041,47,5.0,2,88.0,36,7.0,4.0,8.0,Low
5042,Employee 5042,24,7.0,4,93.0,37,8.0,8.0,9.0,Low
5043,Employee 5043,59,5.0,0,66.0,46,6.0,3.0,9.0,Low
5044,Employee 5044,56,6.0,1,55.0,40,7.0,2.0,5.0,Low
5045,Employee 5045,56,8.0,2,83.0,32,7.0,4.0,9.0,Low
5046,Employee 5046,24,7.0,2,83.0,35,8.0,5.0,8.0,Low
5047,Employee 5047,23,6.0,1,83.0,31,5.0,7.0,5.0,Low
5048,Employee 5048,42,5.0,4,64.0,47,5.0,7.0,6.0,Low
5049,Employee 5049,35,9.0,2,76.0,47,6.0,6.0,6.0,Low
5050,Employee 5050,50,9.0,4,91.0,46,7.0,6.0,9.0,Low
5051,Employee 5051,27,7.0,4,71.0,43,5.0,6.0,8.0,Low
5052,Employee 5052,31,6.0,3,75.0,36,5.0,5.0,6.0,Low
5053,Employee 5053,26,8.0,0,77.0,32,9.0,3.0,5.0,Low
5054,Employee 5054,54,9.0,0,96.0,40,9.0,4.0,8.0,Low
5055,Employee 5055,59,8.0,3,65.0,34,5.0,1.0,6.0,Low
5056,Employee 5056,20,8.0,4,64.0,44,9.0,6.0,8.0,Low
5057,Employee 5057,54,6.0,2,68.0,33,6.0,3.0,9.0,Low
5058,Employee 5058,35,7.0,0,87.0,39,9.0,3.0,5.0,Low
5059,Employee 5059,54,9.0,2,72.0,41,8.0,2.0,9.0,Low
5060,Employee 5060,34,9.0,3,64.0,41,7.0,6.0,5.0,Low
5061,Employee 5061,44,8.0,0,53.0,37,9.0,1.0,9.0,Low
5062,Employee 5062,31,8.0,1,95.0,34,8.0,7.0,6.0,Low
5063,Employee 5063,21,7.0,2,62.0,39,5.0,3.0,9.0,Low
5064,Employee 5064,35,7.0,0,79.0,31,5.0,1.0,7.0,Low
5065,Employee 5065,33,6.0,4,58.0,37,9.0,3.0,7.0,Low
5066,Employee 5066,54,5.0,0,91.0,33,6.0,3.0,8.0,Low
5067,Employee 5067,49,9.0,0,74.0,45,7.0,7.0,5.0,Low
5068,Employee 5068,54,8.0,4,60.0,42,6.0,5.0,6.0,Low
5069,Employee 5069,48,7.0,1,76.0,47,6.0,8.0,8.0,Low
5070,Employee 5070,47,8.0,1,94.0,49,8.0,6.0,8.0,Low
5071,Employee 5071,22,6.0,1,58.0,41,9.0,5.0,5.0,Low
5072,Employee 5072,41,8.0,2,89.0,47,9.0,1.0,5.0,Low
5073,Employee 5073,40,6.0,2,93.0,37,5.0,3.0,5.0,Low
5074,Employee 5074,21,6.0,4,67.0,41,5.0,7.0,5.0,Low
5075,Employee 5075,22,8.0,4,58.0,39,8.0,8.0,6.0,Low
5076,Employee 5076,55,9.0,0,89.0,45,9.0,8.0,7.0,Low
5077,Employee 5077,59,9.0,0,88.0,49,8.0,8.0,6.0,Low
5078,Employee 5078,47,5.0,2,50.0,39,7.0,6.0,9.0,Low
5079,Employee 5079,55,6.0,3,98.0,32,8.0,4.0,7.0,Low
5080,Employee 5080,54,8.0,3,96.0,34,7.0,1.0,8.0,Low
5081,Employee 5081,30,6.0,1,88.0,34,8.0,5.0,9.0,Low
5082,Employee 5082,39,9.0,1,57.0,32,6.0,1.0,8.0,Low
5083,Employee 5083,44,6.0,3,97.0,31,5.0,2.0,6.0,Low
5084,Employee 5084,56,7.0,3,74.0,34,9.0,7.0,5.0,Low
5085,Employee 5085,40,6.0,0,83.0,49,7.0,9.0,8.0,Low
5086,Employee 5086,27,7.0,1,57.0,30,6.0,1.0,7.0,Low
5087,Employee 5087,35,9.0,2,74.0,49,8.0,3.0,6.0,Low
5088,Employee 5088,28,8.0,1,66.0,37,9.0,7.0,7.0,Low
5089,Employee 5089,31,5.0,1,59.0,42,5.0,7.0,6.0,Low
5090,Employee 5090,24,5.0,2,94.0,30,6.0,9.0,9.0,Low
5091,Employee 5091,53,9.0,3,72.0,34,6.0,7.0,5.0,Low
5092,Employee 5092,41,8.0,2,87.0,36,8.0,8.0,8.0,Low
5093,Employee 5093,44,7.0,0,52.0,30,9.0,3.0,8.0,Low
5094,Employee 5094,58,6.0,1,52.0,35,5.0,2.0,5.0,Low
5095,Employee 5095,51,8.0,2,80.0,38,9.0,9.0,5.0,Low
5096,Employee 5096,57,5.0,4,82.0,38,9.0,4.0,9.0,Low
5097,Employee 5097,42,6.0,1,77.0,30,6.0,6.0,9.0,Low
5098,Employee 5098,30,9.0,4,96.0,36,5.0,4.0,9.0,Low
5099,Employee 5099,29,9.0,1,82.0,30,7.0,3.0,8.0,Low
5100,Employee 5100,51,8.0,1,75.0,34,7.0,9.0,6.0,Low
5101,Employee 5101,20,8.0,0,97.0,41,5.0,4.0,8.0,Low
5102,Employee 5102,58,8.0,3,96.0,46,9.0,8.0,9.0,Low
5103,Employee 5103,55,5.0,0,86.0,49,7.0,6.0,9.0,Low
5104,Employee 5104,48,6.0,3,76.0,41,5.0,1.0,5.0,Low
5105,Employee 5105,51,9.0,4,51.0,32,5.0,1.0,5.0,Low
5106,Employee 5106,20,6.0,4,63.0,38,9.0,1.0,6.0,Low
5107,Employee 5107,22,6.0,2,87.0,45,9.0,6.0,8.0,Low
5108,Employee 5108,55,5.0,2,57.0,39,9.0,6.0,6.0,Low
5109,Employee 5109,28,7.0,0,85.0,31,8.0,5.0,9.0,Low
5110,Employee 5110,22,6.0,0,70.0,44,8.0,6.0,7.0,Low
5111,Employee 5111,43,8.0,3,50.0,46,7.0,6.0,7.0,Low
5112,Employee 5112,25,6.0,0,56.0,36,8.0,8.0,8.0,Low
5113,Employee 5113,27,8.0,1,58.0,46,9.0,1.0,8.0,Low
5114,Employee 5114,58,7.0,4,78.0,33,7.0,3.0,5.0,Low
5115,Employee 5115,38,6.0,4,85.0,32,9.0,2.0,7.0,Low
5116,Employee 5116,35,7.0,1,88.0,45,7.0,6.0,6.0,Low
5117,Employee 5117,44,8.0,0,88.0,33,8.0,1.0,9.0,Low
5118,Employee 5118,27,8.0,1,82.0,30,8.0,9.0,5.0,Low
5119,Employee 5119,54,9.0,3,84.0,41,8.0,6.0,9.0,Low
5120,Employee 5120,46,8.0,4,83.0,31,6.0,1.0,9.0,Low
5121,Employee 5121,21,8.0,3,82.0,47,8.0,7.0,8.0,Low
5122,Employee 5122,29,8.0,0,65.0,43,9.0,5.0,8.0,Low
5123,Employee 5123,37,8.0,1,73.0,46,7.0,4.0,5.0,Low
5124,Employee 5124,25,5.0,4,69.0,43,5.0,7.0,6.0,Low
5125,Employee 5125,54,9.0,4,88.0,34,8.0,8.0,8.0,Low
5126,Employee 5126,55,6.0,2,89.0,38,8.0,6.0,7.0,Low
5127,Employee 5127,20,9.0,4,95.0,46,9.0,9.0,7.0,Low
5128,Employee 5128,55,6.0,3,96.0,35,8.0,8.0,7.0,Low
5129,Employee 5129,26,6.0,1,76.0,46,7.0,5.0,7.0,Low
5130,Employee 5130,22,7.0,0,97.0,30,5.0,8.0,8.0,Low
5131,Employee 5131,58,7.0,0,53.0,34,7.0,7.0,8.0,Low
5132,Employee 5132,28,9.0,2,64.0,47,6.0,1.0,8.0,Low
5133,Employee 5133,37,8.0,2,80.0,43,7.0,5.0,7.0,Low
5134,Employee 5134,45,6.0,0,92.0,30,9.0,3.0,7.0,Low
5135,Employee 5135,43,9.0,3,77.0,45,7.0,4.0,7.0,Low
5136,Employee 5136,32,6.0,3,84.0,42,7.0,1.0,8.0,Low
5137,Employee 5137,20,6.0,0,52.0,36,8.0,6.0,7.0,Low
5138,Employee 5138,41,7.0,3,93.0,34,8.0,3.0,6.0,Low
5139,Employee 5139,32,9.0,2,57.0,31,5.0,7.0,7.0,Low
5140,Employee 5140,57,9.0,0,94.0,41,6.0,1.0,5.0,Low
5141,Employee 5141,56,6.0,3,96.0,36,9.0,6.0,6.0,Low
5142,Employee 5142,39,5.0,2,61.0,30,6.0,8.0,9.0,Low
5143,Employee 5143,40,5.0,3,88.0,38,8.0,2.0,9.0,Low
5144,Employee 5144,28,9.0,2,80.0,47,5.0,3.0,6.0,Low
5145,Employee 5145,40,8.0,0,77.0,40,7.0,8.0,7.0,Low
5146,Employee 5146,42,6.0,2,97.0,44,6.0,3.0,6.0,Low
5147,Employee 5147,32,7.0,2,85.0,49,9.0,3.0,5.0,Low
5148,Employee 5148,47,5.0,4,93.0,41,8.0,2.0,6.0,Low
5149,Employee 5149,45,6.0,2,60.0,44,9.0,7.0,8.0,Low
5150,Employee 5150,43,6.0,2,50.0,47,5.0,2.0,6.0,Low
5151,Employee 5151,52,5.0,0,92.0,34,5.0,1.0,8.0,Low
5152,Employee 5152,32,5.0,1,77.0,47,8.0,6.0,5.0,Low
5153,Employee 5153,44,9.0,3,60.0,30,6.0,9.0,5.0,Low
5154,Employee 5154,45,8.0,0,74.0,49,5.0,3.0,5.0,Low
5155,Employee 5155,52,5.0,0,81.0,35,6.0,8.0,6.0,Low
5156,Employee 5156,28,7.0,3,85.0,34,5.0,7.0,8.0,Low
5157,Employee 5157,56,5.0,3,57.0,35,5.0,7.0,9.0,Low
5158,Employee 5158,26,9.0,3,92.0,44,6.0,3.0,7.0,Low
5159,Employee 5159,27,9.0,4,87.0,34,5.0,9.0,8.0,Low
5160,Employee 5160,56,5.0,1,66.0,47,7.0,3.0,6.0,Low
5161,Employee 5161,52,7.0,3,90.0,40,5.0,7.0,7.0,Low
5162,Employee 5162,23,5.0,2,64.0,41,8.0,6.0,7.0,Low
5163,Employee 5163,23,6.0,4,95.0,49,7.0,2.0,8.0,Low
5164,Employee 5164,42,6.0,2,98.0,33,5.0,4.0,7.0,Low
5165,Employee 5165,21,9.0,2,70.0,45,7.0,3.0,7.0,Low
5166,Employee 5166,28,9.0,4,77.0,47,7.0,3.0,9.0,Low
5167,Employee 5167,25,9.0,0,78.0,34,9.0,2.0,7.0,Low
5168,Employee 5168,36,5.0,1,65.0,35,5.0,9.0,5.0,Low
5169,Employee 5169,59,7.0,1,58.0,39,5.0,1.0,8.0,Low
5170,Employee 5170,35,8.0,4,92.0,38,6.0,2.0,7.0,Low
5171,Employee 5171,32,5.0,3,83.0,33,9.0,6.0,6.0,Low
5172,Employee 5172,57,6.0,3,59.0,40,7.0,8.0,5.0,Low
5173,Employee 5173,22,6.0,0,96.0,47,6.0,4.0,7.0,Low
5174,Employee 5174,44,8.0,0,69.0,46,6.0,1.0,8.0,Low
5175,Employee 5175,32,9.0,4,67.0,41,9.0,3.0,5.0,Low
5176,Employee 5176,34,7.0,3,63.0,38,6.0,8.0,9.0,Low
5177,Employee 5177,34,5.0,0,82.0,40,8.0,4.0,6.0,Low
5178,Employee 5178,31,5.0,4,87.0,39,8.0,4.0,7.0,Low
5179,Employee 5179,22,8.0,3,52.0,36,5.0,9.0,9.0,Low
5180,Employee 5180,24,7.0,3,84.0,36,6.0,2.0,9.0,Low
5181,Employee 5181,59,5.0,2,83.0,39,9.0,6.0,8.0,Low
5182,Employee 5182,30,8.0,1,79.0,35,5.0,3.0,7.0,Low
5183,Employee 5183,53,5.0,1,67.0,42,9.0,9.0,9.0,Low
5184,Employee 5184,48,9.0,1,63.0,41,8.0,1.0,7.0,Low
5185,Employee 5185,40,7.0,4,63.0,46,7.0,1.0,5.0,Low
5186,Employee 5186,50,7.0,4,68.0,34,9.0,3.0,8.0,Low
5187,Employee 5187,23,5.0,4,70.0,42,9.0,7.0,8.0,Low
5188,Employee 5188,36,8.0,4,90.0,32,6.0,7.0,6.0,Low
5189,Employee 5189,47,5.0,2,92.0,32,9.0,6.0,6.0,Low
5190,Employee 5190,48,8.0,1,60.0,32,7.0,9.0,5.0,Low
5191,Employee 5191,36,8.0,2,72.0,46,5.0,8.0,7.0,Low
5192,Employee 5192,49,5.0,4,77.0,44,9.0,9.0,6.0,Low
5193,Employee 5193,24,8.0,0,59.0,41,5.0,3.0,9.0,Low
5194,Employee 5194,21,7.0,0,98.0,40,9.0,5.0,8.0,Low
5195,Employee 5195,27,9.0,2,72.0,36,5.0,2.0,5.0,Low
5196,Employee 5196,21,9.0,0,58.0,44,7.0,4.0,5.0,Low
5197,Employee 5197,20,8.0,4,54.0,33,5.0,5.0,6.0,Low
5198,Employee 5198,46,8.0,1,78.0,42,8.0,8.0,8.0,Low
5199,Employee 5199,40,6.0,2,91.0,40,9.0,6.0,8.0,Low
5200,Employee 5200,28,8.0,4,65.0,35,7.0,1.0,8.0,Low
5201,Employee 5201,51,5.0,0,69.0,41,7.0,7.0,8.0,Low
5202,Employee 5202,27,6.0,4,60.0,42,7.0,4.0,7.0,Low
5203,Employee 5203,46,7.0,4,85.0,42,7.0,2.0,6.0,Low
5204,Employee 5204,56,6.0,1,58.0,38,5.0,2.0,8.0,Low
5205,Employee 5205,41,8.0,1,65.0,47,9.0,9.0,8.0,Low
5206,Employee 5206,42,9.0,0,61.0,35,5.0,8.0,8.0,Low
5207,Employee 5207,39,6.0,0,60.0,42,7.0,5.0,7.0,Low
5208,Employee 5208,40,6.0,3,99.0,43,8.0,4.0,5.0,Low
5209,Employee 5209,32,7.0,2,50.0,48,9.0,8.0,6.0,Low
5210,Employee 5210,57,9.0,1,56.0,40,7.0,7.0,8.0,Low
5211,Employee 5211,33,7.0,1,60.0,49,6.0,8.0,5.0,Low
5212,Employee 5212,43,5.0,4,68.0,32,8.0,7.0,5.0,Low
5213,Employee 5213,21,8.0,3,74.0,40,9.0,9.0,6.0,Low
5214,Employee 5214,50,5.0,4,51.0,41,8.0,2.0,9.0,Low
5215,Employee 5215,59,8.0,2,87.0,42,7.0,9.0,6.0,Low
5216,Employee 5216,51,7.0,3,89.0,30,9.0,1.0,6.0,Low
5217,Employee 5217,46,5.0,2,76.0,39,7.0,6.0,8.0,Low
5218,Employee 5218,56,9.0,1,55.0,30,6.0,7.0,9.0,Low
5219,Employee 5219,48,7.0,1,96.0,49,9.0,9.0,9.0,Low
5220,Employee 5220,21,6.0,3,90.0,44,7.0,4.0,7.0,Low
5221,Employee 5221,53,7.0,0,56.0,37,9.0,9.0,6.0,Low
5222,Employee 5222,41,7.0,2,70.0,40,5.0,2.0,6.0,Low
5223,Employee 5223,39,5.0,1,59.0,34,8.0,1.0,6.0,Low
5224,Employee 5224,37,6.0,2,53.0,33,8.0,3.0,5.0,Low
5225,Employee 5225,36,7.0,3,65.0,41,7.0,2.0,8.0,Low
5226,Employee 5226,48,7.0,2,53.0,33,9.0,8.0,8.0,Low
5227,Employee 5227,28,9.0,2,74.0,43,5.0,2.0,7.0,Low
5228,Employee 5228,54,8.0,2,53.0,36,5.0,2.0,6.0,Low
5229,Employee 5229,22,6.0,3,86.0,30,6.0,3.0,8.0,Low
5230,Employee 5230,54,6.0,1,99.0,37,7.0,6.0,8.0,Low
5231,Employee 5231,28,6.0,4,80.0,34,9.0,8.0,8.0,Low
5232,Employee 5232,36,6.0,1,80.0,43,8.0,6.0,5.0,Low
5233,Employee 5233,38,9.0,2,84.0,33,6.0,8.0,9.0,Low
5234,Employee 5234,36,5.0,0,53.0,33,7.0,2.0,8.0,Low
5235,Employee 5235,54,9.0,1,95.0,39,6.0,6.0,6.0,Low
5236,Employee 5236,55,5.0,0,75.0,42,9.0,6.0,8.0,Low
5237,Employee 5237,25,9.0,1,99.0,44,9.0,1.0,7.0,Low
5238,Employee 5238,50,6.0,4,67.0,46,7.0,6.0,7.0,Low
5239,Employee 5239,44,5.0,4,52.0,30,8.0,6.0,7.0,Low
5240,Employee 5240,57,6.0,0,73.0,36,7.0,4.0,6.0,Low
5241,Employee 5241,27,6.0,2,90.0,34,9.0,9.0,6.0,Low
5242,Employee 5242,54,8.0,0,59.0,46,8.0,7.0,7.0,Low
5243,Employee 5243,39,6.0,4,58.0,45,7.0,5.0,5.0,Low
5244,Employee 5244,31,6.0,1,97.0,31,9.0,1.0,6.0,Low
5245,Employee 5245,46,7.0,2,88.0,41,8.0,9.0,9.0,Low
5246,Employee 5246,39,6.0,4,53.0,38,5.0,6.0,5.0,Low
5247,Employee 5247,52,8.0,4,86.0,33,6.0,8.0,9.0,Low
5248,Employee 5248,49,5.0,4,84.0,45,9.0,8.0,9.0,Low
5249,Employee 5249,43,7.0,3,79.0,46,5.0,6.0,8.0,Low
5250,Employee 5250,41,7.0,1,50.0,47,6.0,7.0,8.0,Low
5251,Employee 5251,25,6.0,2,55.0,42,6.0,1.0,5.0,Low
5252,Employee 5252,48,8.0,0,52.0,36,6.0,1.0,8.0,Low
5253,Employee 5253,32,6.0,1,96.0,38,6.0,2.0,8.0,Low
5254,Employee 5254,44,8.0,3,67.0,42,9.0,9.0,6.0,Low
5255,Employee 5255,52,8.0,2,59.0,33,9.0,8.0,8.0,Low
5256,Employee 5256,42,9.0,2,65.0,46,5.0,8.0,8.0,Low
5257,Employee 5257,58,7.0,0,58.0,30,8.0,4.0,9.0,Low
5258,Employee 5258,54,5.0,3,74.0,33,6.0,5.0,8.0,Low
5259,Employee 5259,35,6.0,4,87.0,37,7.0,2.0,7.0,Low
5260,Employee 5260,37,6.0,1,61.0,37,7.0,1.0,9.0,Low
5261,Employee 5261,55,7.0,0,73.0,35,5.0,6.0,7.0,Low
5262,Employee 5262,48,9.0,3,55.0,39,6.0,1.0,5.0,Low
5263,Employee 5263,55,8.0,0,85.0,34,6.0,7.0,9.0,Low
5264,Employee 5264,41,6.0,2,98.0,36,5.0,9.0,8.0,Low
5265,Employee 5265,47,6.0,1,95.0,36,6.0,1.0,8.0,Low
5266,Employee 5266,40,5.0,1,55.0,45,5.0,8.0,8.0,Low
5267,Employee 5267,47,7.0,3,61.0,41,7.0,4.0,5.0,Low
5268,Employee 5268,23,7.0,2,98.0,49,5.0,2.0,8.0,Low
5269,Employee 5269,50,8.0,1,58.0,35,8.0,7.0,9.0,Low
5270,Employee 5270,34,9.0,1,91.0,45,8.0,7.0,5.0,Low
5271,Employee 5271,58,8.0,1,56.0,42,5.0,7.0,6.0,Low
5272,Employee 5272,35,9.0,3,78.0,48,6.0,8.0,5.0,Low
5273,Employee 5273,31,6.0,3,99.0,49,8.0,4.0,9.0,Low
5274,Employee 5274,45,7.0,4,51.0,33,8.0,6.0,7.0,Low
5275,Employee 5275,42,7.0,3,54.0,31,7.0,3.0,6.0,Low
5276,Employee 5276,48,9.0,3,75.0,49,8.0,7.0,7.0,Low
5277,Employee 5277,40,5.0,1,96.0,33,5.0,6.0,8.0,Low
5278,Employee 5278,32,6.0,2,97.0,44,9.0,3.0,5.0,Low
5279,Employee 5279,45,6.0,2,57.0,42,7.0,1.0,9.0,Low
5280,Employee 5280,41,8.0,4,92.0,37,5.0,5.0,9.0,Low
5281,Employee 5281,42,6.0,4,59.0,44,8.0,8.0,6.0,Low
5282,Employee 5282,44,5.0,2,85.0,35,7.0,9.0,8.0,Low
5283,Employee 5283,57,7.0,2,97.0,32,5.0,9.0,8.0,Low
5284,Employee 5284,29,8.0,4,50.0,46,9.0,9.0,7.0,Low
5285,Employee 5285,53,6.0,2,81.0,38,8.0,2.0,8.0,Low
5286,Employee 5286,31,9.0,3,86.0,38,6.0,4.0,9.0,Low
5287,Employee 5287,44,6.0,0,96.0,30,7.0,4.0,9.0,Low
5288,Employee 5288,54,8.0,2,66.0,39,8.0,6.0,7.0,Low
5289,Employee 5289,41,6.0,1,83.0,44,9.0,7.0,8.0,Low
5290,Employee 5290,41,8.0,0,94.0,33,5.0,1.0,8.0,Low
5291,Employee 5291,48,9.0,4,79.0,38,7.0,3.0,8.0,Low
5292,Employee 5292,57,5.0,4,58.0,39,6.0,1.0,8.0,Low
5293,Employee 5293,26,7.0,1,81.0,36,8.0,6.0,6.0,Low
5294,Employee 5294,55,8.0,3,65.0,32,9.0,7.0,7.0,Low
5295,Employee 5295,57,9.0,4,52.0,32,5.0,9.0,6.0,Low
5296,Employee 5296,45,7.0,0,55.0,44,6.0,4.0,6.0,Low
5297,Employee 5297,47,8.0,1,90.0,33,8.0,1.0,8.0,Low
5298,Employee 5298,56,9.0,0,90.0,49,8.0,6.0,8.0,Low
5299,Employee 5299,50,9.0,0,73.0,42,7.0,1.0,7.0,Low
5300,Employee 5300,51,9.0,0,95.0,46,7.0,3.0,5.0,Low
5301,Employee 5301,31,9.0,0,97.0,36,8.0,4.0,6.0,Low
5302,Employee 5302,37,9.0,4,69.0,49,5.0,9.0,8.0,Low
5303,Employee 5303,38,8.0,4,92.0,46,7.0,9.0,9.0,Low
5304,Employee 5304,40,7.0,4,61.0,37,9.0,4.0,8.0,Low
5305,Employee 5305,53,6.0,0,85.0,45,8.0,1.0,6.0,Low
5306,Employee 5306,32,7.0,3,95.0,49,5.0,7.0,6.0,Low
5307,Employee 5307,41,6.0,1,61.0,46,7.0,1.0,6.0,Low
5308,Employee 5308,49,7.0,3,93.0,33,6.0,3.0,7.0,Low
5309,Employee 5309,56,5.0,3,78.0,32,5.0,9.0,6.0,Low
5310,Employee 5310,35,9.0,1,72.0,38,8.0,6.0,6.0,Low
5311,Employee 5311,59,9.0,4,91.0,46,6.0,3.0,8.0,Low
5312,Employee 5312,54,7.0,2,72.0,30,6.0,3.0,7.0,Low
5313,Employee 5313,45,9.0,2,65.0,32,6.0,1.0,5.0,Low
5314,Employee 5314,52,6.0,2,63.0,49,7.0,4.0,9.0,Low
5315,Employee 5315,28,8.0,1,89.0,39,9.0,7.0,8.0,Low
5316,Employee 5316,21,7.0,0,84.0,31,7.0,2.0,8.0,Low
5317,Employee 5317,43,5.0,3,72.0,46,7.0,1.0,5.0,Low
5318,Employee 5318,53,8.0,0,61.0,37,9.0,3.0,6.0,Low
5319,Employee 5319,42,9.0,0,99.0,32,5.0,6.0,6.0,Low
5320,Employee 5320,36,6.0,1,63.0,40,5.0,5.0,7.0,Low
5321,Employee 5321,48,9.0,2,57.0,37,5.0,1.0,6.0,Low
5322,Employee 5322,27,6.0,0,81.0,38,9.0,7.0,6.0,Low
5323,Employee 5323,27,7.0,4,68.0,39,9.0,1.0,6.0,Low
5324,Employee 5324,24,9.0,2,54.0,41,7.0,6.0,9.0,Low
5325,Employee 5325,26,8.0,2,63.0,47,6.0,1.0,8.0,Low
5326,Employee 5326,55,9.0,1,66.0,37,7.0,3.0,7.0,Low
5327,Employee 5327,56,6.0,2,93.0,30,6.0,9.0,6.0,Low
5328,Employee 5328,27,5.0,4,64.0,31,9.0,2.0,5.0,Low
5329,Employee 5329,44,5.0,4,79.0,42,6.0,2.0,9.0,Low
5330,Employee 5330,44,8.0,2,74.0,32,8.0,8.0,6.0,Low
5331,Employee 5331,52,9.0,1,53.0,36,7.0,5.0,6.0,Low
5332,Employee 5332,48,6.0,0,94.0,30,8.0,4.0,5.0,Low
5333,Employee 5333,43,7.0,0,98.0,48,7.0,9.0,7.0,Low
5334,Employee 5334,48,8.0,1,90.0,46,7.0,3.0,7.0,Low
5335,Employee 5335,52,5.0,1,69.0,36,7.0,6.0,7.0,Low
5336,Employee 5336,37,9.0,3,90.0,42,8.0,5.0,6.0,Low
5337,Employee 5337,46,9.0,3,72.0,35,7.0,9.0,5.0,Low
5338,Employee 5338,46,9.0,3,52.0,38,8.0,9.0,8.0,Low
5339,Employee 5339,26,6.0,0,81.0,39,7.0,9.0,8.0,Low
5340,Employee 5340,56,6.0,3,73.0,36,6.0,6.0,8.0,Low
5341,Employee 5341,39,8.0,3,59.0,40,7.0,5.0,9.0,Low
5342,Employee 5342,36,8.0,0,52.0,47,8.0,4.0,6.0,Low
5343,Employee 5343,21,6.0,0,73.0,38,7.0,1.0,5.0,Low
5344,Employee 5344,50,5.0,4,58.0,36,5.0,7.0,5.0,Low
5345,Employee 5345,53,5.0,4,77.0,37,5.0,1.0,9.0,Low
5346,Employee 5346,22,9.0,2,62.0,35,6.0,8.0,5.0,Low
5347,Employee 5347,49,6.0,3,52.0,40,7.0,8.0,6.0,Low
5348,Employee 5348,25,8.0,2,94.0,47,9.0,1.0,9.0,Low
5349,Employee 5349,31,8.0,1,60.0,41,7.0,8.0,5.0,Low
5350,Employee 5350,45,7.0,1,81.0,42,9.0,1.0,7.0,Low
5351,Employee 5351,41,5.0,2,76.0,34,8.0,1.0,7.0,Low
5352,Employee 5352,20,8.0,1,94.0,46,8.0,8.0,7.0,Low
5353,Employee 5353,55,6.0,0,95.0,42,8.0,9.0,6.0,Low
5354,Employee 5354,44,7.0,4,96.0,48,7.0,1.0,7.0,Low
5355,Employee 5355,36,5.0,1,92.0,45,8.0,7.0,8.0,Low
5356,Employee 5356,46,8.0,2,69.0,44,7.0,9.0,5.0,Low
5357,Employee 5357,55,6.0,1,93.0,43,6.0,8.0,9.0,Low
5358,Employee 5358,32,8.0,4,99.0,37,6.0,2.0,9.0,Low
5359,Employee 5359,52,6.0,0,87.0,44,6.0,8.0,9.0,Low
5360,Employee 5360,22,6.0,0,98.0,38,8.0,9.0,7.0,Low
5361,Employee 5361,48,8.0,2,99.0,46,9.0,1.0,5.0,Low
5362,Employee 5362,37,7.0,0,68.0,33,5.0,6.0,7.0,Low
5363,Employee 5363,26,5.0,1,83.0,32,9.0,3.0,9.0,Low
5364,Employee 5364,58,5.0,4,65.0,48,5.0,2.0,9.0,Low
5365,Employee 5365,24,8.0,1,77.0,46,7.0,8.0,6.0,Low
5366,Employee 5366,42,5.0,1,50.0,49,5.0,2.0,6.0,Low
5367,Employee 5367,44,5.0,0,55.0,30,5.0,3.0,9.0,Low
5368,Employee 5368,28,8.0,0,81.0,43,6.0,2.0,7.0,Low
5369,Employee 5369,30,6.0,0,65.0,42,5.0,9.0,8.0,Low
5370,Employee 5370,34,6.0,0,84.0,48,7.0,9.0,9.0,Low
5371,Employee 5371,56,8.0,1,79.0,31,8.0,5.0,8.0,Low
5372,Employee 5372,32,5.0,0,88.0,44,7.0,3.0,9.0,Low
5373,Employee 5373,50,6.0,2,50.0,31,8.0,2.0,8.0,Low
5374,Employee 5374,51,6.0,0,53.0,40,8.0,6.0,5.0,Low
5375,Employee 5375,26,6.0,4,51.0,38,5.0,4.0,7.0,Low
5376,Employee 5376,44,7.0,4,70.0,37,5.0,1.0,9.0,Low
5377,Employee 5377,50,7.0,3,68.0,37,8.0,1.0,6.0,Low
5378,Employee 5378,46,6.0,0,57.0,40,6.0,4.0,9.0,Low
5379,Employee 5379,51,7.0,3,67.0,38,8.0,9.0,9.0,Low
5380,Employee 5380,48,8.0,3,71.0,39,8.0,9.0,5.0,Low
5381,Employee 5381,49,8.0,3,93.0,44,8.0,9.0,8.0,Low
5382,Employee 5382,56,8.0,3,77.0,33,5.0,2.0,8.0,Low
5383,Employee 5383,55,5.0,3,72.0,31,9.0,7.0,7.0,Low
5384,Employee 5384,41,9.0,3,59.0,49,5.0,4.0,5.0,Low
5385,Employee 5385,40,7.0,1,73.0,45,8.0,6.0,8.0,Low
5386,Employee 5386,23,9.0,2,58.0,34,9.0,5.0,6.0,Low
5387,Employee 5387,23,6.0,4,52.0,39,5.0,1.0,6.0,Low
5388,Employee 5388,28,8.0,0,60.0,35,8.0,8.0,5.0,Low
5389,Employee 5389,53,6.0,3,94.0,42,6.0,8.0,9.0,Low
5390,Employee 5390,34,7.0,1,92.0,32,5.0,3.0,9.0,Low
5391,Employee 5391,52,7.0,0,71.0,45,6.0,1.0,7.0,Low
5392,Employee 5392,41,6.0,2,88.0,32,6.0,3.0,9.0,Low
5393,Employee 5393,53,6.0,2,62.0,33,9.0,7.0,7.0,Low
5394,Employee 5394,46,7.0,2,94.0,43,9.0,5.0,9.0,Low
5395,Employee 5395,44,9.0,1,75.0,49,5.0,8.0,5.0,Low
5396,Employee 5396,56,9.0,4,93.0,45,7.0,3.0,5.0,Low
5397,Employee 5397,21,8.0,1,62.0,33,6.0,8.0,6.0,Low
5398,Employee 5398,51,9.0,0,50.0,32,7.0,8.0,6.0,Low
5399,Employee 5399,46,8.0,1,55.0,42,5.0,6.0,6.0,Low
5400,Employee 5400,48,5.0,1,50.0,30,6.0,9.0,9.0,Low
5401,Employee 5401,23,6.0,1,58.0,40,7.0,9.0,7.0,Low
5402,Employee 5402,38,7.0,3,90.0,40,8.0,1.0,9.0,Low
5403,Employee 5403,25,6.0,1,64.0,48,7.0,7.0,9.0,Low
5404,Employee 5404,41,5.0,4,87.0,40,8.0,7.0,5.0,Low
5405,Employee 5405,26,8.0,3,77.0,49,5.0,2.0,6.0,Low
5406,Employee 5406,43,8.0,3,89.0,45,6.0,3.0,6.0,Low
5407,Employee 5407,44,5.0,2,51.0,37,8.0,9.0,5.0,Low
5408,Employee 5408,51,5.0,1,85.0,30,6.0,7.0,9.0,Low
5409,Employee 5409,42,7.0,3,63.0,32,6.0,2.0,7.0,Low
5410,Employee 5410,40,9.0,4,88.0,30,6.0,5.0,9.0,Low
5411,Employee 5411,52,7.0,0,60.0,46,5.0,8.0,8.0,Low
5412,Employee 5412,58,8.0,4,75.0,49,8.0,4.0,6.0,Low
5413,Employee 5413,44,9.0,2,84.0,31,9.0,9.0,9.0,Low
5414,Employee 5414,58,7.0,0,99.0,30,7.0,5.0,9.0,Low
5415,Employee 5415,48,6.0,0,88.0,36,5.0,7.0,7.0,Low
5416,Employee 5416,27,9.0,3,58.0,30,7.0,4.0,8.0,Low
5417,Employee 5417,27,5.0,0,87.0,46,5.0,2.0,9.0,Low
5418,Employee 5418,55,9.0,4,58.0,30,6.0,8.0,5.0,Low
5419,Employee 5419,50,8.0,2,60.0,31,7.0,8.0,8.0,Low
5420,Employee 5420,56,8.0,3,97.0,48,7.0,8.0,6.0,Low
5421,Employee 5421,48,6.0,1,84.0,30,7.0,4.0,9.0,Low
5422,Employee 5422,26,6.0,0,71.0,41,5.0,7.0,8.0,Low
5423,Employee 5423,32,9.0,1,80.0,30,9.0,7.0,7.0,Low
5424,Employee 5424,31,7.0,0,75.0,40,7.0,7.0,7.0,Low
5425,Employee 5425,38,7.0,2,62.0,42,8.0,3.0,5.0,Low
5426,Employee 5426,54,8.0,4,78.0,46,7.0,7.0,9.0,Low
5427,Employee 5427,55,7.0,0,99.0,43,9.0,5.0,8.0,Low
5428,Employee 5428,57,7.0,0,89.0,40,6.0,4.0,7.0,Low
5429,Employee 5429,35,5.0,4,69.0,44,9.0,1.0,7.0,Low
5430,Employee 5430,24,9.0,2,80.0,34,8.0,1.0,8.0,Low
5431,Employee 5431,35,9.0,1,81.0,37,7.0,7.0,9.0,Low
5432,Employee 5432,38,5.0,1,58.0,46,5.0,5.0,9.0,Low
5433,Employee 5433,21,7.0,2,65.0,39,7.0,2.0,5.0,Low
5434,Employee 5434,43,7.0,0,83.0,39,7.0,9.0,7.0,Low
5435,Employee 5435,42,8.0,2,64.0,45,5.0,1.0,9.0,Low
5436,Employee 5436,40,9.0,0,76.0,41,5.0,6.0,6.0,Low
5437,Employee 5437,45,9.0,1,90.0,46,6.0,7.0,9.0,Low
5438,Employee 5438,39,6.0,1,68.0,41,9.0,5.0,5.0,Low
5439,Employee 5439,42,8.0,1,86.0,45,5.0,3.0,5.0,Low
5440,Employee 5440,52,5.0,3,97.0,42,8.0,3.0,5.0,Low
5441,Employee 5441,47,6.0,1,69.0,33,7.0,7.0,7.0,Low
5442,Employee 5442,38,7.0,2,73.0,36,9.0,1.0,7.0,Low
5443,Employee 5443,46,9.0,0,66.0,44,6.0,4.0,7.0,Low
5444,Employee 5444,36,9.0,2,55.0,32,9.0,8.0,6.0,Low
5445,Employee 5445,25,9.0,1,95.0,32,5.0,9.0,8.0,Low
5446,Employee 5446,52,5.0,4,91.0,37,7.0,5.0,8.0,Low
5447,Employee 5447,51,8.0,2,85.0,47,9.0,4.0,8.0,Low
5448,Employee 5448,30,7.0,0,76.0,33,8.0,5.0,6.0,Low
5449,Employee 5449,48,5.0,0,89.0,48,7.0,8.0,6.0,Low
5450,Employee 5450,25,7.0,2,90.0,32,8.0,1.0,5.0,Low
5451,Employee 5451,33,5.0,1,81.0,43,8.0,1.0,9.0,Low
5452,Employee 5452,27,6.0,2,82.0,49,7.0,6.0,8.0,Low
5453,Employee 5453,21,9.0,0,83.0,42,6.0,8.0,5.0,Low
5454,Employee 5454,57,8.0,4,78.0,38,6.0,8.0,6.0,Low
5455,Employee 5455,38,8.0,4,74.0,35,6.0,1.0,8.0,Low
5456,Employee 5456,49,5.0,1,84.0,30,9.0,3.0,9.0,Low
5457,Employee 5457,33,6.0,4,67.0,42,7.0,5.0,5.0,Low
5458,Employee 5458,25,9.0,1,53.0,43,9.0,1.0,5.0,Low
5459,Employee 5459,50,6.0,2,75.0,41,7.0,7.0,8.0,Low
5460,Employee 5460,33,7.0,1,78.0,42,9.0,5.0,5.0,Low
5461,Employee 5461,23,7.0,4,85.0,32,9.0,3.0,6.0,Low
5462,Employee 5462,55,8.0,4,82.0,35,8.0,7.0,8.0,Low
5463,Employee 5463,47,6.0,4,58.0,41,9.0,8.0,5.0,Low
5464,Employee 5464,31,9.0,0,85.0,45,8.0,8.0,7.0,Low
5465,Employee 5465,55,8.0,1,83.0,31,7.0,8.0,9.0,Low
5466,Employee 5466,26,6.0,2,53.0,35,7.0,5.0,5.0,Low
5467,Employee 5467,42,9.0,3,78.0,45,6.0,4.0,7.0,Low
5468,Employee 5468,38,7.0,0,71.0,44,7.0,2.0,7.0,Low
5469,Employee 5469,25,5.0,1,71.0,44,9.0,7.0,5.0,Low
5470,Employee 5470,35,5.0,1,50.0,40,9.0,5.0,6.0,Low
5471,Employee 5471,35,5.0,3,53.0,32,9.0,7.0,8.0,Low
5472,Employee 5472,45,8.0,4,75.0,38,5.0,8.0,9.0,Low
5473,Employee 5473,31,5.0,2,76.0,36,5.0,8.0,7.0,Low
5474,Employee 5474,40,9.0,0,75.0,30,6.0,1.0,6.0,Low
5475,Employee 5475,58,8.0,2,57.0,47,8.0,9.0,9.0,Low
5476,Employee 5476,52,8.0,0,77.0,42,8.0,5.0,7.0,Low
5477,Employee 5477,51,7.0,0,52.0,44,9.0,2.0,8.0,Low
5478,Employee 5478,48,8.0,0,71.0,33,7.0,1.0,7.0,Low
5479,Employee 5479,47,8.0,1,53.0,35,6.0,7.0,8.0,Low
5480,Employee 5480,32,6.0,3,58.0,47,9.0,5.0,9.0,Low
5481,Employee 5481,30,7.0,4,64.0,32,5.0,4.0,9.0,Low
5482,Employee 5482,47,7.0,0,71.0,49,9.0,7.0,7.0,Low
5483,Employee 5483,58,9.0,4,84.0,37,6.0,8.0,8.0,Low
5484,Employee 5484,53,9.0,3,51.0,42,8.0,7.0,6.0,Low
5485,Employee 5485,36,8.0,0,92.0,34,7.0,1.0,8.0,Low
5486,Employee 5486,36,5.0,2,62.0,44,9.0,1.0,6.0,Low
5487,Employee 5487,28,8.0,4,96.0,33,6.0,9.0,5.0,Low
5488,Employee 5488,42,6.0,4,63.0,42,5.0,7.0,5.0,Low
5489,Employee 5489,30,6.0,3,90.0,34,6.0,9.0,8.0,Low
5490,Employee 5490,35,7.0,0,84.0,45,9.0,4.0,6.0,Low
5491,Employee 5491,58,6.0,3,75.0,46,7.0,6.0,5.0,Low
5492,Employee 5492,38,9.0,1,66.0,32,7.0,6.0,9.0,Low
5493,Employee 5493,36,7.0,4,63.0,39,9.0,6.0,9.0,Low
5494,Employee 5494,59,8.0,1,59.0,47,9.0,9.0,7.0,Low
5495,Employee 5495,47,6.0,4,78.0,31,9.0,1.0,7.0,Low
5496,Employee 5496,41,7.0,0,75.0,33,7.0,9.0,8.0,Low
5497,Employee 5497,35,8.0,3,59.0,47,8.0,6.0,9.0,Low
5498,Employee 5498,30,7.0,2,61.0,42,6.0,9.0,6.0,Low
5499,Employee 5499,59,8.0,0,63.0,37,5.0,4.0,5.0,Low
5500,Employee 5500,47,7.0,3,90.0,42,5.0,6.0,5.0,Low
5501,Employee 5501,29,7.0,1,65.0,34,8.0,4.0,7.0,Low
5502,Employee 5502,46,8.0,4,61.0,34,7.0,4.0,5.0,Low
5503,Employee 5503,36,8.0,3,64.0,36,8.0,5.0,6.0,Low
5504,Employee 5504,32,5.0,4,68.0,37,6.0,2.0,7.0,Low
5505,Employee 5505,48,6.0,2,61.0,30,9.0,5.0,6.0,Low
5506,Employee 5506,59,8.0,2,72.0,30,6.0,7.0,6.0,Low
5507,Employee 5507,37,5.0,2,68.0,43,7.0,5.0,7.0,Low
5508,Employee 5508,22,8.0,1,50.0,43,7.0,9.0,8.0,Low
5509,Employee 5509,30,8.0,3,60.0,34,6.0,9.0,5.0,Low
5510,Employee 5510,38,6.0,1,54.0,34,6.0,7.0,9.0,Low
5511,Employee 5511,43,7.0,2,98.0,48,6.0,5.0,7.0,Low
5512,Employee 5512,38,6.0,4,85.0,41,6.0,7.0,7.0,Low
5513,Employee 5513,50,8.0,4,85.0,41,6.0,7.0,8.0,Low
5514,Employee 5514,42,5.0,4,81.0,49,6.0,5.0,7.0,Low
5515,Employee 5515,53,7.0,1,60.0,46,7.0,4.0,6.0,Low
5516,Employee 5516,49,6.0,2,70.0,42,7.0,3.0,7.0,Low
5517,Employee 5517,53,9.0,4,70.0,42,8.0,5.0,6.0,Low
5518,Employee 5518,51,9.0,2,94.0,37,5.0,4.0,5.0,Low
5519,Employee 5519,58,8.0,4,51.0,30,8.0,7.0,9.0,Low
5520,Employee 5520,57,5.0,3,74.0,45,5.0,7.0,8.0,Low
5521,Employee 5521,42,7.0,1,84.0,31,6.0,8.0,8.0,Low
5522,Employee 5522,44,5.0,0,60.0,41,8.0,3.0,6.0,Low
5523,Employee 5523,48,7.0,3,61.0,38,6.0,5.0,7.0,Low
5524,Employee 5524,33,7.0,1,74.0,40,7.0,1.0,6.0,Low
5525,Employee 5525,34,8.0,2,92.0,43,8.0,9.0,9.0,Low
5526,Employee 5526,38,8.0,0,68.0,49,7.0,1.0,8.0,Low
5527,Employee 5527,59,8.0,1,96.0,35,8.0,1.0,5.0,Low
5528,Employee 5528,48,6.0,2,97.0,47,6.0,3.0,5.0,Low
5529,Employee 5529,37,6.0,1,66.0,33,9.0,8.0,6.0,Low
5530,Employee 5530,34,6.0,1,81.0,30,9.0,8.0,9.0,Low
5531,Employee 5531,38,5.0,3,90.0,31,6.0,6.0,8.0,Low
5532,Employee 5532,48,9.0,1,60.0,43,9.0,5.0,6.0,Low
5533,Employee 5533,31,6.0,3,51.0,37,7.0,8.0,8.0,Low
5534,Employee 5534,57,5.0,1,63.0,37,9.0,7.0,7.0,Low
5535,Employee 5535,49,5.0,2,75.0,33,9.0,6.0,5.0,Low
5536,Employee 5536,36,6.0,3,66.0,43,6.0,9.0,9.0,Low
5537,Employee 5537,46,9.0,2,62.0,43,6.0,8.0,6.0,Low
5538,Employee 5538,54,7.0,2,91.0,39,6.0,1.0,6.0,Low
5539,Employee 5539,21,5.0,1,76.0,48,6.0,6.0,8.0,Low
5540,Employee 5540,39,7.0,2,80.0,37,9.0,1.0,6.0,Low
5541,Employee 5541,32,5.0,2,82.0,45,6.0,4.0,7.0,Low
5542,Employee 5542,40,9.0,4,75.0,41,5.0,7.0,7.0,Low
5543,Employee 5543,47,5.0,2,96.0,37,5.0,6.0,6.0,Low
5544,Employee 5544,30,5.0,4,77.0,49,9.0,2.0,5.0,Low
5545,Employee 5545,56,6.0,3,65.0,41,6.0,9.0,5.0,Low
5546,Employee 5546,24,9.0,4,82.0,39,7.0,2.0,5.0,Low
5547,Employee 5547,47,7.0,3,51.0,33,5.0,2.0,7.0,Low
5548,Employee 5548,54,5.0,4,76.0,38,7.0,3.0,9.0,Low
5549,Employee 5549,53,7.0,0,60.0,30,8.0,2.0,5.0,Low
5550,Employee 5550,55,6.0,1,66.0,38,6.0,1.0,6.0,Low
5551,Employee 5551,25,7.0,0,66.0,41,5.0,1.0,7.0,Low
5552,Employee 5552,53,7.0,4,96.0,32,8.0,8.0,5.0,Low
5553,Employee 5553,20,6.0,4,83.0,36,7.0,3.0,6.0,Low
5554,Employee 5554,47,6.0,1,51.0,48,5.0,6.0,5.0,Low
5555,Employee 5555,42,8.0,1,90.0,47,6.0,6.0,9.0,Low
5556,Employee 5556,45,7.0,2,65.0,45,6.0,4.0,5.0,Low
5557,Employee 5557,54,6.0,2,91.0,41,7.0,4.0,5.0,Low
5558,Employee 5558,54,9.0,1,89.0,43,7.0,1.0,6.0,Low
5559,Employee 5559,29,9.0,2,53.0,34,8.0,6.0,8.0,Low
5560,Employee 5560,33,7.0,1,98.0,40,8.0,1.0,6.0,Low
5561,Employee 5561,58,8.0,3,60.0,31,9.0,6.0,8.0,Low
5562,Employee 5562,55,9.0,2,87.0,37,7.0,3.0,7.0,Low
5563,Employee 5563,22,9.0,4,90.0,37,6.0,1.0,5.0,Low
5564,Employee 5564,59,5.0,2,78.0,47,6.0,4.0,8.0,Low
5565,Employee 5565,31,6.0,2,66.0,43,7.0,1.0,5.0,Low
5566,Employee 5566,20,6.0,4,55.0,48,6.0,4.0,7.0,Low
5567,Employee 5567,31,8.0,0,69.0,49,9.0,5.0,9.0,Low
5568,Employee 5568,48,9.0,0,72.0,30,6.0,2.0,7.0,Low
5569,Employee 5569,54,6.0,2,92.0,44,9.0,7.0,7.0,Low
5570,Employee 5570,51,9.0,3,64.0,46,6.0,2.0,6.0,Low
5571,Employee 5571,45,7.0,0,98.0,39,7.0,4.0,7.0,Low
5572,Employee 5572,47,9.0,2,93.0,48,7.0,5.0,6.0,Low
5573,Employee 5573,53,6.0,1,93.0,48,5.0,7.0,7.0,Low
5574,Employee 5574,40,7.0,1,83.0,32,6.0,1.0,6.0,Low
5575,Employee 5575,26,9.0,2,77.0,30,6.0,5.0,7.0,Low
5576,Employee 5576,35,6.0,4,60.0,47,7.0,2.0,6.0,Low
5577,Employee 5577,48,8.0,0,61.0,45,6.0,3.0,8.0,Low
5578,Employee 5578,54,5.0,0,98.0,36,9.0,7.0,5.0,Low
5579,Employee 5579,36,9.0,1,91.0,31,6.0,4.0,7.0,Low
5580,Employee 5580,49,5.0,1,64.0,48,5.0,1.0,5.0,Low
5581,Employee 5581,33,5.0,4,93.0,44,5.0,6.0,8.0,Low
5582,Employee 5582,43,6.0,0,71.0,38,9.0,4.0,6.0,Low
5583,Employee 5583,57,7.0,2,61.0,43,9.0,6.0,8.0,Low
5584,Employee 5584,50,9.0,3,62.0,47,6.0,8.0,8.0,Low
5585,Employee 5585,27,7.0,3,98.0,36,9.0,5.0,7.0,Low
5586,Employee 5586,36,8.0,3,54.0,47,5.0,2.0,9.0,Low
5587,Employee 5587,43,9.0,3,96.0,33,6.0,9.0,6.0,Low
5588,Employee 5588,32,6.0,1,53.0,49,8.0,7.0,5.0,Low
5589,Employee 5589,53,8.0,2,81.0,36,9.0,2.0,9.0,Low
5590,Employee 5590,50,8.0,3,90.0,46,9.0,7.0,9.0,Low
5591,Employee 5591,57,5.0,3,54.0,46,6.0,8.0,5.0,Low
5592,Employee 5592,43,7.0,3,56.0,36,5.0,4.0,5.0,Low
5593,Employee 5593,38,7.0,0,86.0,39,8.0,6.0,7.0,Low
5594,Employee 5594,49,7.0,4,98.0,34,6.0,4.0,8.0,Low
5595,Employee 5595,44,5.0,0,82.0,35,7.0,7.0,8.0,Low
5596,Employee 5596,30,5.0,0,74.0,44,7.0,5.0,9.0,Low
5597,Employee 5597,22,9.0,1,68.0,47,6.0,7.0,8.0,Low
5598,Employee 5598,33,7.0,4,50.0,32,8.0,4.0,8.0,Low
5599,Employee 5599,54,5.0,0,55.0,32,9.0,9.0,7.0,Low
5600,Employee 5600,28,7.0,4,89.0,35,6.0,3.0,8.0,Low
5601,Employee 5601,21,5.0,3,59.0,48,8.0,5.0,6.0,Low
5602,Employee 5602,37,9.0,0,79.0,41,8.0,9.0,8.0,Low
5603,Employee 5603,24,8.0,0,87.0,40,5.0,8.0,6.0,Low
5604,Employee 5604,34,6.0,2,73.0,33,7.0,2.0,7.0,Low
5605,Employee 5605,53,7.0,4,80.0,48,7.0,7.0,7.0,Low
5606,Employee 5606,25,8.0,0,76.0,35,7.0,2.0,9.0,Low
5607,Employee 5607,37,5.0,1,95.0,33,6.0,2.0,7.0,Low
5608,Employee 5608,34,7.0,0,74.0,39,8.0,3.0,8.0,Low
5609,Employee 5609,38,9.0,0,58.0,34,6.0,9.0,9.0,Low
5610,Employee 5610,27,5.0,1,91.0,38,7.0,6.0,6.0,Low
5611,Employee 5611,46,6.0,4,80.0,49,8.0,5.0,9.0,Low
5612,Employee 5612,47,7.0,2,78.0,30,5.0,9.0,9.0,Low
5613,Employee 5613,38,5.0,0,86.0,33,6.0,3.0,6.0,Low
5614,Employee 5614,55,6.0,0,98.0,34,9.0,6.0,8.0,Low
5615,Employee 5615,57,6.0,2,73.0,34,9.0,8.0,9.0,Low
5616,Employee 5616,39,8.0,0,62.0,30,9.0,7.0,6.0,Low
5617,Employee 5617,20,6.0,3,90.0,41,5.0,8.0,5.0,Low
5618,Employee 5618,49,6.0,4,94.0,30,8.0,3.0,7.0,Low
5619,Employee 5619,28,7.0,0,60.0,48,5.0,8.0,8.0,Low
5620,Employee 5620,44,8.0,1,58.0,36,7.0,1.0,8.0,Low
5621,Employee 5621,53,7.0,1,78.0,49,7.0,6.0,6.0,Low
5622,Employee 5622,43,6.0,2,76.0,39,5.0,4.0,6.0,Low
5623,Employee 5623,42,9.0,3,87.0,44,9.0,7.0,9.0,Low
5624,Employee 5624,24,8.0,1,90.0,31,7.0,1.0,7.0,Low
5625,Employee 5625,53,6.0,0,69.0,45,5.0,7.0,6.0,Low
5626,Employee 5626,32,8.0,2,83.0,41,9.0,1.0,6.0,Low
5627,Employee 5627,53,9.0,3,85.0,30,5.0,2.0,9.0,Low
5628,Employee 5628,59,7.0,3,57.0,47,5.0,6.0,7.0,Low
5629,Employee 5629,47,7.0,1,76.0,32,6.0,7.0,6.0,Low
5630,Employee 5630,48,7.0,1,63.0,39,8.0,2.0,5.0,Low
5631,Employee 5631,47,6.0,2,56.0,45,9.0,6.0,6.0,Low
5632,Employee 5632,21,8.0,2,58.0,45,9.0,7.0,6.0,Low
5633,Employee 5633,54,5.0,1,94.0,34,7.0,4.0,7.0,Low
5634,Employee 5634,23,6.0,3,80.0,41,7.0,9.0,5.0,Low
5635,Employee 5635,28,7.0,2,86.0,47,7.0,5.0,8.0,Low
5636,Employee 5636,37,9.0,2,96.0,40,9.0,7.0,5.0,Low
5637,Employee 5637,28,7.0,2,92.0,31,6.0,5.0,8.0,Low
5638,Employee 5638,57,9.0,3,74.0,40,5.0,4.0,9.0,Low
5639,Employee 5639,30,7.0,1,70.0,45,5.0,4.0,8.0,Low
5640,Employee 5640,53,9.0,3,93.0,33,6.0,2.0,5.0,Low
5641,Employee 5641,53,8.0,4,69.0,37,9.0,3.0,7.0,Low
5642,Employee 5642,39,6.0,2,84.0,32,7.0,5.0,9.0,Low
5643,Employee 5643,38,9.0,2,78.0,44,7.0,2.0,7.0,Low
5644,Employee 5644,25,8.0,1,92.0,31,9.0,5.0,9.0,Low
5645,Employee 5645,37,5.0,0,74.0,43,8.0,3.0,6.0,Low
5646,Employee 5646,25,9.0,4,75.0,41,5.0,3.0,6.0,Low
5647,Employee 5647,20,6.0,1,94.0,48,7.0,4.0,8.0,Low
5648,Employee 5648,54,6.0,2,59.0,45,6.0,6.0,7.0,Low
5649,Employee 5649,33,7.0,0,62.0,46,6.0,1.0,7.0,Low
5650,Employee 5650,57,8.0,1,80.0,32,6.0,4.0,8.0,Low
5651,Employee 5651,38,5.0,3,79.0,33,6.0,7.0,6.0,Low
5652,Employee 5652,47,7.0,0,76.0,38,5.0,3.0,6.0,Low
5653,Employee 5653,48,8.0,3,51.0,38,8.0,6.0,7.0,Low
5654,Employee 5654,21,7.0,1,56.0,43,5.0,5.0,8.0,Low
5655,Employee 5655,51,8.0,4,68.0,33,6.0,9.0,8.0,Low
5656,Employee 5656,42,6.0,4,50.0,42,5.0,3.0,9.0,Low
5657,Employee 5657,33,6.0,4,92.0,41,7.0,5.0,7.0,Low
5658,Employee 5658,50,9.0,2,87.0,43,5.0,3.0,6.0,Low
5659,Employee 5659,20,5.0,2,79.0,43,8.0,2.0,5.0,Low
5660,Employee 5660,54,8.0,4,73.0,45,5.0,4.0,7.0,Low
5661,Employee 5661,58,6.0,4,76.0,48,9.0,8.0,5.0,Low
5662,Employee 5662,37,8.0,3,67.0,42,9.0,1.0,5.0,Low
5663,Employee 5663,40,6.0,1,60.0,44,5.0,6.0,8.0,Low
5664,Employee 5664,32,5.0,3,85.0,39,8.0,3.0,8.0,Low
5665,Employee 5665,36,5.0,3,69.0,33,8.0,3.0,5.0,Low
5666,Employee 5666,22,8.0,0,94.0,43,5.0,5.0,6.0,Low
5667,Employee 5667,29,8.0,3,97.0,31,9.0,8.0,8.0,Low
5668,Employee 5668,34,9.0,2,71.0,45,5.0,5.0,9.0,Low
5669,Employee 5669,55,9.0,2,84.0,40,9.0,9.0,8.0,Low
5670,Employee 5670,20,7.0,4,99.0,41,5.0,5.0,8.0,Low
5671,Employee 5671,56,9.0,2,51.0,44,7.0,2.0,9.0,Low
5672,Employee 5672,42,7.0,0,82.0,35,9.0,5.0,7.0,Low
5673,Employee 5673,45,9.0,2,86.0,44,5.0,4.0,9.0,Low
5674,Employee 5674,35,5.0,1,70.0,41,8.0,4.0,7.0,Low
5675,Employee 5675,39,5.0,3,94.0,41,8.0,4.0,8.0,Low
5676,Employee 5676,25,6.0,0,98.0,34,6.0,7.0,5.0,Low
5677,Employee 5677,47,7.0,1,86.0,42,5.0,2.0,5.0,Low
5678,Employee 5678,27,6.0,3,50.0,45,6.0,5.0,8.0,Low
5679,Employee 5679,36,5.0,2,84.0,43,8.0,3.0,7.0,Low
5680,Employee 5680,29,7.0,0,60.0,40,7.0,1.0,8.0,Low
5681,Employee 5681,41,5.0,0,89.0,41,8.0,1.0,8.0,Low
5682,Employee 5682,55,5.0,1,74.0,45,6.0,6.0,5.0,Low
5683,Employee 5683,50,8.0,2,66.0,39,7.0,2.0,6.0,Low
5684,Employee 5684,46,6.0,0,70.0,34,8.0,5.0,5.0,Low
5685,Employee 5685,28,8.0,0,71.0,34,9.0,2.0,8.0,Low
5686,Employee 5686,21,5.0,3,82.0,43,6.0,9.0,9.0,Low
5687,Employee 5687,24,7.0,2,88.0,44,9.0,3.0,5.0,Low
5688,Employee 5688,34,8.0,1,92.0,37,5.0,3.0,8.0,Low
5689,Employee 5689,56,6.0,0,89.0,38,9.0,4.0,7.0,Low
5690,Employee 5690,37,9.0,2,94.0,38,7.0,7.0,7.0,Low
5691,Employee 5691,48,7.0,3,56.0,37,6.0,1.0,7.0,Low
5692,Employee 5692,41,5.0,3,59.0,32,5.0,3.0,9.0,Low
5693,Employee 5693,38,6.0,1,93.0,48,5.0,7.0,7.0,Low
5694,Employee 5694,51,7.0,1,94.0,34,6.0,3.0,9.0,Low
5695,Employee 5695,46,6.0,3,76.0,30,5.0,1.0,5.0,Low
5696,Employee 5696,39,8.0,0,65.0,33,5.0,6.0,8.0,Low
5697,Employee 5697,36,6.0,2,73.0,31,6.0,7.0,7.0,Low
5698,Employee 5698,56,6.0,4,65.0,49,5.0,7.0,8.0,Low
5699,Employee 5699,49,8.0,3,65.0,40,5.0,8.0,8.0,Low
5700,Employee 5700,59,7.0,3,57.0,34,8.0,4.0,9.0,Low
5701,Employee 5701,20,9.0,2,91.0,46,8.0,7.0,9.0,Low
5702,Employee 5702,23,5.0,0,79.0,32,5.0,4.0,8.0,Low
5703,Employee 5703,59,9.0,2,82.0,39,6.0,6.0,5.0,Low
5704,Employee 5704,40,9.0,0,58.0,38,7.0,8.0,7.0,Low
5705,Employee 5705,28,8.0,2,67.0,46,6.0,2.0,5.0,Low
5706,Employee 5706,46,7.0,4,75.0,36,5.0,2.0,6.0,Low
5707,Employee 5707,23,6.0,1,74.0,43,6.0,4.0,8.0,Low
5708,Employee 5708,31,7.0,0,73.0,33,6.0,9.0,7.0,Low
5709,Employee 5709,33,7.0,4,76.0,38,6.0,9.0,8.0,Low
5710,Employee 5710,59,6.0,2,64.0,35,5.0,9.0,8.0,Low
5711,Employee 5711,56,9.0,0,81.0,38,5.0,4.0,9.0,Low
5712,Employee 5712,24,6.0,1,56.0,35,5.0,5.0,6.0,Low
5713,Employee 5713,46,7.0,1,73.0,34,5.0,3.0,9.0,Low
5714,Employee 5714,38,6.0,2,97.0,46,5.0,8.0,6.0,Low
5715,Employee 5715,50,6.0,4,77.0,42,8.0,3.0,8.0,Low
5716,Employee 5716,35,5.0,0,89.0,30,9.0,4.0,6.0,Low
5717,Employee 5717,36,5.0,2,83.0,33,6.0,2.0,7.0,Low
5718,Employee 5718,56,8.0,0,88.0,32,8.0,6.0,9.0,Low
5719,Employee 5719,26,6.0,0,94.0,38,8.0,5.0,6.0,Low
5720,Employee 5720,27,9.0,3,70.0,39,7.0,5.0,9.0,Low
5721,Employee 5721,20,5.0,1,74.0,32,9.0,2.0,8.0,Low
5722,Employee 5722,22,7.0,0,85.0,48,8.0,3.0,9.0,Low
5723,Employee 5723,33,7.0,3,72.0,37,6.0,7.0,6.0,Low
5724,Employee 5724,56,9.0,0,92.0,33,9.0,3.0,6.0,Low
5725,Employee 5725,43,9.0,0,60.0,37,5.0,9.0,7.0,Low
5726,Employee 5726,40,5.0,0,93.0,39,5.0,9.0,9.0,Low
5727,Employee 5727,49,9.0,3,81.0,44,7.0,5.0,6.0,Low
5728,Employee 5728,49,8.0,2,67.0,31,8.0,2.0,7.0,Low
5729,Employee 5729,26,6.0,3,77.0,46,8.0,4.0,9.0,Low
5730,Employee 5730,36,5.0,1,55.0,32,8.0,8.0,8.0,Low
5731,Employee 5731,51,7.0,2,78.0,35,9.0,5.0,9.0,Low
5732,Employee 5732,31,5.0,1,66.0,32,5.0,9.0,6.0,Low
5733,Employee 5733,34,5.0,3,90.0,47,9.0,7.0,5.0,Low
5734,Employee 5734,55,6.0,1,89.0,37,5.0,8.0,8.0,Low
5735,Employee 5735,22,6.0,3,94.0,42,8.0,3.0,6.0,Low
5736,Employee 5736,45,5.0,4,66.0,33,7.0,3.0,7.0,Low
5737,Employee 5737,21,6.0,1,62.0,39,8.0,1.0,6.0,Low
5738,Employee 5738,39,6.0,3,86.0,31,5.0,5.0,9.0,Low
5739,Employee 5739,28,5.0,2,95.0,40,5.0,7.0,7.0,Low
5740,Employee 5740,46,9.0,4,56.0,38,5.0,6.0,7.0,Low
5741,Employee 5741,21,6.0,2,86.0,40,6.0,3.0,8.0,Low
5742,Employee 5742,52,5.0,3,75.0,34,5.0,2.0,8.0,Low
5743,Employee 5743,49,5.0,4,70.0,42,7.0,3.0,9.0,Low
5744,Employee 5744,39,6.0,2,69.0,46,8.0,2.0,9.0,Low
5745,Employee 5745,48,8.0,1,94.0,37,7.0,2.0,9.0,Low
5746,Employee 5746,42,6.0,1,75.0,34,9.0,5.0,6.0,Low
5747,Employee 5747,31,9.0,4,55.0,45,5.0,9.0,7.0,Low
5748,Employee 5748,31,9.0,4,83.0,30,5.0,3.0,8.0,Low
5749,Employee 5749,35,5.0,4,62.0,34,5.0,6.0,6.0,Low
5750,Employee 5750,20,5.0,1,88.0,40,5.0,4.0,5.0,Low
5751,Employee 5751,42,9.0,0,53.0,42,6.0,9.0,7.0,Low
5752,Employee 5752,41,9.0,3,96.0,49,8.0,6.0,8.0,Low
5753,Employee 5753,33,6.0,3,92.0,49,7.0,3.0,6.0,Low
5754,Employee 5754,30,8.0,1,58.0,30,8.0,1.0,5.0,Low
5755,Employee 5755,21,7.0,0,99.0,33,7.0,7.0,9.0,Low
5756,Employee 5756,59,9.0,0,71.0,49,6.0,6.0,9.0,Low
5757,Employee 5757,58,7.0,3,99.0,49,6.0,3.0,6.0,Low
5758,Employee 5758,44,8.0,3,55.0,40,8.0,5.0,7.0,Low
5759,Employee 5759,47,5.0,4,68.0,35,7.0,7.0,7.0,Low
5760,Employee 5760,33,7.0,1,99.0,30,5.0,8.0,5.0,Low
5761,Employee 5761,30,5.0,3,67.0,37,7.0,8.0,8.0,Low
5762,Employee 5762,54,5.0,4,93.0,43,5.0,6.0,6.0,Low
5763,Employee 5763,33,5.0,1,50.0,34,7.0,4.0,7.0,Low
5764,Employee 5764,24,9.0,1,77.0,41,7.0,7.0,5.0,Low
5765,Employee 5765,59,7.0,3,92.0,46,7.0,9.0,6.0,Low
5766,Employee 5766,57,8.0,4,92.0,31,5.0,9.0,9.0,Low
5767,Employee 5767,28,5.0,1,58.0,33,7.0,2.0,8.0,Low
5768,Employee 5768,26,5.0,0,77.0,39,9.0,1.0,6.0,Low
5769,Employee 5769,23,6.0,1,58.0,48,7.0,8.0,5.0,Low
5770,Employee 5770,53,7.0,4,60.0,41,9.0,5.0,9.0,Low
5771,Employee 5771,20,8.0,1,96.0,46,6.0,8.0,9.0,Low
5772,Employee 5772,51,6.0,1,59.0,41,6.0,6.0,5.0,Low
5773,Employee 5773,32,5.0,4,76.0,32,8.0,8.0,8.0,Low
5774,Employee 5774,37,8.0,3,52.0,49,7.0,3.0,6.0,Low
5775,Employee 5775,47,9.0,3,87.0,41,6.0,1.0,9.0,Low
5776,Employee 5776,44,6.0,2,57.0,44,8.0,8.0,7.0,Low
5777,Employee 5777,36,5.0,3,50.0,43,7.0,6.0,6.0,Low
5778,Employee 5778,39,6.0,3,57.0,43,8.0,6.0,7.0,Low
5779,Employee 5779,22,6.0,2,88.0,38,9.0,4.0,5.0,Low
5780,Employee 5780,23,9.0,2,76.0,49,8.0,2.0,6.0,Low
5781,Employee 5781,47,7.0,0,60.0,34,5.0,4.0,9.0,Low
5782,Employee 5782,39,6.0,2,84.0,46,8.0,3.0,5.0,Low
5783,Employee 5783,43,7.0,0,51.0,41,5.0,4.0,9.0,Low
5784,Employee 5784,26,9.0,1,79.0,34,5.0,1.0,8.0,Low
5785,Employee 5785,35,9.0,2,74.0,44,7.0,2.0,6.0,Low
5786,Employee 5786,26,6.0,3,82.0,33,8.0,2.0,7.0,Low
5787,Employee 5787,36,6.0,3,85.0,32,5.0,8.0,6.0,Low
5788,Employee 5788,48,5.0,0,97.0,48,9.0,7.0,8.0,Low
5789,Employee 5789,27,8.0,1,76.0,41,6.0,5.0,7.0,Low
5790,Employee 5790,49,7.0,1,53.0,46,7.0,1.0,6.0,Low
5791,Employee 5791,36,5.0,1,92.0,42,5.0,6.0,9.0,Low
5792,Employee 5792,31,8.0,1,78.0,49,9.0,3.0,8.0,Low
5793,Employee 5793,58,8.0,2,52.0,42,5.0,7.0,7.0,Low
5794,Employee 5794,57,5.0,3,58.0,38,5.0,5.0,7.0,Low
5795,Employee 5795,52,5.0,1,68.0,40,6.0,8.0,9.0,Low
5796,Employee 5796,29,7.0,1,97.0,47,8.0,4.0,5.0,Low
5797,Employee 5797,33,6.0,1,97.0,32,5.0,3.0,6.0,Low
5798,Employee 5798,27,6.0,0,98.0,48,9.0,7.0,9.0,Low
5799,Employee 5799,35,7.0,1,59.0,30,9.0,9.0,7.0,Low
5800,Employee 5800,58,5.0,3,98.0,41,8.0,1.0,6.0,Low
5801,Employee 5801,51,7.0,1,72.0,31,5.0,5.0,8.0,Low
5802,Employee 5802,29,9.0,2,68.0,47,6.0,9.0,5.0,Low
5803,Employee 5803,41,5.0,4,62.0,49,9.0,5.0,6.0,Low
5804,Employee 5804,30,9.0,1,58.0,39,8.0,8.0,9.0,Low
5805,Employee 5805,58,6.0,2,57.0,49,7.0,8.0,6.0,Low
5806,Employee 5806,21,8.0,3,84.0,45,7.0,9.0,8.0,Low
5807,Employee 5807,43,7.0,2,74.0,47,5.0,4.0,8.0,Low
5808,Employee 5808,59,6.0,2,83.0,30,8.0,3.0,8.0,Low
5809,Employee 5809,21,5.0,3,81.0,46,9.0,3.0,6.0,Low
5810,Employee 5810,35,7.0,4,65.0,47,9.0,6.0,7.0,Low
5811,Employee 5811,53,7.0,3,72.0,43,6.0,7.0,9.0,Low
5812,Employee 5812,44,9.0,2,65.0,36,9.0,8.0,8.0,Low
5813,Employee 5813,44,9.0,0,57.0,38,8.0,7.0,5.0,Low
5814,Employee 5814,30,5.0,2,79.0,45,9.0,4.0,9.0,Low
5815,Employee 5815,28,8.0,2,60.0,35,5.0,4.0,9.0,Low
5816,Employee 5816,56,5.0,4,78.0,47,5.0,5.0,6.0,Low
5817,Employee 5817,42,7.0,2,72.0,47,6.0,6.0,6.0,Low
5818,Employee 5818,29,6.0,1,76.0,41,9.0,7.0,9.0,Low
5819,Employee 5819,59,9.0,1,52.0,48,6.0,7.0,7.0,Low
5820,Employee 5820,46,8.0,0,59.0,32,9.0,6.0,9.0,Low
5821,Employee 5821,37,7.0,0,60.0,47,7.0,9.0,6.0,Low
5822,Employee 5822,59,9.0,3,87.0,44,6.0,4.0,6.0,Low
5823,Employee 5823,53,6.0,4,78.0,42,5.0,9.0,5.0,Low
5824,Employee 5824,52,9.0,1,93.0,42,5.0,3.0,5.0,Low
5825,Employee 5825,56,8.0,0,98.0,36,5.0,9.0,6.0,Low
5826,Employee 5826,35,6.0,4,67.0,39,8.0,7.0,5.0,Low
5827,Employee 5827,53,8.0,1,52.0,46,6.0,5.0,7.0,Low
5828,Employee 5828,37,9.0,1,85.0,49,6.0,7.0,8.0,Low
5829,Employee 5829,59,9.0,4,95.0,42,9.0,3.0,6.0,Low
5830,Employee 5830,21,9.0,1,96.0,42,6.0,5.0,5.0,Low
5831,Employee 5831,27,7.0,2,75.0,37,8.0,2.0,9.0,Low
5832,Employee 5832,44,9.0,1,55.0,37,5.0,9.0,8.0,Low
5833,Employee 5833,38,5.0,2,60.0,45,7.0,4.0,5.0,Low
5834,Employee 5834,35,9.0,3,96.0,45,6.0,4.0,8.0,Low
5835,Employee 5835,52,8.0,2,80.0,35,7.0,4.0,7.0,Low
5836,Employee 5836,26,7.0,4,55.0,30,8.0,7.0,5.0,Low
5837,Employee 5837,48,9.0,2,89.0,31,8.0,8.0,8.0,Low
5838,Employee 5838,45,9.0,4,55.0,30,6.0,9.0,7.0,Low
5839,Employee 5839,22,5.0,2,88.0,34,5.0,1.0,9.0,Low
5840,Employee 5840,51,5.0,0,69.0,41,8.0,7.0,9.0,Low
5841,Employee 5841,20,6.0,2,77.0,37,5.0,5.0,9.0,Low
5842,Employee 5842,44,5.0,0,67.0,38,6.0,3.0,5.0,Low
5843,Employee 5843,52,9.0,3,59.0,44,5.0,5.0,9.0,Low
5844,Employee 5844,22,9.0,3,83.0,46,8.0,7.0,7.0,Low
5845,Employee 5845,27,9.0,3,83.0,48,5.0,5.0,6.0,Low
5846,Employee 5846,27,9.0,1,74.0,49,8.0,1.0,6.0,Low
5847,Employee 5847,57,6.0,0,77.0,49,7.0,7.0,5.0,Low
5848,Employee 5848,28,9.0,4,90.0,38,8.0,7.0,9.0,Low
5849,Employee 5849,48,6.0,2,98.0,45,6.0,8.0,5.0,Low
5850,Employee 5850,56,9.0,3,83.0,44,6.0,3.0,6.0,Low
5851,Employee 5851,32,9.0,1,70.0,38,9.0,9.0,8.0,Low
5852,Employee 5852,31,7.0,1,61.0,39,6.0,9.0,7.0,Low
5853,Employee 5853,27,7.0,0,76.0,41,9.0,6.0,7.0,Low
5854,Employee 5854,49,8.0,0,79.0,31,6.0,6.0,5.0,Low
5855,Employee 5855,33,5.0,1,62.0,32,5.0,4.0,9.0,Low
5856,Employee 5856,47,8.0,3,65.0,35,9.0,1.0,6.0,Low
5857,Employee 5857,38,9.0,4,83.0,49,5.0,6.0,6.0,Low
5858,Employee 5858,31,9.0,1,53.0,33,7.0,1.0,8.0,Low
5859,Employee 5859,58,6.0,0,66.0,37,7.0,4.0,6.0,Low
5860,Employee 5860,25,9.0,3,83.0,40,8.0,4.0,9.0,Low
5861,Employee 5861,50,6.0,2,75.0,37,8.0,7.0,5.0,Low
5862,Employee 5862,39,9.0,4,76.0,37,8.0,1.0,9.0,Low
5863,Employee 5863,50,5.0,1,51.0,37,5.0,6.0,9.0,Low
5864,Employee 5864,22,9.0,0,73.0,33,5.0,5.0,7.0,Low
5865,Employee 5865,35,7.0,0,57.0,46,6.0,2.0,7.0,Low
5866,Employee 5866,29,7.0,0,72.0,35,8.0,4.0,7.0,Low
5867,Employee 5867,24,8.0,3,98.0,44,7.0,7.0,9.0,Low
5868,Employee 5868,44,9.0,4,80.0,34,9.0,6.0,9.0,Low
5869,Employee 5869,20,7.0,3,57.0,46,9.0,7.0,5.0,Low
5870,Employee 5870,43,9.0,0,90.0,49,8.0,8.0,5.0,Low
5871,Employee 5871,48,5.0,2,70.0,30,8.0,2.0,7.0,Low
5872,Employee 5872,41,5.0,3,82.0,39,8.0,9.0,5.0,Low
5873,Employee 5873,21,8.0,1,99.0,40,7.0,2.0,8.0,Low
5874,Employee 5874,40,5.0,3,62.0,38,7.0,6.0,5.0,Low
5875,Employee 5875,53,7.0,1,52.0,37,9.0,1.0,9.0,Low
5876,Employee 5876,39,5.0,4,56.0,33,9.0,3.0,6.0,Low
5877,Employee 5877,50,9.0,2,91.0,44,5.0,5.0,7.0,Low
5878,Employee 5878,32,5.0,4,52.0,48,7.0,7.0,8.0,Low
5879,Employee 5879,48,7.0,2,77.0,48,9.0,5.0,6.0,Low
5880,Employee 5880,28,5.0,1,66.0,36,6.0,6.0,5.0,Low
5881,Employee 5881,47,8.0,1,99.0,31,8.0,9.0,8.0,Low
5882,Employee 5882,21,7.0,4,97.0,30,8.0,8.0,5.0,Low
5883,Employee 5883,24,5.0,0,85.0,30,9.0,8.0,7.0,Low
5884,Employee 5884,32,8.0,1,98.0,37,5.0,3.0,6.0,Low
5885,Employee 5885,44,6.0,0,67.0,46,9.0,9.0,6.0,Low
5886,Employee 5886,57,9.0,1,57.0,40,9.0,6.0,5.0,Low
5887,Employee 5887,28,9.0,0,81.0,35,5.0,1.0,6.0,Low
5888,Employee 5888,26,8.0,4,71.0,38,8.0,7.0,9.0,Low
5889,Employee 5889,38,6.0,4,86.0,32,5.0,9.0,6.0,Low
5890,Employee 5890,29,7.0,3,91.0,42,8.0,3.0,9.0,Low
5891,Employee 5891,31,8.0,2,94.0,34,7.0,2.0,5.0,Low
5892,Employee 5892,43,9.0,4,99.0,45,7.0,3.0,7.0,Low
5893,Employee 5893,49,5.0,1,54.0,45,5.0,1.0,5.0,Low
5894,Employee 5894,55,7.0,1,54.0,40,6.0,3.0,8.0,Low
5895,Employee 5895,31,8.0,1,73.0,43,6.0,1.0,9.0,Low
5896,Employee 5896,29,5.0,1,97.0,38,6.0,2.0,9.0,Low
5897,Employee 5897,23,7.0,2,84.0,46,6.0,2.0,7.0,Low
5898,Employee 5898,31,9.0,3,50.0,47,8.0,8.0,5.0,Low
5899,Employee 5899,58,9.0,2,60.0,35,6.0,6.0,7.0,Low
5900,Employee 5900,57,5.0,0,75.0,39,5.0,8.0,9.0,Low
5901,Employee 5901,41,9.0,1,63.0,38,8.0,5.0,6.0,Low
5902,Employee 5902,23,8.0,4,63.0,32,7.0,1.0,7.0,Low
5903,Employee 5903,40,9.0,4,97.0,37,9.0,4.0,5.0,Low
5904,Employee 5904,57,5.0,2,66.0,33,7.0,5.0,5.0,Low
5905,Employee 5905,27,7.0,4,75.0,45,7.0,7.0,6.0,Low
5906,Employee 5906,45,5.0,3,66.0,30,9.0,4.0,8.0,Low
5907,Employee 5907,33,7.0,4,68.0,33,5.0,2.0,8.0,Low
5908,Employee 5908,57,6.0,1,72.0,31,6.0,2.0,7.0,Low
5909,Employee 5909,24,5.0,3,93.0,36,8.0,4.0,6.0,Low
5910,Employee 5910,58,6.0,2,78.0,38,5.0,2.0,5.0,Low
5911,Employee 5911,20,7.0,1,90.0,49,5.0,3.0,5.0,Low
5912,Employee 5912,31,8.0,1,93.0,49,9.0,2.0,6.0,Low
5913,Employee 5913,47,7.0,0,84.0,44,7.0,7.0,6.0,Low
5914,Employee 5914,48,5.0,3,88.0,39,7.0,2.0,7.0,Low
5915,Employee 5915,38,8.0,0,97.0,36,9.0,2.0,6.0,Low
5916,Employee 5916,57,5.0,1,84.0,33,7.0,6.0,7.0,Low
5917,Employee 5917,34,8.0,0,54.0,48,5.0,3.0,8.0,Low
5918,Employee 5918,34,5.0,4,73.0,42,7.0,6.0,7.0,Low
5919,Employee 5919,31,6.0,4,50.0,35,8.0,1.0,6.0,Low
5920,Employee 5920,47,7.0,0,50.0,46,8.0,9.0,9.0,Low
5921,Employee 5921,42,8.0,0,94.0,32,9.0,6.0,9.0,Low
5922,Employee 5922,52,5.0,4,91.0,40,7.0,1.0,7.0,Low
5923,Employee 5923,24,9.0,3,61.0,32,8.0,1.0,8.0,Low
5924,Employee 5924,37,9.0,2,84.0,44,8.0,2.0,8.0,Low
5925,Employee 5925,25,5.0,3,51.0,33,7.0,9.0,5.0,Low
5926,Employee 5926,45,9.0,2,66.0,45,9.0,5.0,7.0,Low
5927,Employee 5927,58,9.0,1,93.0,34,7.0,3.0,8.0,Low
5928,Employee 5928,22,7.0,1,71.0,35,7.0,9.0,9.0,Low
5929,Employee 5929,20,7.0,2,82.0,47,9.0,3.0,7.0,Low
5930,Employee 5930,28,9.0,3,79.0,45,6.0,6.0,9.0,Low
5931,Employee 5931,31,9.0,1,98.0,40,5.0,3.0,5.0,Low
5932,Employee 5932,41,7.0,3,85.0,47,7.0,3.0,6.0,Low
5933,Employee 5933,45,5.0,4,91.0,48,9.0,1.0,6.0,Low
5934,Employee 5934,21,7.0,1,61.0,43,9.0,5.0,6.0,Low
5935,Employee 5935,40,8.0,1,61.0,48,5.0,4.0,8.0,Low
5936,Employee 5936,28,5.0,0,84.0,40,8.0,6.0,7.0,Low
5937,Employee 5937,37,7.0,4,84.0,44,6.0,6.0,6.0,Low
5938,Employee 5938,58,8.0,3,70.0,31,7.0,1.0,7.0,Low
5939,Employee 5939,34,5.0,3,89.0,43,9.0,8.0,7.0,Low
5940,Employee 5940,49,9.0,4,86.0,44,5.0,3.0,9.0,Low
5941,Employee 5941,39,7.0,0,94.0,48,7.0,2.0,6.0,Low
5942,Employee 5942,21,9.0,3,54.0,33,9.0,1.0,8.0,Low
5943,Employee 5943,47,5.0,1,92.0,31,9.0,8.0,5.0,Low
5944,Employee 5944,36,5.0,4,64.0,49,6.0,8.0,7.0,Low
5945,Employee 5945,37,6.0,2,70.0,40,5.0,5.0,8.0,Low
5946,Employee 5946,50,5.0,3,96.0,34,7.0,8.0,6.0,Low
5947,Employee 5947,48,9.0,2,60.0,34,7.0,7.0,8.0,Low
5948,Employee 5948,22,6.0,1,63.0,47,8.0,8.0,7.0,Low
5949,Employee 5949,21,8.0,0,55.0,47,5.0,2.0,8.0,Low
5950,Employee 5950,23,6.0,0,84.0,38,5.0,7.0,8.0,Low
5951,Employee 5951,21,9.0,3,78.0,34,7.0,6.0,5.0,Low
5952,Employee 5952,29,7.0,1,56.0,40,7.0,7.0,9.0,Low
5953,Employee 5953,42,9.0,0,86.0,49,8.0,5.0,8.0,Low
5954,Employee 5954,36,8.0,0,65.0,34,7.0,3.0,8.0,Low
5955,Employee 5955,42,5.0,1,81.0,35,9.0,1.0,6.0,Low
5956,Employee 5956,57,8.0,1,88.0,48,5.0,4.0,9.0,Low
5957,Employee 5957,32,6.0,3,63.0,43,5.0,5.0,9.0,Low
5958,Employee 5958,41,7.0,0,83.0,37,5.0,9.0,5.0,Low
5959,Employee 5959,59,6.0,0,80.0,35,7.0,4.0,5.0,Low
5960,Employee 5960,47,6.0,0,60.0,40,6.0,3.0,5.0,Low
5961,Employee 5961,26,6.0,4,61.0,48,5.0,6.0,8.0,Low
5962,Employee 5962,42,8.0,4,63.0,36,8.0,5.0,5.0,Low
5963,Employee 5963,40,9.0,1,80.0,35,8.0,3.0,7.0,Low
5964,Employee 5964,44,5.0,1,58.0,45,7.0,8.0,7.0,Low
5965,Employee 5965,22,7.0,1,55.0,38,5.0,4.0,6.0,Low
5966,Employee 5966,22,6.0,0,59.0,46,5.0,8.0,8.0,Low
5967,Employee 5967,57,6.0,0,81.0,44,8.0,7.0,9.0,Low
5968,Employee 5968,43,5.0,4,56.0,36,9.0,6.0,8.0,Low
5969,Employee 5969,55,9.0,2,62.0,31,7.0,3.0,8.0,Low
5970,Employee 5970,36,8.0,0,86.0,45,9.0,3.0,8.0,Low
5971,Employee 5971,34,5.0,3,78.0,37,6.0,3.0,6.0,Low
5972,Employee 5972,26,9.0,4,73.0,41,6.0,5.0,8.0,Low
5973,Employee 5973,43,5.0,2,76.0,32,7.0,8.0,9.0,Low
5974,Employee 5974,55,6.0,0,64.0,37,8.0,9.0,9.0,Low
5975,Employee 5975,34,7.0,2,93.0,32,8.0,9.0,7.0,Low
5976,Employee 5976,54,8.0,1,76.0,34,8.0,2.0,5.0,Low
5977,Employee 5977,48,7.0,1,86.0,39,7.0,2.0,7.0,Low
5978,Employee 5978,33,5.0,2,51.0,47,6.0,4.0,8.0,Low
5979,Employee 5979,41,9.0,1,60.0,33,6.0,2.0,8.0,Low
5980,Employee 5980,40,6.0,1,87.0,35,9.0,3.0,9.0,Low
5981,Employee 5981,35,9.0,4,50.0,49,7.0,5.0,8.0,Low
5982,Employee 5982,23,6.0,3,75.0,30,5.0,3.0,6.0,Low
5983,Employee 5983,30,8.0,2,76.0,48,9.0,6.0,7.0,Low
5984,Employee 5984,28,6.0,2,76.0,31,6.0,4.0,8.0,Low
5985,Employee 5985,27,8.0,3,58.0,38,9.0,7.0,5.0,Low
5986,Employee 5986,52,5.0,3,58.0,39,6.0,1.0,7.0,Low
5987,Employee 5987,26,8.0,3,84.0,30,8.0,4.0,8.0,Low
5988,Employee 5988,54,8.0,0,80.0,48,6.0,4.0,5.0,Low
5989,Employee 5989,34,6.0,0,65.0,44,6.0,8.0,8.0,Low
5990,Employee 5990,45,6.0,0,87.0,33,7.0,9.0,5.0,Low
5991,Employee 5991,46,9.0,0,56.0,30,6.0,5.0,7.0,Low
5992,Employee 5992,56,5.0,2,93.0,31,5.0,2.0,6.0,Low
5993,Employee 5993,55,9.0,3,63.0,44,8.0,7.0,7.0,Low
5994,Employee 5994,22,7.0,4,51.0,32,8.0,4.0,8.0,Low
5995,Employee 5995,27,6.0,0,53.0,44,7.0,8.0,9.0,Low
5996,Employee 5996,46,7.0,3,53.0,34,7.0,7.0,7.0,Low
5997,Employee 5997,24,5.0,1,58.0,31,7.0,8.0,9.0,Low
5998,Employee 5998,24,9.0,3,86.0,38,7.0,4.0,6.0,Low
5999,Employee 5999,35,8.0,0,86.0,38,6.0,1.0,7.0,Low
6000,Employee 6000,50,5.0,0,65.0,37,9.0,1.0,9.0,Low
6001,Employee 6001,40,7.0,2,74.0,39,7.0,5.0,7.0,Medium
6002,Employee 6002,40,7.0,2,74.0,39,7.0,5.0,7.0,Medium
6003,Employee 6003,40,7.0,2,74.0,39,7.0,5.0,7.0,Medium
6004,Employee 6004,40,7.0,2,74.0,39,7.0,5.0,7.0,Medium
6005,Employee 6005,40,7.0,2,74.0,39,7.0,5.0,7.0,Medium
6006,Employee 6006,40,7.0,2,74.0,40,7.0,5.0,7.0,Medium
6007,Employee 6007,40,7.0,2,74.0,39,7.0,5.0,7.0,Medium
6008,Employee 6008,40,7.0,2,74.0,39,7.0,5.0,7.0,Medium
6009,Employee 6009,40,7.0,2,74.0,39,7.0,5.0,7.0,Medium
6010,Liam Go,40,7.0,12,75.0,39,7.5,5.0,7.0,Medium
6011,Employee 6011,40,7.0,2,75.0,39,7.5,5.0,7.0,Medium
6012,Employee 6012,40,7.0,2,75.0,39,7.5,5.0,7.0,Medium
6013,Employee 6013,40,7.0,2,75.0,39,7.5,5.0,7.0,Medium
6014,John Nikolai Lloren,40,7.0,5,74.0,39,7.0,5.0,7.0,Medium
